,team,conf,barthag,barthag_rk,adj_o,adj_o_rk,adj_d,adj_d_rk,adj_t,adj_t_rk,wab,nc_elite_sos,nc_fut_sos,nc_cur_sos,ov_elite_sos,ov_fut_sos,ov_cur_sos,seed
5961,Houston,B12,0.98204,1,124.752,9,88.0912,1,61.5235,360,11.5141,23,0.5588,0.5588,37,0.7502,0.7611,1
5962,Duke,ACC,0.9809,2,128.534,2,91.2578,4,65.804,267,9.69539,33,0.645,0.645,30,0.6824,0.6933,1
5963,Auburn,SEC,0.975541,3,129.148,1,93.7322,12,67.8693,143,12.5333,35,0.6644,0.6644,44,0.7894,0.8052,1
5964,Florida,SEC,0.971296,4,127.788,3,94.0804,13,69.6139,64,11.1809,14,0.4717,0.4717,37,0.7213,0.73,1
5965,Alabama,SEC,0.962042,5,127.704,4,96.4114,28,74.731,1,9.85187,34,0.7253,0.7253,46,0.8202,0.8291,2
5966,Tennessee,SEC,0.956809,6,119.396,20,91.2002,3,63.9232,336,9.29155,20,0.5105,0.5105,40,0.7431,0.7489,2
5967,Texas Tech,B12,0.953811,7,126.042,6,96.8663,32,65.6493,273,5.77141,12,0.4429,0.4429,35,0.7132,0.7154,3
5968,Iowa St.,B12,0.947657,8,118.941,21,92.4612,8,68.6387,106,5.41433,21,0.5004,0.5004,36,0.7316,0.7334,3
5969,Arizona,B12,0.946177,9,123.916,10,96.5753,30,69.9616,53,5.38773,29,0.5736,0.5736,43,0.7735,0.7763,4
5970,Maryland,B10,0.944718,10,117.869,28,92.0891,6,69.9411,54,4.57258,9,0.3406,0.3406,31,0.6764,0.6748,4
5971,Gonzaga,WCC,0.944069,11,123.347,12,96.4724,29,70.2421,47,2.73583,28,0.6586,0.6586,27,0.6488,0.6412,8
5972,Wisconsin,B10,0.941007,12,122.452,13,96.2446,27,67.5719,163,5.9511,19,0.5004,0.5004,35,0.7284,0.7328,3
5973,Michigan St.,B10,0.940486,13,116.869,35,91.9307,5,67.9603,139,7.87306,18,0.5122,0.5122,34,0.7263,0.7328,2
5974,BYU,B12,0.93686,14,125.467,7,99.2363,53,67.2986,181,4.7551,11,0.3803,0.3803,35,0.7064,0.7006,6
5975,St. John's,BE,0.935755,15,112.661,71,89.2517,2,70.196,50,7.85294,17,0.5303,0.5303,27,0.6832,0.6858,2
5976,Missouri,SEC,0.933994,16,127.081,5,100.928,77,68.2117,124,3.0835,14,0.381,0.381,36,0.6887,0.6846,6
5977,Kentucky,SEC,0.931342,17,123.881,11,98.749,46,70.9682,22,5.58588,26,0.5684,0.5684,43,0.7625,0.7653,3
5978,Louisville,ACC,0.928597,18,118.421,24,94.7432,15,68.9064,92,5.61971,28,0.6243,0.6243,31,0.7066,0.7014,8
5979,Purdue,B10,0.927973,19,125.094,8,100.164,67,65.1416,294,4.27617,33,0.6704,0.6704,38,0.7832,0.7849,4
5980,Clemson,ACC,0.927156,20,118.384,26,94.891,16,64.3609,329,4.91904,21,0.5681,0.5681,26,0.6708,0.6669,5
5981,Kansas,B12,0.926542,21,116.148,43,93.1726,10,68.3942,115,4.12393,32,0.6476,0.6476,42,0.7861,0.7838,7
5982,Texas A&M,SEC,0.923324,22,115.717,49,93.2013,11,66.1816,241,5.18866,27,0.6303,0.6303,39,0.7738,0.7747,4
5983,Illinois,B10,0.922143,23,122.286,15,98.6345,45,71.4312,18,3.37421,30,0.5333,0.5333,39,0.7466,0.7466,6
5984,Saint Mary's,WCC,0.92122,24,115.016,56,92.8738,9,61.8705,359,4.18745,18,0.5772,0.5772,23,0.6069,0.5992,7
5985,UCLA,B10,0.919853,25,117.898,27,95.3555,18,65.1259,295,3.27647,21,0.429,0.429,35,0.6979,0.6932,7
5986,Michigan,B10,0.906585,26,115.156,53,94.5061,14,69.521,65,6.25053,19,0.5919,0.5919,37,0.7731,0.7708,5
5987,Baylor,B12,0.901754,27,120.566,17,99.4274,58,64.7171,313,1.95442,30,0.5504,0.5504,42,0.7576,0.7537,9
5988,Mississippi,SEC,0.899558,28,117.462,31,97.0741,33,68.0766,132,4.82841,24,0.5063,0.5063,41,0.7419,0.7373,6
5989,Georgia,SEC,0.899526,29,116.033,46,95.8967,23,66.4924,223,2.04249,15,0.4287,0.4287,39,0.7071,0.6997,9
5990,VCU,A10,0.897935,30,116.12,44,96.1139,25,66.2091,238,1.03637,12,0.3946,0.3946,17,0.5309,0.5189,11
5991,Marquette,BE,0.897859,31,116.722,38,96.6197,31,67.8167,146,3.64545,33,0.6224,0.6224,34,0.7221,0.7179,7
5992,North Carolina,ACC,0.894358,32,120.068,18,99.7148,63,70.6685,33,1.49506,38,0.671,0.671,36,0.7176,0.7126,11
5993,Mississippi St.,SEC,0.8884,33,118.406,25,98.8621,49,68.0628,133,2.98391,18,0.5231,0.5231,39,0.744,0.7392,8
5994,Creighton,BE,0.88361,34,117.376,32,98.4077,43,67.2338,186,3.05669,25,0.6036,0.6036,32,0.7166,0.7103,9
5995,West Virginia,B12,0.882653,35,110.107,104,92.3873,7,64.278,330,1.47323,24,0.5221,0.5221,38,0.7362,0.7362,NA
5996,Connecticut,BE,0.882253,36,121.63,16,102.09,93,63.8814,340,2.22986,22,0.5097,0.5097,30,0.6837,0.6786,8
5997,Xavier,BE,0.879088,37,116.333,42,97.9006,38,69.1141,79,0.367282,18,0.4908,0.4908,29,0.6732,0.6676,11
5998,Oregon,B10,0.873562,38,115.148,54,97.3342,37,67.7539,151,5.28249,23,0.5797,0.5797,36,0.7539,0.7513,5
5999,Colorado St.,MWC,0.869892,39,116.642,39,98.8785,50,66.1125,244,0.636656,19,0.5523,0.5523,22,0.6192,0.6137,12
6000,Ohio St.,B10,0.862103,40,116.89,34,99.6688,61,67.0983,195,-0.961855,26,0.5504,0.5504,37,0.739,0.739,NA
6001,Vanderbilt,SEC,0.861367,41,118.721,22,101.285,85,69.6644,60,1.51058,10,0.3849,0.3849,37,0.6946,0.6875,10
6002,Arkansas,SEC,0.861235,42,111.974,82,95.5374,21,69.3623,67,1.2737,16,0.457,0.457,37,0.7175,0.7112,10
6003,New Mexico,MWC,0.860369,43,111.557,90,95.2414,17,73.1718,4,2.5476,23,0.5573,0.5573,24,0.6118,0.6031,10
6004,Cincinnati,B12,0.858371,44,111.637,89,95.4472,20,65.3385,287,-1.0491,14,0.4284,0.4284,35,0.7113,0.7135,NA
6005,Santa Clara,WCC,0.857113,45,116.542,41,99.7299,64,68.952,87,-3.42011,17,0.5986,0.5986,21,0.5881,0.5881,NA
6006,Oklahoma,SEC,0.853852,46,117.696,30,100.949,78,68.5244,109,2.12726,18,0.4384,0.4384,40,0.7171,0.7121,9
6007,SMU,ACC,0.853185,47,116.925,33,100.334,69,68.9325,89,-0.272525,12,0.4416,0.4416,23,0.6267,0.6288,NA
6008,UC San Diego,BW,0.851909,48,113.233,67,97.2519,36,65.885,264,0.972296,12,0.3789,0.3789,12,0.4218,0.4075,12
6009,Texas,SEC,0.851363,49,116.753,37,100.313,68,67.3806,178,0.0668468,12,0.4045,0.4045,37,0.7141,0.7093,11
6010,Utah St.,MWC,0.845871,50,122.354,14,105.517,153,67.7199,153,2.04563,17,0.4876,0.4876,23,0.5969,0.5871,10
6011,Boise St.,MWC,0.844268,51,115.143,55,99.4034,56,65.3471,286,-0.124506,18,0.5011,0.5011,23,0.6039,0.6031,NA
6012,Villanova,BE,0.841846,52,118.705,23,102.642,97,63.1932,352,-2.89469,15,0.4225,0.4225,27,0.641,0.6379,NA
6013,Northwestern,B10,0.837488,53,113.255,66,98.2055,42,65.0265,300,-2.65739,12,0.4754,0.4754,33,0.7243,0.7243,NA
6014,Liberty,CUSA,0.836517,54,113.091,68,98.1243,40,65.4654,281,-0.129695,10,0.342,0.342,13,0.4866,0.4752,12
6015,Indiana,B10,0.831281,55,112.488,75,97.9222,39,68.0598,134,0.316029,18,0.538,0.538,34,0.7415,0.7415,NA
6016,Drake,MVC,0.823111,56,112.616,73,98.5227,44,58.699,364,2.33921,13,0.381,0.381,13,0.4742,0.4602,11
6017,Kansas St.,B12,0.822836,57,109.712,111,95.9977,24,67.1256,192,-2.5243,18,0.4894,0.4894,37,0.7343,0.7343,NA
6018,USC,B10,0.811751,58,116.823,36,102.882,104,68.2746,121,-3.85563,13,0.4708,0.4708,32,0.7114,0.7159,NA
6019,San Diego St.,MWC,0.81054,59,108.576,127,95.6842,22,65.8997,259,0.742439,31,0.6339,0.6339,27,0.644,0.644,11
6020,Memphis,Amer,0.805985,60,111.795,86,98.7733,47,70.7402,30,4.90727,39,0.7893,0.7893,24,0.6363,0.6294,5
6021,San Francisco,WCC,0.80438,61,111.007,96,98.1646,41,67.8057,147,0.0104268,14,0.4624,0.4624,22,0.5615,0.5614,NA
6022,McNeese St.,Slnd,0.797368,62,113.517,64,100.769,75,65.3499,285,-0.78203,23,0.5466,0.5466,13,0.4322,0.4172,12
6023,Nebraska,B10,0.796753,63,111.889,85,99.3566,54,67.5513,165,-1.43498,16,0.4461,0.4461,34,0.7069,0.7042,NA
6024,Penn St.,B10,0.795487,64,113.651,63,100.99,80,70.2159,48,-3.69609,9,0.3213,0.3213,30,0.6498,0.6498,NA
6025,Arizona St.,B12,0.789263,65,113.257,65,100.971,79,68.4006,114,-3.09036,31,0.6476,0.6476,42,0.79,0.7897,NA
6026,Iowa,B10,0.786768,66,119.47,19,106.649,179,69.8282,56,-2.44661,14,0.3979,0.3979,34,0.6978,0.6978,NA
6027,Utah,B12,0.78554,67,112.582,74,100.564,73,68.8621,93,-2.9862,12,0.3744,0.3744,34,0.6902,0.6883,NA
6028,George Mason,A10,0.780569,68,106.501,167,95.3741,19,64.7027,315,-0.332141,16,0.3725,0.3725,18,0.5048,0.5048,NA
6029,Rutgers,B10,0.776895,69,115.791,48,103.886,119,68.6946,102,-3.62106,18,0.4552,0.4552,35,0.7148,0.7148,NA
6030,UCF,B12,0.774106,70,115.451,51,103.726,114,71.8256,12,-1.98884,15,0.4963,0.4963,35,0.7303,0.7314,NA
6031,Wake Forest,ACC,0.773217,71,108.012,139,97.0851,34,67.238,185,0.763116,27,0.4859,0.4859,31,0.6483,0.6483,NA
6032,Stanford,ACC,0.769022,72,112.803,69,101.601,89,66.0586,247,-2.55263,14,0.4513,0.4513,25,0.623,0.623,NA
6033,Pittsburgh,ACC,0.767975,73,114.008,61,102.739,100,66.5069,222,-3.64698,24,0.5822,0.5822,29,0.6774,0.6774,NA
6034,North Texas,Amer,0.76224,74,109.313,115,98.7812,48,60.4496,362,-1.80458,16,0.4496,0.4496,14,0.4936,0.4936,NA
6035,TCU,B12,0.759272,75,106.321,178,96.2145,26,66.521,221,-1.71574,22,0.5686,0.5686,38,0.7526,0.7526,NA
6036,South Carolina,SEC,0.757931,76,109.874,107,99.4927,59,65.4359,282,-5.59545,15,0.4737,0.4737,38,0.7273,0.7273,NA
6037,Butler,BE,0.752742,77,116.078,45,105.367,149,67.3678,179,-6.05689,26,0.5671,0.5671,32,0.704,0.7015,NA
6038,Dayton,A10,0.751499,78,115.196,52,104.627,134,65.8376,266,-1.54962,22,0.5564,0.5564,21,0.5937,0.5937,NA
6039,Yale,Ivy,0.746244,79,114.01,60,103.803,116,67.3081,180,-2.65296,15,0.4308,0.4308,13,0.4277,0.4106,13
6040,Colorado,B12,0.741447,80,108.545,130,99.0433,52,67.626,158,-4.45002,21,0.504,0.504,39,0.7485,0.7458,NA
6041,UC Irvine,BW,0.735201,81,106.248,179,97.2205,35,68.7595,98,0.0939381,16,0.5252,0.5252,13,0.4697,0.4673,NA
6042,Saint Joseph's,A10,0.731455,82,109.771,109,100.612,74,68.1409,130,-4.75198,14,0.427,0.427,16,0.5289,0.5289,NA
6043,Grand Canyon,WAC,0.729261,83,108.562,129,99.5995,60,71.5615,15,-2.45391,12,0.4128,0.4128,12,0.4252,0.4095,13
6044,LSU,SEC,0.727858,84,108.576,128,99.6735,62,68.148,128,-3.98729,13,0.4032,0.4032,37,0.6963,0.6963,NA
6045,High Point,BSth,0.726826,85,117.777,29,108.169,210,66.5678,218,-1.78258,6,0.3307,0.3307,8,0.359,0.3423,13
6046,Oklahoma St.,B12,0.713108,86,108.282,136,100.039,66,71.4639,17,-3.48647,11,0.4492,0.4492,35,0.7131,0.7131,NA
6047,Minnesota,B10,0.712543,87,109.936,106,101.592,87,62.7174,357,-4.44614,9,0.4165,0.4165,32,0.7051,0.7051,NA
6048,Arkansas St.,SB,0.711695,88,110.871,97,102.493,95,69.8323,55,-4.49603,18,0.4671,0.4671,12,0.4292,0.4292,NA
6049,Nevada,MWC,0.697985,89,111.969,83,104.103,123,63.8661,341,-6.60604,18,0.5782,0.5782,22,0.6142,0.6142,NA
6050,Oregon St.,WCC,0.69387,90,116.033,47,108.064,208,63.8081,343,-4.36799,11,0.3908,0.3908,19,0.5143,0.5062,NA
6051,Florida St.,ACC,0.692833,91,107.901,141,100.533,71,69.6971,59,-5.02668,14,0.4472,0.4472,25,0.629,0.629,NA
6052,UNLV,MWC,0.691426,92,106.645,164,99.4196,57,65.7674,268,-5.24441,21,0.59,0.59,23,0.6159,0.6159,NA
6053,Georgetown,BE,0.689919,93,107.16,155,99.9611,65,68.2676,122,-4.63878,10,0.3135,0.3135,26,0.6116,0.6103,NA
6054,Virginia,ACC,0.681752,94,111.657,88,104.5,130,61.0327,361,-5.50507,26,0.5112,0.5112,30,0.6539,0.6539,NA
6055,Akron,MAC,0.678647,95,113.953,62,106.781,182,71.2629,19,-1.68022,14,0.4328,0.4328,11,0.3924,0.3761,13
6056,Notre Dame,ACC,0.677868,96,110.597,99,103.668,110,64.7046,314,-6.9129,25,0.5089,0.5089,27,0.6465,0.6465,NA
6057,Bradley,MVC,0.677274,97,111.201,92,104.26,127,65.7605,269,-1.96032,12,0.4205,0.4205,13,0.4906,0.4884,NA
6058,UAB,Amer,0.675904,98,116.561,40,109.344,238,69.1546,75,-6.15169,7,0.3221,0.3221,13,0.4782,0.4782,NA
6059,Lipscomb,ASun,0.672512,99,110.816,98,104.094,122,66.1822,240,-4.09237,18,0.4702,0.4702,13,0.3942,0.3779,14
6060,Loyola Chicago,A10,0.671874,100,107.703,145,101.196,84,66.9605,207,-4.67481,6,0.3002,0.3002,14,0.4961,0.4935,NA
6061,Georgia Tech,ACC,0.671668,101,107.011,160,100.554,72,68.8152,95,-5.02568,15,0.3992,0.3992,27,0.6162,0.6162,NA
6062,St. Bonaventure,A10,0.671365,102,105.759,193,99.3892,55,64.5033,322,-4.1067,10,0.3741,0.3741,16,0.5118,0.5118,NA
6063,Troy,SB,0.670404,103,106.895,161,100.495,70,66.225,237,-4.32888,21,0.4253,0.4253,15,0.4229,0.4075,14
6064,New Mexico St.,CUSA,0.661826,104,104.892,206,98.9428,51,64.8099,309,-8.28792,16,0.4023,0.4023,16,0.5035,0.5035,NA
6065,Providence,BE,0.656193,105,111.168,93,105.092,144,66.2613,235,-8.51227,17,0.4988,0.4988,29,0.6797,0.6797,NA
6066,Washington St.,WCC,0.652876,106,112.743,70,106.717,180,70.7207,31,-4.8014,17,0.5563,0.5563,22,0.5876,0.5845,NA
6067,Syracuse,ACC,0.650384,107,111.067,94,105.231,147,68.1827,126,-7.6438,26,0.5475,0.5475,28,0.6626,0.6626,NA
6068,UNC Wilmington,CAA,0.640931,108,112.367,77,106.846,185,65.2317,291,-3.20947,10,0.3389,0.3389,10,0.3813,0.3645,14
6069,Utah Valley,WAC,0.638005,109,107.056,158,101.908,92,67.9606,138,-3.04747,12,0.4236,0.4236,12,0.4326,0.42,NA
6070,DePaul,BE,0.63685,110,109.355,114,104.142,124,67.1184,194,-7.48376,14,0.3584,0.3584,29,0.6448,0.6383,NA
6071,North Alabama,ASun,0.636264,111,112.066,80,106.748,181,66.5931,216,-5.66325,13,0.3527,0.3527,10,0.3568,0.3455,NA
6072,North Carolina St.,ACC,0.635211,112,107.811,144,102.735,98,65.2437,290,-8.77574,21,0.4424,0.4424,27,0.6298,0.6298,NA
6073,St. Thomas,Sum,0.631964,113,114.114,59,108.874,229,67.8846,142,-5.21753,12,0.3815,0.3815,10,0.4008,0.4008,NA
6074,Florida Atlantic,Amer,0.630331,114,112.449,76,107.351,192,69.0049,83,-7.81641,20,0.5361,0.5361,17,0.5349,0.5349,NA
6075,Northern Iowa,MVC,0.629714,115,108.658,126,103.755,115,65.0474,299,-6.56433,11,0.4569,0.4569,14,0.5037,0.4917,NA
6076,George Washington,A10,0.629092,116,107.652,146,102.819,103,66.884,209,-6.54692,6,0.2623,0.2623,13,0.4605,0.4489,NA
6077,Middle Tennessee,CUSA,0.62592,117,108.706,124,103.947,120,68.3352,118,-4.03459,16,0.4689,0.4689,16,0.5336,0.5336,NA
6078,Kent St.,MAC,0.623021,118,105.919,189,101.391,86,66.074,245,-5.80466,20,0.4427,0.4427,13,0.4067,0.4067,NA
6079,Washington,B10,0.622882,119,109.272,116,104.606,132,67.7449,152,-5.57043,13,0.4064,0.4064,33,0.6973,0.6973,NA
6080,Northern Colorado,BSky,0.622686,120,111.763,87,106.999,187,68.7733,97,-4.1459,17,0.4207,0.4207,12,0.3936,0.3819,NA
6081,Jacksonville St.,CUSA,0.61655,121,108.966,121,104.557,131,64.794,310,-5.2784,12,0.3681,0.3681,15,0.504,0.504,NA
6082,California,ACC,0.61374,122,110.07,105,105.726,161,67.5797,162,-7.97296,21,0.4859,0.4859,28,0.6374,0.6374,NA
6083,Saint Louis,A10,0.613655,123,108.911,122,104.616,133,67.4057,176,-6.45108,14,0.4214,0.4214,18,0.5528,0.5528,NA
6084,Kennesaw St.,CUSA,0.608298,124,107.354,153,103.322,108,70.1995,49,-7.02408,13,0.4324,0.4324,16,0.5303,0.5303,NA
6085,North Dakota St.,Sum,0.606619,125,115.537,50,111.266,273,65.0857,297,-6.41422,12,0.3855,0.3855,11,0.4024,0.4024,NA
6086,Cornell,Ivy,0.597,126,114.74,57,110.885,266,70.7961,27,-7.19895,8,0.3601,0.3601,9,0.3965,0.3965,NA
6087,Duquesne,A10,0.595827,127,106.438,172,102.906,105,65.1059,296,-12.9083,8,0.4047,0.4047,14,0.5253,0.5253,NA
6088,Nebraska Omaha,Sum,0.593706,128,112.187,78,108.547,220,67.7948,148,-6.51543,16,0.4181,0.4181,14,0.4377,0.4231,15
6089,Belmont,MVC,0.587363,129,111.936,84,108.552,221,70.6905,32,-5.41248,9,0.4232,0.4232,12,0.4832,0.4832,NA
6090,South Dakota St.,Sum,0.583437,130,109.742,110,106.574,178,69.111,81,-6.23636,19,0.4631,0.4631,14,0.4397,0.4397,NA
6091,Illinois St.,MVC,0.583128,131,112.112,79,108.887,231,65.6531,272,-8.16883,12,0.4419,0.4419,13,0.4839,0.4891,NA
6092,Louisiana Tech,CUSA,0.581244,132,107.922,140,104.888,138,64.4522,326,-6.24603,9,0.3429,0.3429,13,0.4849,0.4849,NA
6093,South Alabama,SB,0.578651,133,106.395,173,103.5,109,63.1409,354,-6.36183,13,0.3703,0.3703,11,0.3834,0.3834,NA
6094,Chattanooga,SC,0.576435,134,114.225,58,111.205,270,66.6086,215,-4.11148,17,0.4132,0.4132,12,0.3936,0.3936,NA
6095,Montana,BSky,0.574859,135,112.019,81,109.118,237,67.086,196,-3.09263,24,0.4913,0.4913,15,0.4273,0.4122,14
6096,Cal St. Northridge,BW,0.561434,136,107.495,149,105.211,146,72.2277,10,-5.01411,11,0.328,0.328,13,0.4114,0.4114,NA
6097,Tulane,Amer,0.560009,137,108.477,131,106.225,169,66.7585,212,-8.66011,9,0.3193,0.3193,13,0.4541,0.4432,NA
6098,Seattle,WAC,0.557821,138,103.103,235,101.041,81,65.9915,252,-12.0418,20,0.5071,0.5071,14,0.4605,0.4605,NA
6099,UTEP,CUSA,0.557128,139,105.978,187,103.884,118,68.5074,110,-8.2255,13,0.3871,0.3871,16,0.5111,0.5111,NA
6100,Wichita St.,Amer,0.556891,140,106.248,180,104.157,125,68.7419,100,-7.33394,16,0.4902,0.4902,16,0.523,0.523,NA
6101,Furman,SC,0.549998,141,109.23,118,107.34,191,65.9014,257,-4.45218,12,0.3794,0.3794,11,0.399,0.399,NA
6102,Virginia Tech,ACC,0.548471,142,106.565,165,104.778,137,65.1691,293,-9.10531,16,0.4869,0.4869,25,0.6404,0.6404,NA
6103,Davidson,A10,0.547172,143,109.245,117,107.462,193,65.7584,270,-9.17694,15,0.3776,0.3776,16,0.4966,0.4966,NA
6104,Miami OH,MAC,0.545446,144,108.048,137,106.349,173,68.9105,91,-4.43072,13,0.3666,0.3666,10,0.364,0.364,NA
6105,Wofford,SC,0.543657,145,111.463,91,109.779,248,64.0248,335,-9.71828,18,0.4793,0.4793,13,0.428,0.4124,15
6106,Samford,SC,0.54257,146,110.577,100,108.948,233,70.8767,23,-4.89997,19,0.4234,0.4234,13,0.4077,0.4077,NA
6107,Loyola Marymount,WCC,0.527343,147,104.248,215,103.261,107,67.1215,193,-6.92788,13,0.4641,0.4641,20,0.5412,0.5412,NA
6108,Robert Morris,Horz,0.526026,148,106.004,185,105.048,143,67.9997,136,-4.25709,11,0.3224,0.3224,10,0.359,0.3412,15
6109,Texas A&M Corpus Chris,Slnd,0.524272,149,105.929,188,105.038,142,67.4965,170,-8.46911,22,0.36,0.36,13,0.3676,0.3676,NA
6110,UC Santa Barbara,BW,0.52138,150,108.449,132,107.645,197,65.3102,288,-8.04142,6,0.2819,0.2819,11,0.3978,0.3978,NA
6111,Sam Houston St.,CUSA,0.518045,151,110.574,101,109.881,251,67.8294,145,-11.581,19,0.4537,0.4537,18,0.5316,0.5316,NA
6112,Radford,BSth,0.51239,152,109.849,108,109.376,240,62.9884,356,-7.29198,19,0.4342,0.4342,13,0.4052,0.4052,NA
6113,Bryant,AE,0.511655,153,105.838,191,105.41,151,72.429,7,-7.08458,15,0.4208,0.4208,10,0.3326,0.3148,15
6114,James Madison,SB,0.509852,154,110.279,103,109.902,253,65.0021,302,-7.30672,14,0.4808,0.4808,11,0.4308,0.4308,NA
6115,Western Kentucky,CUSA,0.509221,155,103.341,229,103.01,106,71.857,11,-8.08438,17,0.4594,0.4594,17,0.5263,0.5263,NA
6116,San Jose St.,MWC,0.507479,156,106.653,163,106.376,175,66.2975,234,-10.4582,9,0.3515,0.3515,19,0.5494,0.5479,NA
6117,Cal Baptist,WAC,0.506118,157,104.946,204,104.723,135,65.8865,263,-9.6094,15,0.4987,0.4987,13,0.4575,0.4575,NA
6118,Temple,Amer,0.502192,158,110.554,102,110.469,259,68.7913,96,-9.57816,10,0.4137,0.4137,12,0.4746,0.4746,NA
6119,College of Charleston,CAA,0.497989,159,105.265,199,105.339,148,70.3271,46,-4.58488,12,0.4606,0.4606,10,0.4172,0.4172,NA
6120,Murray St.,MVC,0.497961,160,104.814,209,104.888,139,64.7648,312,-10.623,14,0.4706,0.4706,14,0.507,0.507,NA
6121,Appalachian St.,SB,0.495067,161,100.726,278,100.899,76,63.2271,351,-9.36177,17,0.472,0.472,11,0.3995,0.3995,NA
6122,Milwaukee,Horz,0.495022,162,106.166,182,106.35,174,68.7461,99,-6.99268,13,0.4507,0.4507,9,0.3844,0.3844,NA
6123,Rhode Island,A10,0.494625,163,107.645,147,107.846,203,70.4471,39,-7.81676,6,0.3276,0.3276,12,0.4733,0.4733,NA
6124,UC Riverside,BW,0.488314,164,109.597,112,110.044,255,67.0698,199,-4.79288,27,0.5362,0.5362,18,0.4865,0.4865,NA
6125,Marshall,SB,0.482968,165,105.852,190,106.481,177,68.6902,104,-8.65386,12,0.3471,0.3471,10,0.3799,0.3799,NA
6126,Towson,CAA,0.48221,166,106.155,183,106.814,183,63.6007,348,-5.86556,18,0.5135,0.5135,12,0.4273,0.4273,NA
6127,Nicholls St.,Slnd,0.481214,167,105.537,194,106.229,170,68.1979,125,-7.50094,21,0.4494,0.4494,13,0.4029,0.4029,NA
6128,Florida Gulf Coast,ASun,0.481188,168,107.483,151,108.189,211,65.2833,289,-9.21235,18,0.5195,0.5195,11,0.4017,0.4017,NA
6129,Winthrop,BSth,0.480948,169,107.493,150,108.208,212,72.7014,6,-6.16267,14,0.349,0.349,11,0.3697,0.3697,NA
6130,East Tennessee St.,SC,0.479679,170,104.823,208,105.567,155,65.08,298,-9.25315,8,0.3465,0.3465,8,0.367,0.367,NA
6131,UNC Greensboro,SC,0.474499,171,105.331,196,106.271,172,63.7607,345,-7.66684,13,0.3892,0.3892,10,0.3737,0.3737,NA
6132,Lamar,Slnd,0.472483,172,101.332,267,102.308,94,65.3705,284,-7.3867,20,0.4072,0.4072,13,0.4081,0.4081,NA
6133,Boston College,ACC,0.471848,173,105.222,200,106.259,171,66.7694,211,-9.81545,12,0.3988,0.3988,23,0.6113,0.6113,NA
6134,Cleveland St.,Horz,0.471577,174,102.651,241,103.672,111,65.5863,278,-7.72427,16,0.3651,0.3651,10,0.3544,0.3544,NA
6135,Fort Wayne,Horz,0.465285,175,107.565,148,108.874,230,69.6634,61,-8.53887,17,0.3998,0.3998,11,0.3719,0.3719,NA
6136,Eastern Kentucky,ASun,0.465073,176,109.524,113,110.865,265,67.6554,157,-8.62031,21,0.4693,0.4693,13,0.3971,0.3971,NA
6137,Dartmouth,Ivy,0.464297,177,100.559,282,101.818,91,70.8458,25,-10.6025,7,0.2832,0.2832,9,0.3624,0.3624,NA
6138,Rice,Amer,0.459771,178,106.45,168,107.954,205,65.4716,280,-14.0972,7,0.3114,0.3114,11,0.4377,0.4377,NA
6139,Southern Illinois,MVC,0.457643,179,106.17,181,107.75,201,67.9467,140,-12.8847,17,0.4469,0.4469,14,0.4914,0.4914,NA
6140,Ohio,MAC,0.45578,180,106.661,162,108.319,215,70.3792,42,-11.6964,11,0.4234,0.4234,10,0.4019,0.4019,NA
6141,UTSA,Amer,0.451163,181,107.056,159,108.896,232,69.7777,57,-12.7514,18,0.4278,0.4278,15,0.4893,0.4893,NA
6142,Miami FL,ACC,0.450996,182,112.64,72,114.583,324,67.5076,169,-13.4611,19,0.4752,0.4752,28,0.6428,0.6428,NA
6143,East Carolina,Amer,0.450792,183,106.445,170,108.288,214,66.5606,220,-8.87342,8,0.3499,0.3499,11,0.4538,0.4538,NA
6144,Drexel,CAA,0.449586,184,103.775,220,105.617,157,63.001,355,-11.6834,7,0.3289,0.3289,7,0.3608,0.3608,NA
6145,Cal Poly,BW,0.446567,185,108.746,123,110.794,263,74.524,3,-11.6466,23,0.545,0.545,16,0.484,0.484,NA
6146,South Carolina St.,MEAC,0.446474,186,102.55,242,104.485,129,69.2086,72,-9.16012,15,0.3823,0.3823,9,0.2851,0.2851,NA
6147,Portland St.,BSky,0.444684,187,100.848,275,102.815,102,68.2517,123,-9.32251,9,0.3438,0.3438,8,0.3563,0.3563,NA
6148,Montana St.,BSky,0.442954,188,104.731,210,106.839,184,65.9786,254,-12.0438,23,0.5374,0.5374,14,0.443,0.443,NA
6149,Jacksonville,ASun,0.433597,189,101.303,268,103.684,112,67.4215,174,-7.47406,23,0.4994,0.4994,14,0.4083,0.4083,NA
6150,Illinois Chicago,MVC,0.43216,190,105.436,195,107.969,207,69.1293,78,-8.3681,11,0.3921,0.3921,13,0.4741,0.4741,NA
6151,Queens,ASun,0.43147,191,106,186,108.573,224,68.5045,111,-8.56681,18,0.4075,0.4075,13,0.3835,0.3851,NA
6152,Oakland,Horz,0.431307,192,106.369,175,108.958,234,63.6542,346,-11.1302,34,0.6369,0.6369,16,0.451,0.451,NA
6153,Wyoming,MWC,0.430015,193,102.978,238,105.532,154,64.5861,318,-11.0377,17,0.4037,0.4037,22,0.5693,0.5693,NA
6154,Central Connecticut,NEC,0.429747,194,99.128,306,101.597,88,65.6107,276,-4.64459,9,0.3432,0.3432,5,0.2383,0.2383,NA
6155,Norfolk St.,MEAC,0.427326,195,106.331,177,109.072,236,66.408,226,-5.29906,19,0.4341,0.4341,13,0.3337,0.3149,16
6156,Merrimack,MAAC,0.422512,196,98.482,314,101.195,83,64.5161,321,-9.83698,28,0.6016,0.6016,12,0.3734,0.3734,NA
6157,Southeast Missouri St.,OVC,0.42069,197,101.592,264,104.458,128,68.9194,90,-8.69182,14,0.3862,0.3862,7,0.2966,0.2966,NA
6158,Northeastern,CAA,0.418879,198,103.993,217,106.996,186,67.5301,167,-11.0938,10,0.3859,0.3859,9,0.3845,0.3845,NA
6159,Abilene Christian,WAC,0.416447,199,98.1843,317,101.107,82,69.2011,73,-10.4184,17,0.4095,0.4095,13,0.4237,0.4237,NA
6160,Pepperdine,WCC,0.415601,200,106.439,171,109.641,246,69.1114,80,-12.413,16,0.3991,0.3991,22,0.5353,0.5353,NA
6161,Brown,Ivy,0.413974,201,102.445,244,105.589,156,65.8452,265,-8.64152,15,0.3602,0.3602,13,0.3944,0.3944,NA
6162,South Florida,Amer,0.410181,202,102.348,247,105.632,159,68.3422,117,-12.4977,16,0.3853,0.3853,16,0.49,0.49,NA
6163,Indiana St.,MVC,0.404276,203,108.437,133,112.155,292,72.409,8,-12.4408,11,0.339,0.339,13,0.463,0.463,NA
6164,Hampton,CAA,0.401117,204,103.4,227,107.067,189,65.5869,277,-11.5342,11,0.3693,0.3693,10,0.3907,0.3907,NA
6165,Texas St.,SB,0.400083,205,108.328,135,112.212,293,66.0391,250,-11.5215,11,0.3993,0.3993,10,0.4012,0.4012,NA
6166,Princeton,Ivy,0.396241,206,103.362,228,107.217,190,66.7326,213,-6.31535,11,0.4403,0.4403,11,0.4451,0.4451,NA
6167,Missouri St.,MVC,0.395964,207,101.835,260,105.644,160,63.8629,342,-17.2765,12,0.417,0.417,13,0.4853,0.4853,NA
6168,Southeastern Louisiana,Slnd,0.395139,208,104.221,216,108.152,209,67.0349,203,-9.57059,13,0.3703,0.3703,10,0.375,0.375,NA
6169,Quinnipiac,MAAC,0.393799,209,101.963,255,105.86,165,71.5757,14,-9.27271,16,0.4112,0.4112,9,0.3207,0.3207,NA
6170,Idaho St.,BSky,0.393354,210,105.832,192,109.895,252,65.9164,256,-10.5538,17,0.382,0.382,11,0.3786,0.3786,NA
6171,Youngstown St.,Horz,0.390535,211,102.403,246,106.444,176,69.2564,71,-9.15566,10,0.2993,0.2993,8,0.349,0.349,NA
6172,La Salle,A10,0.388456,212,103.339,230,107.498,194,68.7288,101,-11.68,14,0.4313,0.4313,17,0.5263,0.5263,NA
6173,Massachusetts,A10,0.383449,213,101.6,263,105.884,166,70.4427,41,-13.4681,12,0.406,0.406,16,0.509,0.509,NA
6174,Central Michigan,MAC,0.383243,214,104.915,205,109.347,239,67.2608,183,-11.4256,23,0.456,0.456,14,0.3921,0.3921,NA
6175,Bucknell,Pat,0.382476,215,103.404,226,107.803,202,67.5391,166,-10.3532,24,0.4974,0.4974,11,0.3301,0.3301,NA
6176,Southern,SWAC,0.382268,216,98.6023,312,102.804,101,68.451,113,-7.24312,26,0.5142,0.5142,12,0.31,0.31,NA
6177,SIU Edwardsville,OVC,0.382098,217,101.43,266,105.76,163,65.9006,258,-7.78192,14,0.3066,0.3066,10,0.2957,0.2749,16
6178,Valparaiso,MVC,0.381169,218,105.277,197,109.808,250,67.9913,137,-12.9093,13,0.3508,0.3508,13,0.4695,0.4695,NA
6179,Wright St.,Horz,0.380653,219,108.702,125,113.402,311,67.4045,177,-13.753,14,0.3984,0.3984,10,0.3739,0.3739,NA
6180,Seton Hall,BE,0.380613,220,97.4596,328,101.675,90,64.4525,325,-13.1689,16,0.4685,0.4685,30,0.689,0.689,NA
6181,William & Mary,CAA,0.378034,221,106.529,166,111.243,271,71.4882,16,-10.6356,13,0.3838,0.3838,10,0.3927,0.3927,NA
6182,Fordham,A10,0.377444,222,106.369,176,111.1,268,69.6336,62,-14.0491,14,0.3964,0.3964,16,0.5164,0.5164,NA
6183,Campbell,CAA,0.37191,223,101.297,269,106.019,167,65.8965,261,-12.6475,14,0.3323,0.3323,10,0.3645,0.3645,NA
6184,Northwestern St.,Slnd,0.369359,224,102.138,248,107.001,188,63.8997,338,-9.68184,27,0.5401,0.5401,15,0.4448,0.4448,NA
6185,Richmond,A10,0.368903,225,103.588,224,108.539,219,63.8937,339,-14.9606,12,0.3598,0.3598,17,0.5171,0.5171,NA
6186,Hofstra,CAA,0.368216,226,97.8892,322,102.594,96,63.6517,347,-13.4062,16,0.4361,0.4361,11,0.3896,0.3896,NA
6187,UNC Asheville,BSth,0.367187,227,107.125,157,112.318,295,67.8969,141,-6.46658,14,0.337,0.337,11,0.3594,0.3594,NA
6188,Elon,CAA,0.364616,228,106.133,184,111.385,274,65.0204,301,-10.9791,12,0.3737,0.3737,9,0.3687,0.3743,NA
6189,Longwood,BSth,0.362083,229,105.047,203,110.35,257,69.0089,82,-9.7452,11,0.3349,0.3349,10,0.363,0.363,NA
6190,Tennessee St.,OVC,0.361332,230,103.028,237,108.26,213,70.5563,36,-12.9857,12,0.338,0.338,7,0.2801,0.2801,NA
6191,UMKC,Sum,0.360756,231,100.496,287,105.622,158,64.4424,327,-14.7682,14,0.3577,0.3577,12,0.4062,0.4062,NA
6192,Vermont,AE,0.360315,232,99.6324,298,104.732,136,62.6443,358,-8.11291,15,0.4046,0.4046,9,0.3171,0.3171,NA
6193,Delaware,CAA,0.358509,233,108.988,120,114.645,325,70.3401,45,-15.102,13,0.3872,0.3872,10,0.3979,0.3979,NA
6194,UT Rio Grande Valley,Slnd,0.358164,234,104.588,211,110.03,254,70.5842,35,-10.1726,17,0.307,0.307,12,0.3639,0.3639,NA
6195,Maine,AE,0.357788,235,99.088,307,104.259,126,66.0025,251,-10.274,12,0.3309,0.3309,8,0.3016,0.3016,NA
6196,South Dakota,Sum,0.351807,236,108.408,134,114.324,319,74.5292,2,-8.92557,12,0.3317,0.3317,12,0.4066,0.4066,NA
6197,Hawaii,BW,0.348873,237,101.963,256,107.649,198,65.8868,262,-11.1046,10,0.3878,0.3878,12,0.4294,0.4294,NA
6198,UT Arlington,WAC,0.345921,238,106.446,169,112.509,301,67.6062,160,-12.8103,14,0.4065,0.4065,13,0.4328,0.4328,NA
6199,Harvard,Ivy,0.34576,239,102.031,253,107.849,204,65.7173,271,-10.8185,13,0.3745,0.3745,12,0.4062,0.4062,NA
6200,Iona,MAAC,0.34183,240,99.5458,301,105.382,150,68.2929,120,-13.7964,12,0.4236,0.4236,7,0.3209,0.3209,NA
6201,Tulsa,Amer,0.341119,241,101.96,258,107.967,206,66.3292,231,-14.5171,7,0.2984,0.2984,12,0.4506,0.4506,NA
6202,Georgia St.,SB,0.338988,242,107.388,152,113.809,317,69.1618,74,-13.1471,21,0.4336,0.4336,14,0.4151,0.4151,NA
6203,North Dakota,Sum,0.336847,243,107.896,142,114.442,322,68.9657,86,-15.1426,16,0.4325,0.4325,13,0.4538,0.4538,NA
6204,Georgia Southern,SB,0.335029,244,103.144,234,109.479,242,69.6319,63,-11.2732,15,0.4028,0.4028,11,0.3796,0.3796,NA
6205,Incarnate Word,Slnd,0.333251,245,105.272,198,111.816,285,64.1552,331,-11.8543,13,0.2593,0.2593,10,0.3294,0.33,NA
6206,Sacred Heart,MAAC,0.333091,246,105.146,201,111.69,281,70.3643,43,-14.6553,13,0.3809,0.3809,7,0.3101,0.3101,NA
6207,Northern Arizona,BSky,0.328348,247,103.714,222,110.373,258,66.7142,214,-11.4964,7,0.2563,0.2563,8,0.3365,0.3336,NA
6208,Northern Kentucky,Horz,0.324756,248,102.714,240,109.465,241,65.98,253,-11.2236,18,0.4618,0.4618,11,0.395,0.395,NA
6209,UC Davis,BW,0.323302,249,97.2363,331,103.687,113,67.1906,191,-11.3185,15,0.4259,0.4259,13,0.4446,0.4446,NA
6210,Toledo,MAC,0.322531,250,111.054,95,118.458,355,68.3726,116,-8.92762,23,0.5023,0.5023,14,0.4389,0.4389,NA
6211,Portland,WCC,0.321409,251,106.378,174,113.52,312,68.3351,119,-12.6661,10,0.345,0.345,18,0.4956,0.4956,NA
6212,American,Pat,0.317671,252,101.578,265,108.56,222,63.5731,349,-8.26051,16,0.4349,0.4349,8,0.3075,0.3075,16
6213,Idaho,BSky,0.316762,253,107.884,143,115.342,335,66.3835,227,-14.06,16,0.4251,0.4251,11,0.4064,0.4064,NA
6214,Little Rock,OVC,0.316217,254,98.145,320,104.953,140,66.8165,210,-10.0423,19,0.4178,0.4178,9,0.3136,0.3136,NA
6215,Presbyterian,BSth,0.313189,255,103.241,231,110.537,262,64.3716,328,-13.8513,10,0.3546,0.3546,10,0.3825,0.3763,NA
6216,Mount St. Mary's,MAAC,0.31088,256,100.531,286,107.736,200,67.4559,172,-8.08281,17,0.4162,0.4162,11,0.3369,0.3185,16
6217,Manhattan,MAAC,0.310214,257,107.34,154,115.064,331,67.5097,168,-9.9945,14,0.3417,0.3417,8,0.2972,0.296,NA
6218,Jackson St.,SWAC,0.307879,258,100.297,289,107.616,196,68.5037,112,-10.5988,43,0.7796,0.7796,18,0.4049,0.4049,NA
6219,Cal St. Bakersfield,BW,0.302617,259,105.13,202,113.046,306,66.0596,246,-13.955,9,0.3655,0.3655,11,0.4255,0.4255,NA
6220,Monmouth,CAA,0.302394,260,103.926,219,111.762,284,67.2172,188,-14.4708,22,0.4899,0.4899,13,0.4267,0.4267,NA
6221,Evansville,MVC,0.298847,261,98.1728,318,105.73,162,66.9623,206,-15.0318,15,0.4517,0.4517,14,0.4969,0.4969,NA
6222,Charlotte,Amer,0.298477,262,104.277,214,112.321,296,64.8375,308,-16.406,10,0.3709,0.3709,12,0.4746,0.4746,NA
6223,FIU,CUSA,0.294769,263,96.2568,338,103.842,117,68.5379,108,-17.2425,6,0.2886,0.2886,13,0.481,0.481,NA
6224,Fresno St.,MWC,0.294111,264,100.576,280,108.531,218,70.8305,26,-16.6131,18,0.4526,0.4526,23,0.6005,0.6005,NA
6225,UMass Lowell,AE,0.291325,265,107.146,156,115.758,337,68.693,103,-11.6086,11,0.3348,0.3348,8,0.3007,0.3007,NA
6226,North Florida,ASun,0.288151,266,108.013,138,116.85,349,72.2846,9,-11.3858,23,0.4955,0.4955,14,0.4049,0.4049,NA
6227,Houston Christian,Slnd,0.287933,267,100.427,288,108.654,226,64.6388,317,-14.6727,23,0.4658,0.4658,13,0.4047,0.4047,NA
6228,Gardner Webb,BSth,0.287348,268,102.414,245,110.831,264,69.1396,77,-14.928,17,0.4617,0.4617,12,0.424,0.424,NA
6229,Eastern Michigan,MAC,0.28658,269,104.528,212,113.156,307,67.2169,189,-12.124,9,0.3681,0.3681,9,0.3805,0.3805,NA
6230,Siena,MAAC,0.286439,270,102.08,251,110.512,260,67.0538,201,-14.5178,14,0.4707,0.4707,8,0.3408,0.3408,NA
6231,Ball St.,MAC,0.28262,271,103.593,223,112.333,297,66.4265,225,-13.6706,7,0.2708,0.2708,8,0.3258,0.3258,NA
6232,Denver,Sum,0.281555,272,100.007,295,108.495,216,66.4738,224,-15.89,13,0.3804,0.3804,12,0.4287,0.4287,NA
6233,Colgate,Pat,0.274199,273,103.977,218,113.162,308,67.0849,197,-14.9166,17,0.5086,0.5086,9,0.3468,0.3468,NA
6234,Bowling Green,MAC,0.273261,274,99.6568,297,108.504,217,68.8162,94,-14.2275,10,0.3201,0.3201,9,0.3435,0.3435,NA
6235,Alabama St.,SWAC,0.268022,275,100.546,283,109.725,247,67.6638,155,-10.1506,25,0.5495,0.5495,13,0.3387,0.3205,16
6236,Albany,AE,0.266989,276,103.092,236,112.556,302,67.617,159,-12.908,8,0.3276,0.3276,7,0.299,0.299,NA
6237,Western Michigan,MAC,0.263639,277,102.043,252,111.577,279,67.7601,150,-14.7488,18,0.4532,0.4532,13,0.4114,0.4114,NA
6238,Mercer,SC,0.262411,278,98.265,316,107.505,195,70.9913,21,-14.5025,11,0.3771,0.3771,10,0.3859,0.3859,NA
6239,Pacific,WCC,0.261863,279,100.789,277,110.293,256,66.5627,219,-15.6749,18,0.427,0.427,20,0.5175,0.5175,NA
6240,LIU Brooklyn,NEC,0.260563,280,94.9536,350,103.968,121,64.8932,305,-12.6695,14,0.3501,0.3501,8,0.2589,0.2589,NA
6241,Eastern Washington,BSky,0.260274,281,101.867,259,111.553,278,67.0591,200,-16.4183,21,0.5294,0.5294,13,0.4433,0.4433,NA
6242,Marist,MAAC,0.253331,282,96.6924,333,106.222,168,64.0595,334,-7.99524,4,0.2479,0.2479,5,0.2628,0.2628,NA
6243,Austin Peay,ASun,0.251146,283,102.111,249,112.287,294,66.0408,249,-13.3554,19,0.4744,0.4744,13,0.4155,0.4155,NA
6244,Texas Southern,SWAC,0.250854,284,95.4657,343,104.994,141,69.9628,52,-11.9261,27,0.548,0.548,13,0.3306,0.3306,NA
6245,Stephen F. Austin,Slnd,0.248942,285,95.5044,342,105.13,145,67.4085,175,-12.317,15,0.3642,0.3642,11,0.3896,0.3896,NA
6246,Tarleton St.,WAC,0.247746,286,93.2795,358,102.738,99,65.6284,275,-13.2646,23,0.4942,0.4942,16,0.4722,0.4722,NA
6247,Tennessee Martin,OVC,0.244448,287,102.088,250,112.613,304,66.3467,230,-15.4485,16,0.3688,0.3688,8,0.297,0.297,NA
6248,Navy,Pat,0.240307,288,101.011,272,111.644,280,67.0276,204,-16.2289,8,0.3169,0.3169,6,0.2813,0.2813,NA
6249,Tennessee Tech,OVC,0.238135,289,101.207,270,111.977,288,67.8617,144,-13.1594,18,0.4012,0.4012,9,0.3081,0.3081,NA
6250,Weber St.,BSky,0.232646,290,100.872,274,111.903,287,65.5305,279,-17.1373,14,0.4268,0.4268,11,0.4043,0.4043,NA
6251,Saint Peter's,MAAC,0.232221,291,95.0355,348,105.45,152,63.7976,344,-13.3309,12,0.3865,0.3865,7,0.3044,0.3044,NA
6252,Old Dominion,SB,0.231918,292,99.5957,299,110.526,261,66.0518,248,-15.2924,13,0.389,0.389,10,0.3933,0.3933,NA
6253,San Diego,WCC,0.231821,293,100.129,291,111.123,269,71.0294,20,-19.4976,13,0.3951,0.3951,18,0.5103,0.5103,NA
6254,Air Force,MWC,0.229938,294,98.5898,313,109.516,244,64.4618,323,-19.4368,10,0.4223,0.4223,21,0.5938,0.5938,NA
6255,Lafayette,Pat,0.224139,295,97.5989,325,108.727,228,66.1913,239,-16.8267,11,0.3573,0.3573,7,0.2896,0.2896,NA
6256,Bethune Cookman,SWAC,0.222331,296,97.4117,329,108.617,225,68.9931,84,-10.2008,30,0.6476,0.6476,14,0.3812,0.3812,NA
6257,Oral Roberts,Sum,0.221031,297,103.761,221,115.772,338,67.261,182,-17.2799,20,0.4276,0.4276,15,0.4474,0.4474,NA
6258,Columbia,Ivy,0.218358,298,104.312,213,116.545,345,70.8481,24,-11.3474,9,0.2577,0.2577,10,0.3593,0.3593,NA
6259,Utah Tech,WAC,0.217608,299,101.788,261,113.769,316,67.4435,173,-19.8225,18,0.4855,0.4855,14,0.4652,0.4652,NA
6260,St. Francis PA,NEC,0.216342,300,100.036,294,111.883,286,67.2014,190,-12.1695,22,0.4676,0.4676,11,0.3208,0.3208,16
6261,Lehigh,Pat,0.214144,301,99.5527,300,111.468,275,67.2178,187,-15.2558,19,0.4252,0.4252,10,0.3114,0.3114,NA
6262,Howard,MEAC,0.21212,302,103.15,232,115.617,336,69.7326,58,-15.6084,17,0.4001,0.4001,11,0.3137,0.3137,NA
6263,Louisiana Lafayette,SB,0.211556,303,97.6937,324,109.534,245,66.3014,233,-15.74,17,0.5081,0.5081,12,0.4369,0.4369,NA
6264,Fairleigh Dickinson,NEC,0.209554,304,97.8267,323,109.798,249,69.3039,69,-15.8102,17,0.4168,0.4168,10,0.3047,0.3047,NA
6265,Penn,Ivy,0.209087,305,103.145,233,115.795,339,66.9336,208,-13.8454,19,0.461,0.461,15,0.4579,0.4579,NA
6266,Southern Miss,SB,0.20768,306,96.6306,335,108.563,223,70.7883,29,-17.0375,13,0.4196,0.4196,11,0.4134,0.4134,NA
6267,Rider,MAAC,0.205019,307,101.969,254,114.722,326,64.8861,306,-14.6645,20,0.468,0.468,10,0.3428,0.3428,NA
6268,Charleston Southern,BSth,0.200625,308,99.0712,308,111.726,282,67.5592,164,-16.1212,20,0.4884,0.4884,14,0.4414,0.4414,NA
6269,Loyola MD,Pat,0.196343,309,99.739,296,112.742,305,66.5739,217,-16.0909,12,0.3321,0.3321,7,0.2816,0.2816,NA
6270,Eastern Illinois,OVC,0.193695,310,93.4604,357,105.8,164,66.1807,242,-14.4994,24,0.4798,0.4798,11,0.3387,0.3387,NA
6271,IUPUI,Horz,0.193513,311,109.111,119,123.53,363,64.899,304,-17.696,15,0.3115,0.3115,10,0.358,0.358,NA
6272,Delaware St.,MEAC,0.193446,312,101.04,271,114.397,321,70.1523,51,-10.9429,11,0.3183,0.3183,8,0.2694,0.2694,NA
6273,Long Beach St.,BW,0.192472,313,100.57,281,113.927,318,64.0976,333,-19.0151,17,0.4395,0.4395,14,0.4571,0.4571,NA
6274,VMI,SC,0.192402,314,98.4079,315,111.481,276,68.1509,127,-14.8357,9,0.2929,0.2929,9,0.3576,0.3576,NA
6275,Army,Pat,0.190732,315,100.125,292,113.533,313,67.5872,161,-12.0003,13,0.3294,0.3294,7,0.285,0.2824,NA
6276,Binghamton,AE,0.19,316,98.8516,310,112.135,291,65.6353,274,-14.2055,7,0.2774,0.2774,6,0.277,0.277,NA
6277,UMBC,AE,0.187662,317,104.83,207,119.075,357,70.4947,37,-15.6649,10,0.3042,0.3042,8,0.2977,0.2977,NA
6278,Boston University,Pat,0.187603,318,98.1572,319,111.499,277,63.3328,350,-13.2396,10,0.3298,0.3298,6,0.2797,0.2797,NA
6279,Coastal Carolina,SB,0.185442,319,101.002,273,114.873,328,63.1826,353,-18.1954,7,0.3014,0.3014,9,0.3582,0.3582,NA
6280,Lindenwood,OVC,0.184793,320,94.625,352,107.661,199,69.472,66,-12.8534,21,0.3863,0.3863,10,0.3061,0.3061,NA
6281,North Carolina Central,MEAC,0.183595,321,102.535,243,116.741,346,67.0177,205,-15.3445,12,0.3607,0.3607,8,0.3005,0.3005,NA
6282,Morehead St.,OVC,0.182981,322,98.1187,321,111.753,283,64.1006,332,-13.1813,18,0.4017,0.4017,9,0.3099,0.3099,NA
6283,Grambling St.,SWAC,0.181783,323,95.3862,346,108.716,227,63.9044,337,-16.9326,27,0.4998,0.4998,12,0.314,0.314,NA
6284,Alcorn St.,SWAC,0.180357,324,97.3544,330,111.053,267,64.7725,311,-15.0288,32,0.6774,0.6774,15,0.3826,0.3826,NA
6285,Southern Utah,WAC,0.17905,325,95.9278,340,109.51,243,68.9817,85,-13.5413,17,0.4043,0.4043,14,0.426,0.426,NA
6286,Florida A&M,SWAC,0.178189,326,101.961,257,116.457,344,67.2469,184,-10.8242,42,0.6295,0.6295,17,0.3574,0.3574,NA
6287,Niagara,MAAC,0.176228,327,100.814,276,115.281,334,64.9264,303,-16.7073,14,0.3513,0.3513,8,0.3016,0.3016,NA
6288,Stonehill,NEC,0.167456,328,100.091,293,115.069,332,65.2229,292,-13.7534,12,0.3611,0.3611,8,0.2793,0.2793,NA
6289,Holy Cross,Pat,0.164815,329,100.686,279,115.945,342,65.899,260,-15.5565,14,0.3892,0.3892,8,0.3081,0.3081,NA
6290,Green Bay,Horz,0.164057,330,100.533,285,115.825,340,69.1484,76,-22.8887,19,0.5054,0.5054,12,0.4281,0.4281,NA
6291,Stony Brook,CAA,0.162217,331,101.728,262,117.339,351,64.5309,320,-19.5836,13,0.409,0.409,10,0.3939,0.3939,NA
6292,Texas A&M Commerce,Slnd,0.15963,332,96.2968,337,111.26,272,67.4874,171,-20.1126,25,0.5681,0.5681,15,0.4569,0.4569,NA
6293,Mercyhurst,NEC,0.157784,333,100.141,290,115.84,341,64.643,316,-12.5895,14,0.3477,0.3477,8,0.2739,0.2739,NA
6294,USC Upstate,BSth,0.154887,334,99.1708,305,114.938,329,72.7841,5,-21.0086,14,0.4294,0.4294,12,0.4141,0.4141,NA
6295,Fairfield,MAAC,0.151839,335,97.4674,327,113.194,310,65.9217,255,-16.8996,9,0.371,0.371,7,0.3264,0.3264,NA
6296,Southern Indiana,OVC,0.149376,336,98.7114,311,114.831,327,67.0468,202,-17.4341,9,0.3458,0.3458,6,0.2946,0.2946,NA
6297,Morgan St.,MEAC,0.148955,337,100.537,284,116.988,350,70.4465,40,-14.4684,13,0.3067,0.3067,9,0.2738,0.2738,NA
6298,Bellarmine,ASun,0.148018,338,103.58,225,120.607,359,66.3236,232,-21.157,17,0.3844,0.3844,12,0.3782,0.3782,NA
6299,North Carolina A&T,CAA,0.145558,339,96.5442,336,112.607,303,69.3497,68,-20.1003,17,0.4219,0.4219,11,0.4028,0.4028,NA
6300,Wagner,NEC,0.140683,340,93.139,359,109.011,235,60.1717,363,-13.0506,13,0.2873,0.2873,8,0.2439,0.2439,NA
6301,Western Illinois,OVC,0.133784,341,99.2843,302,116.794,348,64.4571,324,-16.3188,9,0.3078,0.3078,6,0.2838,0.2838,NA
6302,Western Carolina,SC,0.131826,342,95.4655,344,112.468,299,70.486,38,-16.7106,22,0.422,0.422,14,0.4097,0.4097,NA
6303,West Georgia,ASun,0.130488,343,97.1453,332,114.564,323,68.1171,131,-20.251,15,0.4747,0.4747,11,0.4158,0.4158,NA
6304,Louisiana Monroe,SB,0.127041,344,96.6831,334,114.324,320,67.7803,149,-20.812,9,0.3477,0.3477,9,0.3869,0.3869,NA
6305,Buffalo,MAC,0.125981,345,95.6313,341,113.175,309,70.668,34,-17.2532,16,0.421,0.421,12,0.4011,0.4011,NA
6306,Detroit,Horz,0.122583,346,94.716,351,112.396,298,67.0807,198,-19.1298,18,0.4602,0.4602,11,0.4117,0.4117,NA
6307,Northern Illinois,MAC,0.120071,347,94.241,353,112.062,290,68.9509,88,-20.9825,10,0.354,0.354,9,0.3749,0.3749,NA
6308,Le Moyne,NEC,0.119968,348,102.776,239,122.221,362,68.6743,105,-19.1736,14,0.4195,0.4195,9,0.3171,0.3171,NA
6309,Sacramento St.,BSky,0.117115,349,95.4396,345,113.767,315,65.4304,283,-20.7949,12,0.3619,0.3619,10,0.3813,0.3813,NA
6310,New Orleans,Slnd,0.116877,350,98.9373,309,117.96,354,69.2592,70,-19.9363,32,0.6698,0.6698,18,0.5017,0.5017,NA
6311,Central Arkansas,ASun,0.112114,351,97.5332,326,116.762,347,66.3703,228,-18.1953,20,0.4306,0.4306,14,0.4044,0.4044,NA
6312,Stetson,ASun,0.108845,352,99.2302,304,119.137,358,67.6609,156,-19.3129,17,0.4115,0.4115,11,0.3732,0.3732,NA
6313,NJIT,AE,0.102773,353,94.1263,354,113.642,314,66.3545,229,-21.5586,11,0.3604,0.3604,8,0.3212,0.3212,NA
6314,Canisius,MAAC,0.0929479,354,99.2778,303,121.028,360,66.2344,236,-23.3181,24,0.5579,0.5579,12,0.3822,0.3822,NA
6315,Cal St. Fullerton,BW,0.0928575,355,91.9036,362,112.049,289,68.1437,129,-19.4128,20,0.4844,0.4844,16,0.4803,0.4803,NA
6316,New Hampshire,AE,0.0879889,356,93.948,355,115.133,333,67.685,154,-20.4397,11,0.3481,0.3481,8,0.3198,0.3198,NA
6317,Prairie View A&M,SWAC,0.0863591,357,96.0062,339,117.865,353,70.3587,44,-21.3133,30,0.6351,0.6351,14,0.3735,0.3735,NA
6318,Alabama A&M,SWAC,0.0787384,358,92.8173,360,114.952,330,70.7955,28,-18.7848,14,0.4012,0.4012,8,0.278,0.278,NA
6319,Maryland Eastern Shore,MEAC,0.0708361,359,94.9867,349,118.814,356,66.1281,243,-19.4356,24,0.454,0.454,15,0.3569,0.3569,NA
6320,Chicago St.,NEC,0.0685243,360,92.5778,361,116.16,343,68.6097,107,-21.7999,29,0.6426,0.6426,15,0.4193,0.4193,NA
6321,The Citadel,SC,0.06822,361,93.6671,356,117.576,352,64.5844,319,-21.5177,8,0.2281,0.2281,9,0.3405,0.3405,NA
6322,Coppin St.,MEAC,0.0556031,362,87.9273,363,112.482,300,68.0332,135,-18.9864,21,0.5132,0.5132,13,0.385,0.385,NA
6323,Arkansas Pine Bluff,SWAC,0.0547762,363,95.0709,347,121.789,361,71.6751,13,-20.0717,27,0.4943,0.4943,13,0.3158,0.3158,NA
6324,Mississippi Valley St.,SWAC,0.00858043,364,82.8978,364,125.289,364,64.8785,307,-21.0278,40,0.6862,0.6862,19,0.3993,0.3993,NA