,X,team,conf,barthag,barthag_rk,adj_o,adj_o_rk,adj_d,adj_d_rk,adj_t,adj_t_rk,wab,nc_elite_sos,nc_fut_sos,nc_cur_sos,ov_elite_sos,ov_fut_sos,ov_cur_sos,seed,year,
1,1,Louisville,Amer,0.971034,1,118.835,10,87.5596,2,68.7938,67,5.314847491,14,0.4498,0.4498,23,0.6026,0.6026,4,2014,S16
2,2,Arizona,P12,0.963574,2,116.155,19,87.3664,1,64.321,284,9.441718454,22,0.5758,0.5758,30,0.7088,0.7088,1,2014,E8
3,3,Florida,SEC,0.957514,3,115.87,20,88.3746,3,63.0652,325,11.72061712,24,0.5914,0.5914,31,0.7128,0.7128,1,2014,F4
4,4,Virginia,ACC,0.944922,4,114.638,26,89.5342,5,61.2236,345,8.190869796,22,0.5628,0.5628,31,0.7,0.7,1,2014,S16
5,5,Wisconsin,B10,0.944055,5,122.676,4,95.9497,38,63.9327,297,7.947367443,24,0.6019,0.6019,35,0.7517,0.7517,2,2014,F4
6,6,Duke,ACC,0.943151,6,125.905,1,98.6206,69,66.6796,165,6.47574826,24,0.6022,0.6022,31,0.7186,0.7186,3,2014,R64
7,7,Tennessee,SEC,0.937371,7,118.128,13,93.3611,17,63.0867,324,0.3632192291,22,0.5683,0.5683,30,0.6937,0.6937,11,2014,S16
8,8,Michigan St.,B10,0.931921,8,119.59,6,95.2537,32,66.2339,191,6.93507438,20,0.5507,0.5507,34,0.73,0.73,4,2014,E8
9,9,Michigan,B10,0.929499,9,125.018,3,99.9026,88,62.5712,332,7.728958904,25,0.5293,0.5293,37,0.7314,0.7314,2,2014,E8
10,10,Wichita St.,MVC,0.929451,10,116.352,18,92.9837,14,65.1082,248,8.113236463,22,0.6059,0.6059,17,0.5564,0.5564,1,2014,R32
11,11,Kansas,B12,0.926975,11,119.187,7,95.5571,34,68.1689,91,6.899012403,32,0.7237,0.7237,35,0.771,0.771,2,2014,R32
12,12,Pittsburgh,ACC,0.926085,12,117.143,17,94.0252,20,63.7693,305,4.138208056,13,0.4849,0.4849,29,0.6895,0.6895,9,2014,R32
13,13,Villanova,BE,0.925979,13,115.184,23,92.4653,11,67.5558,117,8.334139385,23,0.5796,0.5796,28,0.686,0.686,2,2014,R32
14,14,Connecticut,Amer,0.917125,14,112.528,49,91.3014,9,64.8058,262,4.7345618,19,0.5726,0.5726,32,0.6928,0.6928,7,2014,Champions
15,15,UCLA,P12,0.916657,15,119.01,9,96.6125,46,70.1928,33,4.539460794,14,0.4924,0.4924,27,0.6796,0.6796,4,2014,S16
16,16,Syracuse,ACC,0.915628,16,114.215,32,92.828,12,61.5035,343,7.867525564,19,0.5496,0.5496,29,0.691,0.691,3,2014,R32
17,17,Creighton,BE,0.914367,17,125.217,2,101.914,123,65.4119,236,5.622423507,21,0.5639,0.5639,27,0.6873,0.6873,3,2014,R32
18,18,Ohio St.,B10,0.910736,18,108.366,108,88.5482,4,65.3627,239,4.47646866,11,0.4894,0.4894,29,0.6974,0.6974,6,2014,R64
19,19,Iowa,B10,0.908895,19,121.212,5,99.2379,76,70.8664,20,1.174578829,16,0.4394,0.4394,32,0.6754,0.6754,11,2014,R64
20,20,Oklahoma St.,B12,0.906728,20,115.586,21,94.8449,27,69.2456,58,1.372254114,16,0.5178,0.5178,30,0.6952,0.6952,9,2014,R64
21,21,Gonzaga,WCC,0.906371,21,113.641,38,93.2833,16,66.5198,172,3.953323347,21,0.583,0.583,23,0.6334,0.6334,8,2014,R32
22,22,Kentucky,SEC,0.906163,22,117.196,16,96.2225,40,65.909,212,3.897941411,25,0.6245,0.6245,34,0.7381,0.7381,8,2014,2ND
23,23,San Diego St.,MWC,0.896049,23,109.412,91,90.7231,8,63.9839,295,5.978936891,26,0.5684,0.5684,24,0.6186,0.6186,4,2014,S16
24,24,VCU,A10,0.895523,24,108.3,109,89.8446,6,70.8104,22,3.619972738,19,0.5741,0.5741,24,0.6526,0.6526,5,2014,R64
25,25,Iowa St.,B12,0.890344,25,118.569,11,98.8282,71,71.6363,14,7.490384428,19,0.5766,0.5766,33,0.7356,0.7356,3,2014,S16
26,26,Baylor,B12,0.888511,26,119.166,8,99.4873,81,62.9486,327,3.113264578,19,0.5606,0.5606,33,0.7298,0.7298,6,2014,S16
27,27,North Carolina,ACC,0.888298,27,113.376,41,94.6708,24,70.8309,21,4.222255797,22,0.5705,0.5705,31,0.7082,0.7082,6,2014,R32
28,28,Oklahoma,B12,0.879267,28,118.179,12,99.4397,80,71.605,15,4.077678411,16,0.5556,0.5556,30,0.7057,0.7057,5,2014,R64
29,29,Cincinnati,Amer,0.878319,29,108.654,102,91.4954,10,63.4541,313,5.306643602,17,0.4891,0.4891,26,0.6131,0.6131,5,2014,R64
30,30,Oregon,P12,0.871963,30,118.101,14,99.9547,90,69.2991,55,2.625844821,14,0.5238,0.5238,27,0.6757,0.6757,7,2014,R32
31,31,New Mexico,MWC,0.869327,31,112.838,46,95.6956,36,66.163,197,4.431273923,20,0.6023,0.6023,22,0.626,0.626,7,2014,R64
33,33,Harvard,Ivy,0.864096,33,111.867,56,95.2464,31,65.5156,229,2.244106384,17,0.5288,0.5288,16,0.5098,0.5098,12,2014,R32
35,35,Texas,B12,0.850676,35,112.446,50,96.6576,47,68.6696,72,3.630744042,17,0.5148,0.5148,31,0.7033,0.7033,7,2014,R32
37,37,Memphis,Amer,0.847947,37,112.577,48,96.9502,51,69.4933,52,2.79523259,24,0.5323,0.5323,30,0.6458,0.6458,8,2014,R32
38,38,Saint Louis,A10,0.847736,38,104.947,169,90.3918,7,67.4685,124,3.820896855,16,0.4896,0.4896,24,0.6268,0.6268,5,2014,R32
39,39,Kansas St.,B12,0.847321,39,107.867,118,92.9331,13,64.8326,260,0.5300062174,13,0.4658,0.4658,29,0.6768,0.6768,9,2014,R64
40,40,Stanford,P12,0.843637,40,111.734,58,96.5009,45,67.2219,136,1.132071585,22,0.5813,0.5813,31,0.7002,0.7002,10,2014,S16
45,45,Arizona St.,P12,0.8252,45,110.326,74,96.3977,43,69.2737,56,1.185326758,15,0.5,0.5,28,0.672,0.672,10,2014,R64
46,46,Providence,BE,0.824942,46,114.93,24,100.436,100,64.8653,259,1.243801415,18,0.5542,0.5542,28,0.6966,0.6966,11,2014,R64
50,50,Dayton,A10,0.818785,50,112.984,45,99.0976,75,65.3632,238,0.6243049121,17,0.5282,0.5282,25,0.6584,0.6584,11,2014,E8
51,51,Nebraska,B10,0.817188,51,108.249,112,95.0331,29,66.4279,178,1.265124026,19,0.508,0.508,32,0.7048,0.7048,11,2014,R64
52,52,George Washington,A10,0.815057,52,110.177,78,96.8451,48,67.164,143,3.169957467,20,0.5376,0.5376,25,0.6403,0.6403,9,2014,R64
55,55,BYU,WCC,0.807846,55,113.819,36,100.458,101,72.9699,5,0.5647145502,29,0.6517,0.6517,25,0.6515,0.6515,10,2014,R64
56,56,North Carolina St.,ACC,0.806604,56,114.847,25,101.435,112,66.476,173,0.6336595976,16,0.4734,0.4734,30,0.6853,0.6853,12,2014,R64
60,60,Xavier,BE,0.796451,60,112.044,52,99.5102,82,65.9793,207,1.435291938,22,0.5572,0.5572,30,0.6955,0.6955,12,2014,R64
61,61,Massachusetts,A10,0.795213,61,108.977,96,96.8506,50,71.7981,12,3.575346091,22,0.655,0.655,25,0.695,0.695,6,2014,R64
65,65,Colorado,P12,0.774045,65,106.863,132,96.0121,39,66.9335,155,2.406240274,19,0.5743,0.5743,30,0.6916,0.6916,8,2014,R64
68,68,North Dakota St.,Sum,0.761286,68,113.938,34,103.008,143,64.0271,293,0.1863206472,21,0.5905,0.5905,16,0.5182,0.5182,12,2014,R32
71,71,Tulsa,CUSA,0.753738,71,105.574,157,95.7881,37,68.3881,84,-3.564932441,22,0.5629,0.5629,19,0.5289,0.5289,13,2014,R64
72,72,Stephen F. Austin,Slnd,0.752656,72,111.958,54,101.632,119,63.4566,312,1.718118813,11,0.3966,0.3966,10,0.3526,0.3526,12,2014,R32
73,73,Manhattan,MAAC,0.751858,73,106.183,143,96.4251,44,69.5745,47,-0.5112135603,18,0.5858,0.5858,14,0.4939,0.4939,13,2014,R64
79,79,New Mexico St.,WAC,0.738488,79,111.633,59,101.997,124,67.1234,149,-2.34303883,24,0.5539,0.5539,15,0.4273,0.4273,13,2014,R64
93,93,North Carolina Central,MEAC,0.701782,93,107.918,115,100.178,94,64.1038,290,-0.5764328227,24,0.4701,0.4701,11,0.304,0.304,14,2014,R64
94,94,Mercer,ASun,0.699256,94,109.6,90,101.846,122,65.2081,243,-2.756958696,23,0.596,0.596,14,0.4176,0.4176,14,2014,R32
111,111,Louisiana Lafayette,SB,0.655661,111,110.513,70,104.494,174,70.0299,36,-3.769913827,29,0.5752,0.5752,17,0.495,0.495,14,2014,R64
120,120,Delaware,CAA,0.623685,120,110.743,66,105.983,202,72.3479,9,-1.355777992,23,0.548,0.548,16,0.4907,0.4907,13,2014,R64
123,123,American,Pat,0.617838,123,101.847,221,97.6802,57,61.4102,344,-5.484813615,20,0.4795,0.4795,15,0.4599,0.4599,15,2014,R64
124,124,Eastern Kentucky,OVC,0.617717,124,112.069,51,107.489,226,66.0398,203,-3.336010925,20,0.427,0.427,14,0.4089,0.4089,15,2014,R64
140,140,Western Michigan,MAC,0.560534,140,104.712,173,102.52,133,67.0327,151,-2.895569666,14,0.4554,0.4554,14,0.4779,0.4779,14,2014,R64
163,163,Milwaukee,Horz,0.51225,163,104.297,181,103.853,158,67.7726,107,-6.072081979,14,0.4357,0.4357,15,0.4989,0.4989,15,2014,R64
170,170,Albany,AE,0.489995,170,102.783,204,103.142,146,63.1911,319,-8.649919449,17,0.5044,0.5044,12,0.3934,0.3934,16,2014,R64
174,174,Weber St.,BSky,0.483104,174,105.969,148,106.593,214,64.3257,283,-6.921575572,27,0.594,0.594,12,0.368,0.368,16,2014,R64
193,193,Cal Poly,BW,0.435559,193,102.026,216,104.352,169,60.3707,347,-10.70445308,34,0.6757,0.6757,20,0.5418,0.5418,16,2014,R64
197,197,Wofford,SC,0.427455,197,99.6674,266,102.233,128,62.1267,339,-6.529301659,29,0.6307,0.6307,15,0.3915,0.3915,15,2014,R64
210,210,Mount St. Mary's,NEC,0.398562,210,107.088,126,110.988,288,69.9214,38,-9.444251587,26,0.545,0.545,14,0.4103,0.4103,16,2014,R64
212,212,Coastal Carolina,BSth,0.39463,212,98.2976,280,102.024,126,67.5001,122,-7.66466611,15,0.4331,0.4331,11,0.3769,0.3769,16,2014,R64
245,245,Texas Southern,SWAC,0.329305,245,106.086,145,112.855,319,67.5922,114,-9.724238319,21,0.5307,0.5307,9,0.2897,0.2897,16,2014,R64
352,1,Louisville,BE,0.974259,1,115.877,8,84.4841,2,67.1346,119,8.967604005,22,0.573,0.573,35,0.7336,0.7336,1,2013,Champions
353,2,Florida,SEC,0.969444,2,115.717,9,85.6719,4,62.8034,297,4.097135252,25,0.6116,0.6116,27,0.6762,0.6762,3,2013,E8
354,3,Indiana,B10,0.969155,3,120.995,2,89.6553,16,67.7686,92,7.787266871,15,0.4598,0.4598,34,0.6993,0.6993,1,2013,S16
355,4,Gonzaga,WCC,0.959866,4,118.878,3,90.2017,20,65.1336,214,7.649047476,26,0.6389,0.6389,23,0.6108,0.6108,1,2013,R32
356,5,Syracuse,BE,0.953261,5,113.047,17,86.9735,6,65.3648,203,5.143148994,13,0.4632,0.4632,35,0.7099,0.7099,4,2013,F4
357,6,Michigan,B10,0.952155,6,121.492,1,93.6707,49,64.7924,230,6.245439517,16,0.4862,0.4862,38,0.7266,0.7266,4,2013,2ND
358,7,Kansas,B12,0.951384,7,111.576,29,86.1506,5,67.6933,96,7.493178284,25,0.6171,0.6171,30,0.6808,0.6808,1,2013,S16
359,8,Duke,ACC,0.950737,8,118.393,4,91.5247,31,67.8076,90,7.547254496,29,0.679,0.679,33,0.7356,0.7356,2,2013,E8
360,9,Ohio St.,B10,0.940578,9,113.625,14,89.3665,14,65.2521,208,7.22346952,16,0.4436,0.4436,36,0.7136,0.7136,2,2013,E8
361,10,Wisconsin,B10,0.940553,10,107.157,72,84.2825,1,61.9359,315,4.647736401,23,0.5015,0.5015,38,0.7185,0.7185,5,2013,R64
362,11,Michigan St.,B10,0.939247,11,111.389,30,87.7876,8,64.4052,247,6.74550969,20,0.5303,0.5303,39,0.7437,0.7437,3,2013,S16
363,12,Georgetown,BE,0.938128,12,107.644,64,84.9796,3,62.4828,301,6.561471652,16,0.4503,0.4503,32,0.6877,0.6877,2,2013,R64
364,13,Arizona,P12,0.922884,13,114.442,11,92.2247,35,66.8157,136,4.557781212,21,0.5678,0.5678,28,0.7075,0.7075,6,2013,S16
365,14,Pittsburgh,BE,0.921657,14,112.846,20,91.0735,29,60.2937,341,3.133564749,10,0.3532,0.3532,29,0.6315,0.6315,8,2013,R64
366,15,Miami FL,ACC,0.920655,15,112.407,23,90.828,25,63.0394,292,6.286135474,23,0.6365,0.6365,29,0.7151,0.7151,2,2013,S16
367,16,VCU,A10,0.919496,16,113.766,13,92.0521,34,68.1406,78,2.557355754,19,0.5301,0.5301,25,0.6444,0.6444,5,2013,R32
368,17,Saint Louis,A10,0.918147,17,107.955,60,87.4879,7,64.6628,236,3.766634756,15,0.4691,0.4691,23,0.6224,0.6224,4,2013,R32
369,18,Creighton,MVC,0.911704,18,116.417,7,95.0278,69,65.2263,212,3.485237118,23,0.5845,0.5845,25,0.6489,0.6489,7,2013,R32
370,19,Minnesota,B10,0.905034,19,112.578,22,92.5369,38,64.133,261,2.128787273,20,0.5853,0.5853,37,0.7451,0.7451,11,2013,R32
371,20,Wichita St.,MVC,0.904514,20,110.607,34,90.9647,26,65.0383,219,2.192467574,21,0.5486,0.5486,28,0.6583,0.6583,9,2013,F4
372,21,Marquette,BE,0.902016,21,112.985,18,93.1511,47,64.5908,240,4.486276203,21,0.5198,0.5198,34,0.7147,0.7147,3,2013,E8
373,22,Oklahoma St.,B12,0.898321,22,107.108,73,88.6228,11,67.3199,113,3.155213149,16,0.4977,0.4977,28,0.6487,0.6487,5,2013,R64
375,24,Saint Mary's,WCC,0.890975,24,113.942,12,94.9187,67,64.7987,229,2.524841536,15,0.5333,0.5333,21,0.586,0.586,11,2013,R64
376,25,North Carolina,ACC,0.890162,25,111.614,28,93.0461,43,71.3647,8,2.51202345,19,0.5054,0.5054,31,0.6931,0.6931,8,2013,R32
377,26,Kansas St.,B12,0.889585,26,113.352,15,94.5435,61,63.0092,294,5.370366498,23,0.4692,0.4692,31,0.6428,0.6428,4,2013,R64
378,27,Iowa St.,B12,0.882839,27,117.192,5,98.3173,130,69.5846,36,0.709463606,18,0.4789,0.4789,30,0.6476,0.6476,10,2013,R32
379,28,Missouri,SEC,0.881507,28,113.345,16,95.1953,72,67.6578,98,1.17548934,23,0.5047,0.5047,27,0.6309,0.6309,9,2013,R64
381,30,Colorado St.,MWC,0.875901,30,116.569,6,98.352,132,64.7868,231,1.876215201,17,0.5266,0.5266,27,0.6623,0.6623,8,2013,R32
382,31,San Diego St.,MWC,0.875232,31,105.966,88,89.4539,15,66.8232,134,0.4392689878,22,0.5584,0.5584,27,0.6735,0.6735,7,2013,R32
383,32,Illinois,B10,0.874937,32,109.786,38,92.7004,42,66.0797,177,2.427966898,19,0.5312,0.5312,38,0.7348,0.7348,7,2013,R32
384,33,UNLV,MWC,0.874928,33,104.669,111,88.3806,10,69.2942,43,1.757904138,18,0.5281,0.5281,25,0.6536,0.6536,5,2013,R64
385,34,Notre Dame,BE,0.874792,34,112.947,19,95.3807,76,61.6689,320,3.851422942,12,0.4518,0.4518,31,0.6786,0.6786,7,2013,R64
386,35,Cincinnati,BE,0.873019,35,104.461,113,88.3376,9,65.4876,195,1.708161096,15,0.457,0.457,31,0.6833,0.6833,10,2013,R64
387,36,Oregon,P12,0.872774,36,104.8,107,88.6415,12,69.1837,48,2.876705405,13,0.4035,0.4035,27,0.6581,0.6581,12,2013,S16
389,38,Memphis,CUSA,0.86724,38,106.145,84,90.1616,18,69.3001,42,4.469678696,22,0.5487,0.5487,21,0.5724,0.5724,6,2013,R32
390,39,North Carolina St.,ACC,0.865014,39,115.229,10,98.0419,124,68.0936,80,2.16008232,20,0.5456,0.5456,28,0.6745,0.6745,8,2013,R64
391,40,New Mexico,MWC,0.864064,40,106.953,74,91.0645,28,65.4379,200,6.876553566,22,0.638,0.638,26,0.6917,0.6917,3,2013,R64
392,41,Butler,A10,0.862443,41,109.153,44,93.0485,45,64.6574,237,4.731875438,28,0.5885,0.5885,31,0.6846,0.6846,6,2013,R32
393,42,La Salle,A10,0.851628,42,111.977,25,96.192,88,66.0285,181,0.3477463544,17,0.5085,0.5085,26,0.6481,0.6481,13,2013,S16
394,43,Colorado,P12,0.851277,43,104.937,104,90.1657,19,65.5438,194,1.400464598,22,0.5832,0.5832,30,0.7211,0.7211,10,2013,R64
395,44,Villanova,BE,0.850688,44,105.335,97,90.5445,23,67.7379,94,0.3185954863,18,0.5526,0.5526,34,0.7228,0.7228,9,2013,R64
396,45,UCLA,P12,0.847549,45,110.017,36,94.771,66,69.6293,34,3.335294345,17,0.5525,0.5525,28,0.7088,0.7088,6,2013,R64
399,48,Middle Tennessee,SB,0.839631,48,105.087,101,90.9981,27,64.8699,225,0.6586297992,24,0.5961,0.5961,14,0.4426,0.4426,11,2013,R64
400,49,Oklahoma,B12,0.8391,49,110.315,35,95.5578,77,66.7279,139,0.3040315973,19,0.5777,0.5777,29,0.6754,0.6754,10,2013,R64
401,50,Mississippi,SEC,0.834039,50,110.014,37,95.6042,78,70.8552,16,1.552346702,10,0.3779,0.3779,23,0.5885,0.5885,12,2013,R32
403,52,Boise St.,MWC,0.833191,52,111.964,26,97.3503,111,66.2338,163,-0.182669698,20,0.5006,0.5006,27,0.6479,0.6479,13,2013,R64
406,55,Temple,A10,0.821986,55,110.693,32,96.9049,106,66.8206,135,1.456438309,24,0.5444,0.5444,27,0.6417,0.6417,9,2013,R32
407,56,California,P12,0.821065,56,105.431,94,92.3487,36,66.5154,147,0.4887480183,22,0.5791,0.5791,30,0.7144,0.7144,12,2013,R32
411,60,Belmont,OVC,0.806444,60,108.884,51,96.1767,87,67.3642,110,0.1069416615,26,0.6267,0.6267,17,0.4861,0.4861,11,2013,R64
413,62,Davidson,SC,0.795908,62,110.614,33,98.2688,128,65.248,209,-1.436682475,28,0.6266,0.6266,14,0.4088,0.4088,14,2013,R64
416,65,Bucknell,Pat,0.793597,65,104.684,110,93.1148,46,63.4071,277,1.0322959,20,0.5689,0.5689,14,0.4738,0.4738,11,2013,R64
428,77,Valparaiso,Horz,0.751357,77,107.802,63,97.9184,117,65.627,191,-0.8145857883,17,0.4502,0.4502,16,0.4801,0.4801,14,2013,R64
434,83,Akron,MAC,0.740246,83,103.42,126,94.4182,58,66.4638,150,0.3249642086,19,0.5353,0.5353,16,0.5139,0.5139,12,2013,R64
446,95,New Mexico St.,WAC,0.699228,95,102.544,140,95.2909,74,65.0943,216,-3.090243946,21,0.6022,0.6022,16,0.5147,0.5147,13,2013,R64
447,96,Iona,MAAC,0.695552,96,112.778,21,104.96,257,71.3192,9,-5.922387749,22,0.6181,0.6181,17,0.5383,0.5383,15,2013,R64
448,97,Florida Gulf Coast,ASun,0.695229,97,103.412,128,96.2559,91,69.1225,51,-4.047749753,29,0.5876,0.5876,18,0.4532,0.4532,15,2013,S16
460,109,South Dakota St.,Sum,0.657253,109,109.704,39,103.665,233,63.9623,266,-3.248676363,24,0.5444,0.5444,16,0.43,0.43,13,2013,R64
468,117,Harvard,Ivy,0.6362,117,104.919,105,99.9415,155,64.7371,233,-2.637127074,28,0.6136,0.6136,20,0.5257,0.5257,14,2013,R32
485,134,Pacific,BW,0.599129,134,104.703,109,101.108,173,63.3579,280,-5.140023305,32,0.7102,0.7102,17,0.5118,0.5118,15,2013,R64
493,142,Northwestern St.,Slnd,0.572958,142,104.767,108,102.123,196,73.0079,1,-3.169341125,28,0.6697,0.6697,15,0.4257,0.4257,14,2013,R64
494,143,Albany,AE,0.572175,143,101.192,167,98.6656,137,63.2115,282,-4.545243478,13,0.3755,0.3755,13,0.4102,0.4102,15,2013,R64
517,166,Montana,BSky,0.492871,166,101.579,153,101.832,186,63.9091,269,-1.44443194,29,0.6778,0.6778,13,0.3939,0.3939,13,2013,R64
519,168,Western Kentucky,SB,0.489457,168,100.079,186,100.446,165,65.9884,182,-8.401173383,29,0.5688,0.5688,16,0.4469,0.4469,16,2013,R64
528,177,Southern,SWAC,0.474974,177,95.8938,261,96.7328,101,64.993,222,-5.661821323,21,0.5474,0.5474,10,0.2976,0.2976,16,2013,R64
530,179,James Madison,CAA,0.473628,179,98.5161,212,99.4248,148,64.185,256,-8.885805811,12,0.4287,0.4287,12,0.4459,0.4459,16,2013,R64
547,196,LIU Brooklyn,NEC,0.419507,196,108.099,59,111.196,329,69.2919,45,-8.649077907,14,0.4233,0.4233,9,0.3721,0.3721,16,2013,R64
576,225,North Carolina A&T,MEAC,0.345928,225,90.5772,319,95.7358,79,66.8613,133,-11.48110594,17,0.4548,0.4548,11,0.3484,0.3484,16,2013,R64
614,263,Liberty,BSth,0.259125,263,100.099,184,109.674,315,65.7294,190,-15.56203437,19,0.4945,0.4945,10,0.3605,0.3605,16,2013,R64
699,1,Kentucky,SEC,0.975218,1,122.356,2,88.906,9,66.3296,161,11.28320387,21,0.5312,0.5312,31,0.6907,0.6907,1,2012,Champions
700,2,Ohio St.,B10,0.969384,2,116.866,6,86.5379,2,68.1404,76,7.908881973,17,0.4856,0.4856,35,0.7153,0.7153,2,2012,F4
701,3,Michigan St.,B10,0.955429,3,113.228,19,86.7366,3,65.7043,192,8.746217784,20,0.5203,0.5203,36,0.7173,0.7173,1,2012,S16
702,4,Kansas,B12,0.95264,4,113.024,22,87.0607,4,67.409,108,8.324035295,28,0.6149,0.6149,35,0.729,0.729,2,2012,2ND
703,5,North Carolina,ACC,0.951197,5,115.295,13,89.0539,11,72.5574,9,8.407506671,23,0.553,0.553,30,0.6781,0.6781,1,2012,E8
704,6,Syracuse,BE,0.941736,6,116.506,7,91.4656,20,65.6832,194,10.8823728,16,0.5144,0.5144,30,0.7031,0.7031,1,2012,E8
705,7,Wisconsin,B10,0.940578,7,113.063,21,88.924,10,58.5623,345,4.95203292,17,0.4711,0.4711,33,0.687,0.687,4,2012,S16
706,8,Missouri,B12,0.938443,8,125.117,1,98.7266,125,66.5447,147,8.83809511,14,0.4376,0.4376,26,0.6342,0.6342,2,2012,R64
707,9,Wichita St.,MVC,0.93031,9,115.511,10,92.2058,24,66.7085,135,4.394243838,22,0.6157,0.6157,20,0.6163,0.6163,5,2012,R64
708,10,Florida,SEC,0.929625,10,120.649,3,96.3954,82,65.4962,204,3.053790051,20,0.513,0.513,31,0.6703,0.6703,7,2012,E8
709,11,Indiana,B10,0.923946,11,120.079,4,96.6408,85,67.6382,99,5.88655136,17,0.4568,0.4568,33,0.6863,0.6863,4,2012,S16
710,12,Vanderbilt,SEC,0.921765,12,115.176,14,92.9418,30,65.98,182,4.042839811,23,0.6101,0.6101,32,0.7073,0.7073,5,2012,R32
711,13,Georgetown,BE,0.921215,13,110.469,37,89.2024,12,63.1095,297,4.705703296,24,0.539,0.539,31,0.7063,0.7063,3,2012,R32
712,14,Memphis,CUSA,0.919939,14,112.498,25,90.9789,17,68.2905,70,2.984544353,29,0.667,0.667,23,0.6405,0.6405,8,2012,R64
713,15,Saint Louis,A10,0.919932,15,110.562,35,89.4139,13,62.2998,319,2.797065036,15,0.4795,0.4795,24,0.6248,0.6248,9,2012,R32
714,16,Louisville,BE,0.916377,16,104.563,113,84.9115,1,66.9302,125,5.602411184,20,0.5489,0.5489,34,0.7287,0.7287,4,2012,F4
715,17,Baylor,B12,0.912672,17,115.341,11,94.0509,44,66.6462,140,7.042841069,18,0.4857,0.4857,33,0.6924,0.6924,3,2012,E8
716,18,Duke,ACC,0.905106,18,115.974,9,95.3217,61,68.1871,75,8.047697304,31,0.6874,0.6874,31,0.7133,0.7133,2,2012,R64
717,19,Marquette,BE,0.904281,19,110.131,41,90.5946,15,71.0253,18,6.164906426,19,0.5245,0.5245,31,0.7016,0.7016,3,2012,S16
718,20,New Mexico,MWC,0.903028,20,109.511,48,90.1971,14,66.5154,149,2.862067767,12,0.448,0.448,19,0.5811,0.5811,5,2012,R32
719,21,Florida St.,ACC,0.897833,21,107.05,72,88.6158,8,67.5268,103,4.332755913,22,0.5686,0.5686,30,0.6941,0.6941,3,2012,R32
720,22,Michigan,B10,0.892528,22,113.897,17,94.7484,51,61.5955,326,6.360303818,24,0.5399,0.5399,36,0.7235,0.7235,4,2012,R64
721,23,Cincinnati,BE,0.890109,23,109.587,47,91.3613,19,64.2616,265,3.084414855,11,0.3792,0.3792,30,0.659,0.659,6,2012,S16
722,24,Gonzaga,WCC,0.886241,24,112.105,27,93.7775,41,65.8447,187,2.070631643,18,0.5718,0.5718,19,0.564,0.564,7,2012,R32
723,25,Purdue,B10,0.878844,25,116.446,8,98.0149,106,65.325,215,1.920046123,16,0.4917,0.4917,33,0.6907,0.6907,10,2012,R32
724,26,Iowa St.,B12,0.875187,26,112.717,24,95.1568,58,67.1224,120,1.958728717,13,0.4603,0.4603,29,0.659,0.659,8,2012,R32
725,27,Alabama,SEC,0.871999,27,104.287,118,88.2613,6,62.8555,308,1.547738835,24,0.6275,0.6275,28,0.6946,0.6946,9,2012,R64
726,28,Kansas St.,B12,0.871014,28,108.162,61,91.6109,21,67.3845,109,2.171241474,14,0.4666,0.4666,30,0.6667,0.6667,8,2012,R32
727,29,Virginia,ACC,0.870239,29,103.304,131,87.5484,5,60.5409,337,2.027411622,14,0.4484,0.4484,26,0.6208,0.6208,10,2012,R64
728,30,Temple,A10,0.863976,30,112.863,23,96.1024,69,67.1286,118,4.205013513,24,0.6599,0.6599,26,0.6845,0.6845,5,2012,R64
729,31,UNLV,MWC,0.863929,31,107.882,63,91.8648,23,70.0109,29,2.769934896,23,0.5251,0.5251,24,0.6089,0.6089,6,2012,R64
731,33,California,P12,0.8571,33,109.038,50,93.3099,32,66.7663,134,1.816892179,18,0.4996,0.4996,23,0.6077,0.6077,12,2012,R64
732,34,Belmont,ASun,0.852585,34,115.309,12,98.9884,134,67.9164,86,0.7901085295,26,0.5707,0.5707,17,0.4971,0.4971,14,2012,R64
733,35,North Carolina St.,ACC,0.852378,35,111.441,29,95.6815,66,67.9751,84,0.5031047875,21,0.5556,0.5556,29,0.653,0.653,11,2012,S16
734,36,Connecticut,BE,0.845694,36,109.819,45,94.7174,50,64.101,268,0.5220439159,16,0.5475,0.5475,30,0.7092,0.7092,9,2012,R64
735,37,Creighton,MVC,0.84149,37,118.155,5,102.19,194,67.1229,119,4.734828788,18,0.5278,0.5278,22,0.6015,0.6015,8,2012,R32
736,38,VCU,CAA,0.840949,38,106.046,86,91.7492,22,65.9881,181,2.204260994,17,0.568,0.568,18,0.5384,0.5384,12,2012,R32
737,39,South Florida,BE,0.838001,39,102.167,148,88.5619,7,59.5474,343,0.06535387706,22,0.5552,0.5552,30,0.7045,0.7045,12,2012,R32
738,40,St. Bonaventure,A10,0.833562,40,110.88,34,96.385,81,64.364,260,-1.061004631,18,0.5073,0.5073,22,0.6065,0.6065,14,2012,R64
739,41,Texas,B12,0.82753,41,110.456,38,96.3756,80,65.7402,189,0.9184519113,19,0.52,0.52,32,0.6864,0.6864,11,2012,R64
740,42,Harvard,Ivy,0.827242,42,107.327,70,93.6617,39,61.3313,327,2.19432968,17,0.5198,0.5198,15,0.4853,0.4853,12,2012,R64
741,43,West Virginia,BE,0.826137,43,110.291,39,96.3131,79,65.349,213,-0.121379725,19,0.5691,0.5691,29,0.7043,0.7043,10,2012,R64
744,46,Murray St.,OVC,0.819571,46,105.476,96,92.4695,27,66.0564,175,3.767623999,20,0.5891,0.5891,12,0.4343,0.4343,6,2012,R32
749,51,Long Beach St.,BW,0.808021,51,107.957,62,95.2743,60,67.2683,115,0.8988726038,42,0.778,0.778,22,0.5207,0.5207,12,2012,R64
751,53,Saint Mary's,WCC,0.80562,53,111.192,33,98.2603,112,64.6513,248,2.761641844,18,0.4892,0.4892,18,0.5205,0.5205,7,2012,R64
752,54,Notre Dame,BE,0.804452,54,108.743,54,96.1588,72,61.9604,323,2.312943071,19,0.4572,0.4572,30,0.6645,0.6645,7,2012,R64
753,55,Ohio,MAC,0.802142,55,105.566,95,93.4678,35,66.8786,128,0.3079036844,15,0.4519,0.4519,17,0.5237,0.5237,13,2012,S16
755,57,Xavier,A10,0.797549,57,107.083,71,95.0485,55,67.5133,104,0.7095901274,25,0.6329,0.6329,28,0.6897,0.6897,10,2012,S16
761,63,BYU,WCC,0.78576,63,103.529,127,92.4666,26,72.8612,6,0.3137988729,19,0.5305,0.5305,19,0.5414,0.5414,14,2012,R64
763,65,Davidson,SC,0.782045,65,110.55,36,98.9261,132,68.3171,69,-0.4157144351,33,0.6965,0.6965,16,0.4542,0.4542,13,2012,R64
764,66,South Dakota St.,Sum,0.779489,66,111.306,31,99.7314,150,66.1434,172,-0.5586679402,19,0.542,0.542,14,0.4713,0.4713,14,2012,R64
765,67,Colorado,P12,0.776731,67,103.785,122,93.122,31,65.973,183,-0.2852036576,17,0.5485,0.5485,24,0.64,0.64,11,2012,R32
770,72,San Diego St.,MWC,0.765827,72,105.037,104,94.7533,52,66.591,141,2.876389508,17,0.4662,0.4662,22,0.5961,0.5961,6,2012,R64
771,73,Southern Miss,CUSA,0.764547,73,110.017,42,99.3073,137,64.6802,246,1.169635799,17,0.5596,0.5596,20,0.61,0.61,9,2012,R64
774,76,Iona,MAAC,0.758456,76,113.065,20,102.357,199,71.0412,17,0.005040855975,21,0.6282,0.6282,14,0.4903,0.4903,14,2012,R64
780,82,New Mexico St.,WAC,0.733249,82,106.348,80,97.3961,94,70.8328,19,-2.029966,16,0.4997,0.4997,15,0.4926,0.4926,13,2012,R64
785,87,Colorado St.,MWC,0.721557,87,110.137,40,101.385,178,64.5923,252,-1.004738444,18,0.5454,0.5454,22,0.6226,0.6226,11,2012,R64
788,90,Lehigh,Pat,0.714496,90,106.051,85,97.9199,104,68.527,63,-1.261168997,16,0.3897,0.3897,14,0.3993,0.3993,15,2012,R32
808,110,Montana,BSky,0.665009,110,100.97,170,95.1254,57,65.6107,196,-1.691434898,14,0.5062,0.5062,11,0.4023,0.4023,13,2012,R64
819,121,Detroit,Horz,0.628578,121,106.173,84,101.425,179,67.8672,90,-5.213732152,19,0.5421,0.5421,17,0.5217,0.5217,15,2012,R64
826,128,UNC Asheville,BSth,0.603369,128,107.4,69,103.553,219,69.2657,41,-3.339953873,30,0.6697,0.6697,14,0.4245,0.4245,16,2012,R64
833,135,Lamar,Slnd,0.594545,135,104.627,112,101.202,173,67.2815,113,-4.331545552,30,0.5827,0.5827,15,0.4133,0.4133,16,2012,R64
835,137,Vermont,AE,0.590992,137,101.931,155,98.7202,124,63.3052,293,-5.531072352,17,0.4813,0.4813,12,0.3867,0.3867,16,2012,R64
836,138,Loyola MD,MAAC,0.590832,138,102.085,150,98.8748,130,64.6104,250,-1.54793043,20,0.4682,0.4682,15,0.4415,0.4415,15,2012,R64
858,160,LIU Brooklyn,NEC,0.52951,160,107.836,65,106.733,276,74.1779,2,-2.600408208,14,0.4469,0.4469,12,0.4049,0.4049,16,2012,R64
881,183,Norfolk St.,MEAC,0.445595,183,98.0965,229,99.978,151,67.7682,94,-2.823764577,21,0.5279,0.5279,14,0.3795,0.3795,15,2012,R32
887,189,Western Kentucky,SB,0.436029,189,96.4499,262,98.6322,121,68.8137,54,-10.31974197,19,0.595,0.595,17,0.516,0.516,16,2012,R64
972,274,Mississippi Valley St.,SWAC,0.24503,274,94.3666,287,104.067,232,70.0781,28,-4.924782503,42,0.7647,0.7647,16,0.34,0.34,16,2012,R64
1044,1,Ohio St.,B10,0.976933,1,124.94,1,90.2056,10,65.1768,246,11.96161144,15,0.4703,0.4703,33,0.7087,0.7087,1,2011,S16
1045,2,Kansas,B12,0.965751,2,119.724,4,89.5522,6,69.4342,47,10.237144,19,0.5474,0.5474,28,0.6916,0.6916,1,2011,E8
1046,3,Duke,ACC,0.963365,3,119.497,5,89.9267,8,69.924,38,9.461779019,22,0.6225,0.6225,31,0.719,0.719,1,2011,S16
1047,4,Texas,B12,0.950078,4,114.29,20,88.4604,2,66.9208,156,5.446066339,25,0.555,0.555,29,0.6735,0.6735,4,2011,R32
1048,5,Kentucky,SEC,0.94792,5,118.16,7,91.8112,22,66.2714,191,5.216602761,29,0.6073,0.6073,35,0.7171,0.7171,4,2011,F4
1049,6,Pittsburgh,BE,0.946061,6,118.644,6,92.485,26,63.5859,307,7.645459987,17,0.493,0.493,30,0.6901,0.6901,1,2011,R32
1050,7,Wisconsin,B10,0.939792,7,122.126,2,96.1689,62,57.9255,345,5.882848057,20,0.4811,0.4811,37,0.729,0.729,4,2011,S16
1051,8,Notre Dame,BE,0.936912,8,122.052,3,96.5283,70,64.483,274,7.805044822,20,0.4935,0.4935,34,0.7114,0.7114,2,2011,R32
1052,9,Purdue,B10,0.935826,9,114.271,21,90.5175,12,67.0363,152,7.216167419,21,0.5629,0.5629,35,0.7318,0.7318,3,2011,R32
1053,10,San Diego St.,MWC,0.932606,10,112.471,30,89.4983,5,63.5944,306,8.664434192,20,0.6108,0.6108,26,0.6701,0.6701,2,2011,S16
1054,11,North Carolina,ACC,0.930156,11,111.601,37,89.1026,4,71.8192,17,7.432818594,26,0.6385,0.6385,36,0.7484,0.7484,2,2011,E8
1055,12,Illinois,B10,0.929812,12,113.865,25,90.9527,15,66.6219,170,1.592498259,23,0.5876,0.5876,38,0.758,0.758,9,2011,R32
1056,13,Connecticut,BE,0.926246,13,114.708,18,92.0522,23,65.6204,229,6.959228772,23,0.5288,0.5288,39,0.7446,0.7446,3,2011,Champions
1057,14,Syracuse,BE,0.923824,14,113.911,24,91.691,21,66.3517,186,6.157940764,15,0.5463,0.5463,32,0.7243,0.7243,3,2011,R32
1058,15,Louisville,BE,0.923707,15,110.669,48,89.0941,3,68.0196,102,4.696128529,12,0.45,0.45,31,0.685,0.685,4,2011,R64
1059,16,BYU,MWC,0.919695,16,115.999,13,93.8372,40,71.4499,21,7.16978912,22,0.6075,0.6075,27,0.6691,0.6691,3,2011,S16
1060,17,Florida,SEC,0.913298,17,115.195,17,93.8667,41,63.8692,295,5.256727062,22,0.5512,0.5512,30,0.6893,0.6893,2,2011,E8
1061,18,Washington,P10,0.912665,18,117.253,9,95.6106,55,71.8396,15,1.893636863,20,0.5852,0.5852,28,0.708,0.708,7,2011,R32
1062,19,West Virginia,BE,0.909867,19,114.43,19,93.5893,37,63.5957,305,3.082908898,25,0.6795,0.6795,37,0.7688,0.7688,5,2011,R32
1063,20,Arizona,P10,0.907052,20,117.631,8,96.4915,69,66.3117,189,4.720664936,18,0.5223,0.5223,29,0.6877,0.6877,5,2011,E8
1064,21,Kansas St.,B12,0.903976,21,111.382,40,91.6514,19,68.2516,89,1.971593531,23,0.5319,0.5319,32,0.684,0.684,5,2011,R32
1065,22,Clemson,ACC,0.900769,22,109.363,60,90.275,11,64.8425,257,0.6529901266,16,0.4952,0.4952,29,0.6714,0.6714,12,2011,R64
1066,23,Cincinnati,BE,0.899749,23,110.265,51,91.1095,17,64.1312,288,3.352642494,7,0.3407,0.3407,28,0.633,0.633,6,2011,R32
1067,24,Utah St.,WAC,0.89716,24,109.323,61,90.555,13,63.3365,311,3.734388979,18,0.4823,0.4823,16,0.5189,0.5189,12,2011,R64
1068,25,Michigan,B10,0.89071,25,111.885,36,93.2271,34,62.6617,322,1.864981925,22,0.5178,0.5178,39,0.742,0.742,8,2011,R32
1069,26,St. John's,BE,0.881051,26,111.104,43,93.3487,35,66.9443,155,3.235958996,21,0.5757,0.5757,36,0.7392,0.7392,6,2011,R64
1070,27,UNLV,MWC,0.879774,27,108.904,63,91.5966,18,67.9355,106,2.811583087,23,0.5669,0.5669,27,0.6419,0.6419,8,2011,R64
1071,28,Gonzaga,WCC,0.878621,28,110.476,49,93.0066,30,68.0864,98,0.3468098405,27,0.6191,0.6191,24,0.6031,0.6031,11,2011,R32
1073,30,Marquette,BE,0.877217,30,114.142,23,96.2028,63,67.5907,122,0.7715669773,21,0.4548,0.4548,36,0.7038,0.7038,11,2011,S16
1075,32,Florida St.,ACC,0.876184,32,102.553,154,86.5074,1,69.1098,60,1.186864582,17,0.4798,0.4798,29,0.6577,0.6577,10,2011,S16
1076,33,Vanderbilt,SEC,0.874418,33,115.782,16,97.8033,91,67.7417,116,1.810878887,22,0.569,0.569,28,0.6719,0.6719,5,2011,R64
1077,34,Villanova,BE,0.872171,34,113.749,26,96.2562,64,66.3396,187,1.49042446,15,0.5182,0.5182,30,0.7048,0.7048,9,2011,R64
1078,35,Belmont,ASun,0.868548,35,110.236,52,93.5443,36,69.3377,51,1.027565315,19,0.4641,0.4641,12,0.389,0.389,13,2011,R64
1079,36,Georgetown,BE,0.864156,36,112.157,34,95.489,54,65.0346,250,4.356747211,23,0.6322,0.6322,36,0.7601,0.7601,6,2011,R64
1080,37,Butler,Horz,0.863562,37,110.985,45,94.5327,45,64.7087,264,-0.4032596173,29,0.6385,0.6385,25,0.6393,0.6393,8,2011,2ND
1081,38,Temple,A10,0.859166,38,108.982,62,93.1243,31,65.5319,234,2.14000148,26,0.6295,0.6295,23,0.6046,0.6046,7,2011,R32
1082,39,Penn St.,B10,0.852169,39,112.175,33,96.3258,67,60.7893,337,1.739835601,16,0.5383,0.5383,39,0.7663,0.7663,10,2011,R64
1084,41,George Mason,CAA,0.849436,41,111.246,41,95.7072,56,65.7974,220,1.055318465,16,0.529,0.529,18,0.5489,0.5489,8,2011,R32
1086,43,UCLA,P10,0.846255,43,107.469,78,92.6558,27,66.588,172,1.438757558,22,0.5476,0.5476,29,0.6845,0.6845,7,2011,R32
1087,44,Michigan St.,B10,0.845402,44,107.808,73,93.001,29,66.5717,173,2.270062335,33,0.6167,0.6167,42,0.7774,0.7774,10,2011,R64
1088,45,USC,P10,0.844243,45,106.756,85,92.1648,24,63.2707,315,-1.603694032,23,0.581,0.581,29,0.6964,0.6964,11,2011,R64
1089,46,Missouri,B12,0.842799,46,112.13,35,96.896,76,71.8524,14,1.356282354,16,0.4585,0.4585,28,0.6474,0.6474,11,2011,R64
1092,49,Xavier,A10,0.840219,49,110.773,47,95.8847,61,65.8877,213,2.361640894,27,0.6679,0.6679,23,0.6273,0.6273,6,2011,R64
1093,50,Richmond,A10,0.838294,50,111.082,44,96.2715,65,63.2978,314,1.788048081,21,0.5444,0.5444,21,0.5858,0.5858,12,2011,S16
1094,51,Tennessee,SEC,0.837156,51,108.103,71,93.7585,39,67.1523,146,-1.052804812,25,0.6627,0.6627,31,0.7205,0.7205,9,2011,R64
1096,53,Georgia,SEC,0.827071,53,108.507,67,94.7014,48,64.6303,268,0.2247736493,18,0.513,0.513,28,0.6453,0.6453,10,2011,R64
1097,54,Old Dominion,CAA,0.823706,54,108.587,66,94.9635,50,61.6215,331,2.265069903,21,0.5893,0.5893,19,0.5632,0.5632,9,2011,R64
1102,59,Texas A&M,B12,0.814679,59,107.621,74,94.6189,46,62.7274,319,2.401656469,12,0.4119,0.4119,27,0.6308,0.6308,7,2011,R64
1105,62,VCU,CAA,0.800117,62,111.182,42,98.5495,103,66.5333,175,-2.024471404,23,0.5633,0.5633,24,0.6138,0.6138,11,2011,F4
1107,64,UAB,CUSA,0.796496,64,107.092,83,95.1095,52,63.1122,316,-0.2189615744,20,0.4942,0.4942,20,0.5789,0.5789,12,2011,R64
1109,66,Oakland,Sum,0.791753,66,116.517,10,103.742,220,72.6536,8,0.3139339897,43,0.7472,0.7472,23,0.5465,0.5465,13,2011,R64
1128,85,Wofford,SC,0.724034,85,110.951,46,102.024,177,64.7575,261,-4.551399637,28,0.622,0.622,18,0.4924,0.4924,14,2011,R64
1129,86,Princeton,Ivy,0.724009,86,105.804,101,97.2931,82,63.8462,296,-0.2682688781,17,0.488,0.488,15,0.4777,0.4777,13,2011,R64
1132,89,Memphis,CUSA,0.705934,89,103.461,134,95.8752,59,69.1158,59,-0.01366548231,17,0.4686,0.4686,20,0.5794,0.5794,12,2011,R64
1140,97,Indiana St.,MVC,0.676891,97,102.247,161,95.8785,60,66.0937,202,-4.178591561,22,0.5538,0.5538,21,0.5956,0.5956,14,2011,R64
1143,100,Bucknell,Pat,0.668094,100,102.856,149,96.7852,74,65.9927,207,-2.233247883,20,0.51,0.51,14,0.4205,0.4205,14,2011,R64
1156,113,Morehead St.,OVC,0.640539,113,103.622,130,98.5447,102,64.4798,275,-3.56077721,25,0.5467,0.5467,16,0.44,0.44,13,2011,R32
1165,122,Akron,MAC,0.606451,122,101.536,175,97.7887,90,67.1231,147,-5.569232965,18,0.5221,0.5221,15,0.4848,0.4848,15,2011,R64
1169,126,LIU Brooklyn,NEC,0.590559,126,106.441,89,103.104,205,74.8988,3,-1.249597397,11,0.3847,0.3847,9,0.3639,0.3639,15,2011,R64
1172,129,Northern Colorado,BSky,0.588319,129,104.507,112,101.312,157,67.4841,131,-4.55949725,24,0.54,0.54,15,0.4481,0.4481,15,2011,R64
1174,131,Saint Peter's,MAAC,0.583097,131,93.5699,291,90.8795,14,65.0543,249,-5.905713358,21,0.5803,0.5803,16,0.5068,0.5068,14,2011,R64
1184,141,UC Santa Barbara,BW,0.557904,141,101.399,180,99.3678,121,65.728,226,-6.751494937,27,0.6391,0.6391,17,0.5128,0.5128,15,2011,R64
1214,171,UNC Asheville,BSth,0.486315,171,98.3945,233,98.8641,114,69.4327,48,-8.1123059,33,0.6043,0.6043,14,0.388,0.388,16,2011,R64
1221,178,Boston University,AE,0.466685,178,101.607,174,102.793,196,63.7617,302,-7.583639115,19,0.5258,0.5258,13,0.4118,0.4118,16,2011,R64
1238,195,UTSA,Slnd,0.417214,195,101.432,179,104.423,231,67.9441,105,-9.220251719,13,0.4428,0.4428,11,0.3823,0.3823,16,2011,R64
1266,223,Arkansas Little Rock,SB,0.358786,223,99.4369,219,104.586,233,65.3489,241,-11.10225622,15,0.5526,0.5526,10,0.423,0.423,16,2011,R64
1277,234,Hampton,MEAC,0.34195,234,92.6943,306,98.1238,94,67.0833,150,-5.555758557,8,0.364,0.364,7,0.2754,0.2754,16,2011,R64
1357,314,Alabama St.,SWAC,0.149487,314,91.0352,319,105.893,252,64.9885,251,-13.04239858,22,0.6176,0.6176,9,0.2821,0.2821,16,2011,R64
1389,1,Duke,ACC,0.975221,1,120.782,1,87.7617,6,66.2747,222,8.433114821,24,0.5972,0.5972,35,0.7483,0.7483,1,2010,Champions
1390,2,Kansas,B12,0.966376,2,119.998,2,89.6083,11,68.5088,110,11.71950428,21,0.5686,0.5686,34,0.7198,0.7198,1,2010,R32
1391,3,Syracuse,BE,0.955454,3,117.545,6,90.039,13,70.9964,33,7.542732177,17,0.4904,0.4904,30,0.6966,0.6966,1,2010,S16
1392,4,Kentucky,SEC,0.955274,4,114.491,20,87.7321,5,69.5865,70,8.610731485,12,0.5228,0.5228,26,0.6899,0.6899,1,2010,E8
1393,5,Ohio St.,B10,0.945412,5,117.033,8,91.3296,23,66.0388,229,5.656429351,23,0.4878,0.4878,32,0.6755,0.6755,2,2010,S16
1394,6,Kansas St.,B12,0.945052,6,115.931,13,90.5241,18,70.4542,46,6.767048784,22,0.593,0.593,37,0.757,0.757,2,2010,E8
1395,7,West Virginia,BE,0.942949,7,116.623,10,91.38,24,63.5682,309,8.031858528,27,0.6312,0.6312,38,0.7699,0.7699,2,2010,F4
1396,8,Baylor,B12,0.941129,8,119.423,4,93.8454,48,65.5991,250,5.593721486,19,0.488,0.488,36,0.72,0.72,3,2010,E8
1397,9,Wisconsin,B10,0.93943,9,115.076,18,90.6681,19,60.3513,340,3.865255495,23,0.5745,0.5745,32,0.707,0.707,4,2010,R32
1398,10,Purdue,B10,0.931849,10,108.292,68,86.2628,3,67.4966,162,6.570279167,18,0.5199,0.5199,32,0.7004,0.7004,4,2010,S16
1399,11,BYU,MWC,0.928755,11,116.555,11,93.231,39,71.7915,21,4.00181404,20,0.5182,0.5182,24,0.5995,0.5995,7,2010,R32
1400,12,Texas A&M,B12,0.922469,12,111.303,41,89.7399,12,66.0842,227,4.387049111,25,0.5462,0.5462,38,0.7323,0.7323,5,2010,R32
1401,13,California,P10,0.921019,13,119.424,3,96.4563,77,68.3393,125,1.700598735,30,0.6716,0.6716,31,0.7256,0.7256,8,2010,R32
1402,14,Butler,Horz,0.916302,14,108.659,62,88.2449,7,64.3725,290,4.534781746,33,0.7436,0.7436,27,0.6602,0.6602,5,2010,2ND
1403,15,Maryland,ACC,0.91616,15,117.297,7,95.2756,65,70.2843,49,3.325542163,16,0.4535,0.4535,32,0.6874,0.6874,4,2010,R32
1404,16,Georgetown,BE,0.912402,16,115.799,14,94.4522,54,66.67,209,4.286134998,25,0.5881,0.5881,36,0.7449,0.7449,3,2010,R64
1405,17,Clemson,ACC,0.911256,17,110.359,49,90.1259,15,69.4893,71,1.50564682,15,0.4713,0.4713,32,0.688,0.688,7,2010,R64
1406,18,Villanova,BE,0.911202,18,116.549,12,95.1867,63,72.2932,15,5.527079772,20,0.5175,0.5175,34,0.7071,0.7071,2,2010,R32
1407,19,Missouri,B12,0.910816,19,111.169,43,90.8302,21,70.6164,38,1.629136132,16,0.4429,0.4429,32,0.6708,0.6708,10,2010,R32
1408,20,Xavier,A10,0.910385,20,115.604,15,94.4981,55,69.8265,62,2.827687734,31,0.6576,0.6576,30,0.6798,0.6798,6,2010,S16
1409,21,Temple,A10,0.909115,21,107.176,85,87.7266,4,61.5327,335,5.33276635,26,0.6308,0.6308,25,0.6506,0.6506,5,2010,R64
1410,22,Texas,B12,0.90908,22,113.111,27,92.588,34,72.7355,11,3.880913517,17,0.5218,0.5218,33,0.7048,0.7048,8,2010,R64
1411,23,Michigan St.,B10,0.906255,23,112.494,32,92.3527,30,66.7726,200,3.516347031,18,0.5183,0.5183,32,0.7035,0.7035,5,2010,F4
1412,24,Marquette,BE,0.905015,24,114.47,21,94.0937,50,64.06,297,1.759516699,20,0.457,0.457,33,0.6879,0.6879,6,2010,R64
1413,25,Minnesota,B10,0.90364,25,113.467,25,93.3985,40,67.1192,182,-0.3348458177,18,0.4797,0.4797,32,0.6832,0.6832,11,2010,R64
1414,26,Washington,P10,0.902316,26,112.024,37,92.332,29,73.1777,10,1.182791373,17,0.5633,0.5633,27,0.6953,0.6953,11,2010,S16
1415,27,Utah St.,WAC,0.902138,27,115.086,17,94.8725,59,61.8015,332,-0.3930059167,16,0.5132,0.5132,16,0.547,0.547,12,2010,R64
1416,28,Northern Iowa,MVC,0.900698,28,108.311,67,89.4129,9,60.2165,342,3.727526932,15,0.5064,0.5064,22,0.6304,0.6304,9,2010,S16
1417,29,Oklahoma St.,B12,0.900455,29,113.42,26,93.6531,44,67.5638,158,1.805987747,12,0.4562,0.4562,32,0.6826,0.6826,7,2010,R64
1418,30,Georgia Tech,ACC,0.895276,30,108.804,59,90.2838,17,69.6399,68,1.341968401,16,0.4941,0.4941,35,0.7262,0.7262,10,2010,R32
1419,31,Florida St.,ACC,0.894414,31,103.496,142,85.9473,2,67.1222,181,2.807013547,20,0.4854,0.4854,32,0.6901,0.6901,9,2010,R64
1420,32,Tennessee,SEC,0.892839,32,108.393,66,90.1443,16,69.0395,83,3.863724593,20,0.529,0.529,32,0.6995,0.6995,6,2010,E8
1421,33,UNLV,MWC,0.890896,33,110.47,47,92.0325,27,67.6778,150,0.9536944332,17,0.5429,0.5429,23,0.6165,0.6165,8,2010,R64
1422,34,Notre Dame,BE,0.890379,34,119.208,5,99.3583,130,64.6435,278,0.4670562043,7,0.3837,0.3837,28,0.6611,0.6611,6,2010,R64
1423,35,Pittsburgh,BE,0.889734,35,110.794,46,92.3983,31,62.3939,327,3.644687495,13,0.5051,0.5051,31,0.6957,0.6957,3,2010,R32
1424,36,UTEP,CUSA,0.888069,36,107.216,83,89.5454,10,69.3154,77,2.14766298,16,0.4553,0.4553,21,0.5814,0.5814,12,2010,R64
1426,38,Gonzaga,WCC,0.879975,38,111.33,40,93.6215,43,69.3079,78,2.520602681,29,0.6147,0.6147,25,0.5926,0.5926,8,2010,R32
1427,39,Vanderbilt,SEC,0.878913,39,113.111,28,95.2025,64,69.6019,69,3.226087195,20,0.5847,0.5847,30,0.7124,0.7124,4,2010,R64
1428,40,Old Dominion,CAA,0.876983,40,106.864,91,90.0857,14,63.5595,310,0.5977155174,30,0.6246,0.6246,23,0.5729,0.5729,11,2010,R32
1430,42,Saint Mary's,WCC,0.869337,42,114.731,19,97.3001,91,67.5634,159,1.941209152,19,0.551,0.551,21,0.5798,0.5798,10,2010,S16
1432,44,San Diego St.,MWC,0.864025,44,110.368,48,93.9751,49,64.1909,295,1.347142448,21,0.5584,0.5584,25,0.6248,0.6248,11,2010,R64
1434,46,Louisville,BE,0.860765,46,113.935,23,97.2444,90,67.351,168,-0.1051613624,17,0.5131,0.5131,32,0.7045,0.7045,9,2010,R64
1435,47,New Mexico,MWC,0.860617,47,113.743,24,97.0903,86,68.3705,121,4.90637153,17,0.5703,0.5703,22,0.6107,0.6107,3,2010,R32
1436,48,Richmond,A10,0.854261,48,107.986,70,92.594,35,63.8155,302,2.591882487,24,0.5659,0.5659,26,0.6335,0.6335,7,2010,R64
1437,49,Florida,SEC,0.847099,49,112.363,33,96.8206,83,65.6454,248,-0.04853730612,21,0.5017,0.5017,31,0.6734,0.6734,10,2010,R64
1439,51,Cornell,Ivy,0.845315,51,116.748,9,100.72,159,65.6548,247,1.867548307,26,0.5655,0.5655,21,0.4849,0.4849,12,2010,S16
1442,54,Wake Forest,ACC,0.841798,54,106.639,92,92.2115,28,70.0497,55,1.040427603,20,0.511,0.511,34,0.7149,0.7149,9,2010,R32
1454,66,Siena,MAAC,0.797383,66,107.54,76,95.4621,66,70.7726,34,0.9050006799,28,0.5729,0.5729,18,0.5111,0.5111,13,2010,R64
1455,67,Murray St.,OVC,0.79444,67,106.303,97,94.5126,56,66.9672,191,0.04884283025,14,0.3877,0.3877,12,0.389,0.389,13,2010,R32
1468,80,Wofford,SC,0.756184,80,103.474,143,93.7751,47,64.5387,283,-1.851964662,26,0.5725,0.5725,16,0.4758,0.4758,13,2010,R64
1474,86,Houston,CUSA,0.741424,86,111.343,39,101.597,177,72.6196,12,-6.398467191,17,0.5589,0.5589,22,0.6208,0.6208,13,2010,R64
1484,96,Sam Houston St.,Slnd,0.713709,96,109.166,56,100.83,161,70.236,51,-2.513989358,25,0.5848,0.5848,14,0.4402,0.4402,14,2010,R64
1490,102,Ohio,MAC,0.695836,102,106.215,100,98.8398,118,70.1521,53,-7.774881305,16,0.5048,0.5048,16,0.5273,0.5273,14,2010,R32
1502,114,New Mexico St.,WAC,0.648489,114,109.955,52,104.253,231,71.6926,24,-2.331428866,25,0.5379,0.5379,23,0.5818,0.5818,12,2010,R64
1515,127,Montana,BSky,0.618631,127,104.226,134,99.933,142,63.107,313,-4.63977652,17,0.5003,0.5003,13,0.4382,0.4382,14,2010,R64
1523,135,UC Santa Barbara,BW,0.596857,135,99.433,201,96.0975,72,67.4429,165,-4.126850443,22,0.5735,0.5735,15,0.477,0.477,15,2010,R64
1530,142,Oakland,Sum,0.580766,142,106.237,99,103.268,211,70.2959,48,-1.055899496,39,0.666,0.666,19,0.4634,0.4634,14,2010,R64
1537,149,Vermont,AE,0.555567,149,102.15,159,100.187,149,67.9103,141,-5.079159912,12,0.4144,0.4144,10,0.3601,0.3601,16,2010,R64
1555,167,East Tennessee St.,ASun,0.505375,167,97.8246,231,97.6419,96,68.5484,107,-8.112168448,29,0.6876,0.6876,16,0.4658,0.4658,16,2010,R64
1559,171,Morgan St.,MEAC,0.49372,171,102.999,148,103.224,210,70.042,56,-3.910361261,21,0.4893,0.4893,13,0.3435,0.3435,15,2010,R64
1570,182,Lehigh,Pat,0.473764,182,104.341,131,105.298,247,70.5717,42,-6.792110764,12,0.337,0.337,10,0.3151,0.3151,16,2010,R64
1571,183,North Texas,SB,0.472098,183,101.403,170,102.392,192,68.4917,112,-3.863371268,20,0.4512,0.4512,13,0.3855,0.3855,15,2010,R64
1575,187,Robert Morris,NEC,0.462778,187,98.9584,209,100.25,150,67.2468,176,-6.504454926,22,0.5667,0.5667,12,0.359,0.359,15,2010,R64
1626,238,Winthrop,BSth,0.311399,238,89.5551,322,95.9533,68,65.2594,266,-8.70673071,27,0.6153,0.6153,11,0.348,0.348,16,2010,R64
1634,246,Arkansas Pine Bluff,SWAC,0.30123,246,90.3756,317,97.2363,89,66.8738,194,-8.018691839,50,0.8381,0.8381,21,0.3986,0.3986,16,2010,R64
1736,1,Memphis,CUSA,0.967966,1,111.794,35,83.1187,1,67.9594,121,6.949149545,26,0.6201,0.6201,24,0.6359,0.6359,2,2009,S16
1737,2,Connecticut,BE,0.96755,2,115.424,16,85.9176,3,68.5192,95,8.739505955,19,0.5108,0.5108,35,0.7107,0.7107,1,2009,F4
1738,3,North Carolina,ACC,0.967424,3,123.064,1,91.6363,21,74.2853,7,7.653757033,18,0.5627,0.5627,33,0.7318,0.7318,1,2009,Champions
1739,4,Louisville,BE,0.957685,4,112.014,32,85.4023,2,68.2497,105,8.031416528,14,0.5651,0.5651,32,0.7235,0.7235,1,2009,E8
1740,5,Pittsburgh,BE,0.957074,5,120.732,2,92.1692,27,66.2482,189,8.571713302,17,0.5825,0.5825,34,0.7288,0.7288,1,2009,E8
1741,6,Missouri,B12,0.94745,6,116.313,9,90.4504,17,71.8811,19,6.066028315,17,0.4628,0.4628,31,0.6719,0.6719,3,2009,E8
1742,7,Kansas,B12,0.940896,7,113.617,23,89.3161,9,68.1967,108,5.405153626,24,0.5742,0.5742,32,0.7036,0.7036,3,2009,S16
1743,8,UCLA,P10,0.940623,8,119.368,3,93.8767,46,66.6879,170,4.540905534,15,0.495,0.495,31,0.7055,0.7055,6,2009,R32
1744,9,Michigan St.,B10,0.940211,9,113.239,25,89.1136,8,67.8137,129,7.360955443,27,0.6293,0.6293,37,0.7595,0.7595,2,2009,2ND
1745,10,West Virginia,BE,0.93997,10,114.359,21,90.0285,13,65.6298,223,3.890402174,20,0.5662,0.5662,36,0.7229,0.7229,6,2009,R64
1746,11,Gonzaga,WCC,0.938383,11,116.006,13,91.5461,20,68.9244,80,4.417674473,38,0.6953,0.6953,26,0.6017,0.6017,4,2009,S16
1747,12,Duke,ACC,0.938065,12,116.776,7,92.1979,28,68.2362,106,7.833867077,23,0.5944,0.5944,33,0.7306,0.7306,2,2009,S16
1748,13,Oklahoma,B12,0.936944,13,117.864,4,93.2113,38,68.167,109,7.352478499,19,0.5404,0.5404,32,0.7041,0.7041,2,2009,E8
1749,14,Villanova,BE,0.936158,14,113.855,22,90.1447,14,68.699,86,5.984173022,13,0.4487,0.4487,36,0.7019,0.7019,3,2009,F4
1750,15,Syracuse,BE,0.933035,15,116.304,10,92.4933,33,71.2112,27,5.884033271,22,0.5645,0.5645,37,0.7373,0.7373,3,2009,S16
1751,16,Arizona St.,P10,0.93153,16,117.199,6,93.3988,40,60.8353,331,4.768108117,19,0.5048,0.5048,34,0.7228,0.7228,6,2009,R32
1752,17,Purdue,B10,0.927441,17,109.374,59,87.6369,5,67.6966,133,3.897467478,14,0.4313,0.4313,32,0.6909,0.6909,5,2009,S16
1753,18,Washington,P10,0.926629,18,111.807,34,89.68,11,73.4802,10,4.953347071,17,0.5383,0.5383,33,0.7285,0.7285,4,2009,R32
1754,19,Marquette,BE,0.914741,19,116.462,8,94.7481,55,69.1981,72,3.409092842,14,0.4508,0.4508,32,0.6707,0.6707,6,2009,R32
1755,20,BYU,MWC,0.90843,20,113.017,27,92.5737,34,70.0837,49,2.25052389,19,0.5313,0.5313,23,0.6208,0.6208,8,2009,R64
1756,21,Xavier,A10,0.903339,21,109.053,63,89.7916,12,67.2245,147,2.775350296,30,0.6778,0.6778,25,0.6424,0.6424,4,2009,S16
1757,22,Clemson,ACC,0.903261,22,115.834,14,95.3824,65,69.1815,73,2.698635708,15,0.4574,0.4574,28,0.6554,0.6554,7,2009,R64
1758,23,Texas,B12,0.902722,23,111.575,39,91.9246,26,66.4878,178,2.619367543,25,0.5742,0.5742,34,0.7218,0.7218,7,2009,R32
1759,24,USC,P10,0.899118,24,109.264,60,90.3375,16,65.0814,247,2.485542952,21,0.5633,0.5633,37,0.7463,0.7463,10,2009,R32
1760,25,Illinois,B10,0.897103,25,105.344,102,87.2634,4,63.8501,289,3.835958208,16,0.4756,0.4756,31,0.6838,0.6838,5,2009,R64
1761,26,Wake Forest,ACC,0.893253,26,111.065,43,92.3315,31,73.6429,9,5.108757585,16,0.4477,0.4477,29,0.668,0.668,4,2009,R64
1762,27,Oklahoma St.,B12,0.890407,27,116.046,12,96.7204,78,70.5823,36,2.693852909,22,0.5174,0.5174,35,0.7101,0.7101,8,2009,R32
1764,29,Wisconsin,B10,0.881254,29,111.531,40,93.6922,42,60.4371,334,0.3309051954,23,0.5562,0.5562,33,0.7162,0.7162,12,2009,R32
1765,30,Tennessee,SEC,0.877425,30,114.417,20,96.4182,72,69.4222,68,1.208574131,35,0.6836,0.6836,32,0.7285,0.7285,9,2009,R64
1766,31,Utah,MWC,0.877022,31,109.428,57,92.2442,29,66.0009,205,2.663448486,25,0.674,0.674,26,0.6824,0.6824,5,2009,R64
1767,32,California,P10,0.871236,32,116.05,11,98.2744,115,67.4189,137,3.244025314,20,0.4898,0.4898,34,0.6975,0.6975,7,2009,R64
1768,33,Ohio St.,B10,0.868161,33,112.001,33,95.0698,59,64.0717,283,3.218376273,17,0.4869,0.4869,33,0.7082,0.7082,8,2009,R64
1774,39,Florida St.,ACC,0.861227,39,105.007,106,89.5938,10,67.1549,149,4.983652424,19,0.5331,0.5331,34,0.7089,0.7089,5,2009,R64
1775,40,Arizona,P10,0.860972,40,117.724,5,100.463,155,65.6669,220,0.752157449,22,0.5741,0.5741,36,0.7415,0.7415,12,2009,S16
1777,42,Michigan,B10,0.852793,42,110.58,46,94.9155,56,64.3854,271,0.8680398982,28,0.53,0.53,37,0.7272,0.7272,10,2009,R32
1779,44,Texas A&M,B12,0.852289,44,112.746,28,96.8078,80,65.1135,244,1.855072815,11,0.4572,0.4572,30,0.6761,0.6761,9,2009,R32
1780,45,LSU,SEC,0.851069,45,111.184,41,95.5472,67,66.6175,173,2.3774933,14,0.4011,0.4011,24,0.6096,0.6096,8,2009,R32
1781,46,Minnesota,B10,0.848997,46,105.655,99,90.9242,18,65.9723,206,1.845259404,13,0.4662,0.4662,31,0.6991,0.6991,10,2009,R64
1785,50,Butler,Horz,0.841239,50,108.791,64,94.1065,47,63.8689,288,2.378456832,27,0.6418,0.6418,19,0.5749,0.5749,9,2009,R64
1786,51,Maryland,ACC,0.833895,51,109.579,54,95.2342,62,67.983,119,0.08776002457,18,0.4898,0.4898,34,0.7026,0.7026,10,2009,R32
1789,54,Temple,A10,0.825352,54,107.352,76,93.7912,45,64.9862,254,-0.5359798245,28,0.6241,0.6241,26,0.6405,0.6405,11,2009,R64
1790,55,Utah St.,WAC,0.818753,55,115.102,17,100.957,166,61.3526,328,2.4087033,15,0.4734,0.4734,15,0.5165,0.5165,11,2009,R64
1791,56,VCU,CAA,0.816053,56,107.456,74,94.3994,51,67.3167,144,-2.319357472,22,0.5858,0.5858,16,0.5184,0.5184,11,2009,R64
1794,59,Mississippi St.,SEC,0.803657,59,107.359,75,94.9767,57,68.5592,94,-1.682737698,13,0.4782,0.4782,24,0.6469,0.6469,13,2009,R64
1796,61,Boston College,ACC,0.801838,61,112.593,29,99.7062,143,66.9505,159,0.5240552674,13,0.447,0.447,28,0.6607,0.6607,7,2009,R64
1802,67,Siena,MAAC,0.792913,67,109.378,58,97.326,88,71.6868,21,0.07392844052,28,0.6644,0.6644,19,0.5372,0.5372,9,2009,R32
1807,72,Cleveland St.,Horz,0.784047,72,103.603,128,92.6141,35,64.9859,255,-1.386973688,31,0.631,0.631,22,0.5815,0.5815,13,2009,R32
1813,78,Dayton,A10,0.766568,78,101.774,155,91.7772,25,65.9567,207,1.100989224,14,0.4434,0.4434,21,0.5721,0.5721,11,2009,R32
1815,80,North Dakota St.,Sum,0.764051,80,112.556,30,101.623,184,69.1014,75,-0.7959155781,21,0.5413,0.5413,14,0.4552,0.4552,14,2009,R64
1818,83,Northern Iowa,MVC,0.743797,83,108.5,66,98.8967,128,62.2256,319,-1.744828913,21,0.5647,0.5647,20,0.5992,0.5992,12,2009,R64
1827,92,Western Kentucky,SB,0.704048,92,109.081,62,101.162,171,66.7723,167,-2.137259848,28,0.6266,0.6266,17,0.4884,0.4884,12,2009,R32
1828,93,Akron,MAC,0.699473,93,101.854,154,94.6397,53,65.7849,216,-5.362946264,20,0.4704,0.4704,16,0.4756,0.4756,13,2009,R64
1837,102,Stephen F. Austin,Slnd,0.667592,102,94.202,278,88.6597,7,63.4767,299,-2.542687369,22,0.5808,0.5808,14,0.448,0.448,14,2009,R64
1840,105,Cal St. Northridge,BW,0.653874,105,101.462,165,96.0021,68,72.8952,14,-6.735607891,28,0.5835,0.5835,18,0.5081,0.5081,15,2009,R64
1845,110,Cornell,Ivy,0.638076,110,106.306,88,101.192,172,66.9211,160,-4.7939727,19,0.4789,0.4789,13,0.3809,0.3809,14,2009,R64
1849,114,East Tennessee St.,ASun,0.622114,114,103.782,123,99.3788,136,71.4666,24,-5.898118278,13,0.4598,0.4598,11,0.3932,0.3932,16,2009,R64
1851,116,American,Pat,0.613875,116,103.161,135,99.0844,131,61.8352,321,-2.315327677,21,0.4872,0.4872,13,0.3687,0.3687,14,2009,R64
1864,129,Portland St.,BSky,0.582472,129,107.074,80,104.019,236,66.4354,180,-3.944582283,23,0.4999,0.4999,15,0.4346,0.4346,13,2009,R64
1877,142,Robert Morris,NEC,0.551924,142,100.874,175,99.0619,130,67.1281,152,-5.142116872,22,0.5084,0.5084,13,0.3591,0.3591,15,2009,R64
1898,163,Morgan St.,MEAC,0.497829,163,97.9308,228,98.0048,111,66.4758,179,-5.771736384,25,0.5777,0.5777,14,0.3541,0.3541,15,2009,R64
1903,168,Morehead St.,OVC,0.481621,168,99.9991,192,100.641,159,66.5698,175,-9.334242665,24,0.5484,0.5484,15,0.4438,0.4438,16,2009,R64
1909,174,Binghamton,AE,0.473152,174,100.568,180,101.513,181,68.3902,99,-4.508924875,10,0.4121,0.4121,10,0.3778,0.3778,15,2009,R64
1921,186,Radford,BSth,0.446346,186,99.0263,212,100.899,163,70.0517,50,-6.574175384,30,0.664,0.664,14,0.393,0.393,16,2009,R64
1943,208,Alabama St.,SWAC,0.401702,208,97.854,229,101.303,175,65.3019,233,-5.086980466,32,0.6747,0.6747,10,0.2848,0.2848,16,2009,R64
1954,219,Chattanooga,SC,0.366462,219,102.017,150,106.99,280,71.2188,26,-9.447140593,42,0.7271,0.7271,18,0.4358,0.4358,16,2009,R64
2080,1,Kansas,B12,0.982498,1,121.369,2,85.5065,2,68.6453,117,9.927647648,16,0.4877,0.4877,33,0.7008,0.7008,1,2008,Champions
2081,2,Memphis,CUSA,0.971452,2,116.963,6,86.0686,3,70.1847,72,8.925489066,25,0.6424,0.6424,26,0.6499,0.6499,1,2008,2ND
2082,3,UCLA,P10,0.966392,3,116.196,8,86.7657,5,66.074,215,10.76695895,18,0.4743,0.4743,33,0.6896,0.6896,1,2008,F4
2083,4,North Carolina,ACC,0.965916,4,122.927,1,91.9077,26,74.6909,8,11.89689658,21,0.5551,0.5551,34,0.7231,0.7231,1,2008,F4
2084,5,Wisconsin,B10,0.959993,5,112.57,36,85.3906,1,63.1199,306,8.26890642,22,0.543,0.543,30,0.6862,0.6862,3,2008,S16
2085,6,Louisville,BE,0.951439,6,112.087,39,86.5361,4,67.1763,171,4.741269244,21,0.57,0.57,32,0.7101,0.7101,3,2008,E8
2086,7,Duke,ACC,0.948805,7,115.836,10,89.864,10,73.4556,13,8.913860384,26,0.5956,0.5956,34,0.7231,0.7231,2,2008,R32
2087,8,Texas,B12,0.947598,8,120.612,3,93.7695,41,64.7266,265,8.403004619,24,0.5058,0.5058,35,0.7,0.7,2,2008,E8
2088,9,Georgetown,BE,0.947187,9,112.955,32,87.8797,6,62.9437,311,7.663713625,18,0.4875,0.4875,31,0.6884,0.6884,2,2008,R32
2089,10,Washington St.,P10,0.935891,10,113.361,27,89.788,8,60.0062,334,4.908080099,14,0.3931,0.3931,33,0.6711,0.6711,4,2008,S16
2090,11,Stanford,P10,0.932028,11,112.796,33,89.8285,9,65.1452,256,6.734747215,12,0.4153,0.4153,34,0.6874,0.6874,3,2008,S16
2091,12,Marquette,BE,0.930447,12,114.135,23,91.0908,17,68.5684,122,3.849577988,18,0.4025,0.4025,32,0.6589,0.6589,6,2008,R32
2092,13,Clemson,ACC,0.929922,13,113.184,29,90.3951,12,69.5958,90,4.40273548,17,0.5082,0.5082,32,0.6965,0.6965,5,2008,R64
2093,14,Tennessee,SEC,0.929015,14,114.604,19,91.6395,24,72.8174,19,9.194539261,31,0.5948,0.5948,32,0.6998,0.6998,2,2008,S16
2094,15,Davidson,SC,0.928696,15,114.67,17,91.7304,25,68.4393,128,1.509270712,37,0.6601,0.6601,23,0.537,0.537,10,2008,E8
2095,16,Michigan St.,B10,0.920699,16,114.696,16,92.6734,29,65.3246,249,5.10857989,23,0.5505,0.5505,33,0.6987,0.6987,5,2008,S16
2096,17,Xavier,A10,0.920537,17,115.514,11,93.352,36,65.7525,225,4.662532698,22,0.6099,0.6099,26,0.6692,0.6692,3,2008,E8
2097,18,Texas A&M,B12,0.915543,18,112.124,38,91.1372,20,63.8,294,3.079784781,14,0.4401,0.4401,32,0.6723,0.6723,9,2008,R32
2098,19,West Virginia,BE,0.913785,19,113.807,25,92.6864,30,65.6212,232,2.647984131,14,0.4569,0.4569,31,0.6775,0.6775,7,2008,S16
2099,20,Kansas St.,B12,0.911707,20,114.51,20,93.4707,37,71.8276,30,1.023676457,16,0.4461,0.4461,32,0.6692,0.6692,11,2008,R32
2100,21,Drake,MVC,0.908115,21,119.278,4,97.7341,96,64.4428,278,5.174265995,16,0.4347,0.4347,21,0.5994,0.5994,5,2008,R64
2101,22,Purdue,B10,0.904704,22,110.076,51,90.5103,13,68.4575,126,3.808773503,20,0.4784,0.4784,30,0.6558,0.6558,6,2008,R32
2102,23,Pittsburgh,BE,0.901547,23,116.223,7,95.8648,67,65.2954,252,5.258471978,18,0.4662,0.4662,33,0.6816,0.6816,4,2008,R32
2103,24,Connecticut,BE,0.899225,24,114.878,15,94.9691,58,69.0288,103,4.34173642,20,0.5107,0.5107,29,0.6732,0.6732,4,2008,R64
2104,25,Arizona,P10,0.899153,25,115.467,12,95.463,63,65.2987,251,1.496067175,32,0.6461,0.6461,39,0.7381,0.7381,10,2008,R64
2105,26,Gonzaga,WCC,0.89687,26,112.64,35,93.3278,35,68.3551,131,2.137212634,31,0.6631,0.6631,23,0.5605,0.5605,7,2008,R64
2106,27,Notre Dame,BE,0.89571,27,114.634,18,95.0828,60,70.5486,55,4.376777866,13,0.4084,0.4084,29,0.6549,0.6549,5,2008,R32
2107,28,Butler,Horz,0.894635,28,114.239,22,94.85,53,61.2143,329,4.729893703,22,0.6508,0.6508,18,0.59,0.59,7,2008,R32
2108,29,USC,P10,0.894514,29,109.398,56,90.8402,14,67.3826,158,3.62554663,24,0.5373,0.5373,37,0.718,0.718,6,2008,R64
2109,30,Indiana,B10,0.892641,30,114.083,24,94.8934,55,68.4447,127,4.75321374,18,0.5135,0.5135,28,0.6682,0.6682,8,2008,R64
2113,34,Mississippi St.,SEC,0.873414,34,107.764,74,91.1026,18,68.5453,123,0.5712220071,16,0.4995,0.4995,26,0.6635,0.6635,8,2008,R32
2114,35,BYU,MWC,0.867497,35,105.934,106,89.9655,11,70.1702,73,2.520680405,20,0.4445,0.4445,22,0.5515,0.5515,8,2008,R64
2116,37,Miami FL,ACC,0.861974,37,111.547,41,95.122,61,67.7082,149,1.60098981,11,0.3902,0.3902,29,0.6508,0.6508,7,2008,R32
2117,38,Arkansas,SEC,0.861051,38,110.791,47,94.5411,51,68.5705,121,0.5368802812,17,0.5267,0.5267,28,0.6845,0.6845,9,2008,R32
2119,40,Baylor,B12,0.850871,40,115.908,9,99.6201,127,71.6529,31,1.500013739,14,0.4132,0.4132,30,0.6449,0.6449,11,2008,R64
2120,41,Oregon,P10,0.849656,41,118.033,5,101.531,163,68.024,139,0.7892683581,21,0.5271,0.5271,36,0.7118,0.7118,9,2008,R64
2123,44,UNLV,MWC,0.843441,44,108.847,62,94.0194,45,66.2402,205,2.216456967,16,0.4998,0.4998,22,0.5946,0.5946,8,2008,R32
2124,45,Saint Mary's,WCC,0.839241,45,107.405,79,93.0284,32,68.3691,130,1.206870252,20,0.544,0.544,18,0.5014,0.5014,10,2008,R64
2125,46,Villanova,BE,0.838003,46,107.856,73,93.4936,38,69.4246,94,0.3432490658,16,0.4885,0.4885,32,0.6979,0.6979,12,2008,S16
2126,47,Oklahoma,B12,0.835223,47,107.446,77,93.3025,34,65.1238,257,2.801647015,22,0.5265,0.5265,34,0.7029,0.7029,6,2008,R32
2127,48,Western Kentucky,SB,0.828326,48,109.649,53,95.6251,65,69.6402,88,0.2195784019,19,0.4557,0.4557,16,0.466,0.466,12,2008,S16
2128,49,Saint Joseph's,A10,0.827382,49,113.772,26,99.2777,118,65.359,247,-1.240719864,18,0.5305,0.5305,24,0.634,0.634,11,2008,R64
2133,54,Vanderbilt,SEC,0.81754,54,111.371,42,97.7537,97,70.3921,64,3.771045062,12,0.5081,0.5081,24,0.6563,0.6563,4,2008,R64
2139,60,Kent St.,MAC,0.804361,60,105.946,105,93.6902,39,66.5588,192,2.317008204,21,0.5203,0.5203,18,0.5391,0.5391,9,2008,R64
2146,67,Temple,A10,0.792785,67,111.173,44,98.9297,112,65.5542,236,-1.706029077,22,0.5857,0.5857,23,0.6481,0.6481,12,2008,R64
2147,68,Kentucky,SEC,0.79202,68,106.598,91,94.8966,56,64.2905,283,-1.086868311,20,0.484,0.484,29,0.6646,0.6646,11,2008,R64
2153,74,South Alabama,SB,0.768567,74,110.453,48,99.5063,123,66.6695,186,-0.2531271756,16,0.4574,0.4574,14,0.4449,0.4449,10,2008,R64
2160,81,Oral Roberts,Sum,0.74898,81,102.101,167,92.842,31,65.6947,227,-0.9413183607,29,0.6241,0.6241,17,0.4927,0.4927,13,2008,R64
2165,86,George Mason,CAA,0.738029,86,107.954,71,98.6558,105,63.7197,296,-3.571804163,20,0.5727,0.5727,14,0.5,0.5,12,2008,R64
2169,90,Georgia,SEC,0.728125,90,103.152,145,94.684,52,66.6183,189,-3.850813984,17,0.4216,0.4216,29,0.6627,0.6627,14,2008,R64
2176,97,Siena,MAAC,0.700836,97,106.792,87,99.1722,116,69.1547,100,-3.777395323,25,0.573,0.573,15,0.4773,0.4773,13,2008,R32
2179,100,Cal St. Fullerton,BW,0.68791,100,109.056,60,101.813,172,74.1409,10,-3.219638416,13,0.4084,0.4425,12,0.4034,0.416,14,2008,R64
2190,111,Winthrop,BSth,0.660799,111,96.3019,249,90.8764,15,63.5074,300,-4.248254405,25,0.6035,0.6035,16,0.4543,0.4543,13,2008,R64
2191,112,San Diego,WCC,0.66015,112,99.9764,191,94.3676,48,65.2658,254,-3.920455353,20,0.5409,0.5409,21,0.5327,0.5327,13,2008,R32
2199,120,Portland St.,BSky,0.631123,120,106.734,89,101.865,174,68.0653,138,-3.38518147,23,0.4666,0.4666,15,0.3959,0.3959,16,2008,R64
2211,132,Cornell,Ivy,0.597309,132,107.384,80,103.765,204,69.8007,82,-1.244365118,16,0.3982,0.3982,12,0.3468,0.3468,14,2008,R64
2213,134,Boise St.,WAC,0.592958,134,105.758,108,102.354,181,72.9166,17,-2.384583297,11,0.4014,0.4014,13,0.4394,0.4394,14,2008,R64
2219,140,UMBC,AE,0.566558,140,110.215,50,107.678,281,66.0408,217,-2.964597648,19,0.5003,0.5003,13,0.3971,0.3971,15,2008,R64
2227,148,Belmont,ASun,0.548665,148,105.712,109,103.932,209,71.2268,38,-3.497610163,16,0.4701,0.4701,11,0.37,0.37,15,2008,R64
2236,157,American,Pat,0.520788,157,105.259,116,104.5,220,62.6737,318,-5.815178897,17,0.4425,0.4425,13,0.4069,0.4069,15,2008,R64
2246,167,Austin Peay,OVC,0.482531,167,102.173,165,102.796,189,67.2084,169,-5.250753396,23,0.5962,0.5962,12,0.3625,0.3625,15,2008,R64
2249,170,Mount St. Mary's,NEC,0.467947,170,98.9945,209,100.106,140,67.6103,153,-9.460369592,16,0.5079,0.5079,11,0.3823,0.3823,16,2008,R64
2264,185,UT Arlington,Slnd,0.419619,185,100.095,190,102.958,192,70.348,65,-7.007981008,8,0.2803,0.2803,10,0.3548,0.3548,16,2008,R64
2373,294,Coppin St.,MEAC,0.16949,294,91.5004,312,105.061,231,63.8543,291,-12.98056172,30,0.5236,0.5585,15,0.3459,0.3555,16,2008,R64
2388,309,Mississippi Valley St.,SWAC,0.145642,309,89.7469,323,104.673,224,64.9231,261,-9.982872452,32,0.6077,0.6077,14,0.3033,0.3033,16,2008,R64