,X,team,conf,barthag,barthag_rk,adj_o,adj_o_rk,adj_d,adj_d_rk,adj_t,adj_t_rk,wab,nc_elite_sos,nc_fut_sos,nc_cur_sos,ov_elite_sos,ov_fut_sos,ov_cur_sos,seed,year,final
1,1,Gonzaga,WCC,0.966181,1,120.307,4,89.8858,9,72.6459,5,6.711675308,23,0.4933,0.4933,26,0.5999,0.5999,1,2022,S16
2,2,Houston,Amer,0.959492,2,116.537,10,88.5001,6,63.7171,336,6.153742149,18,0.5603,0.5603,26,0.669,0.669,5,2022,E8
3,3,Kansas,B12,0.95802,3,119.794,5,91.2679,13,69.1149,71,10.40963348,20,0.6267,0.6267,37,0.7798,0.7798,1,2022,Champions
4,4,Texas Tech,B12,0.950897,4,110.513,41,85.4075,1,66.3175,223,6.57205925,18,0.3923,0.3923,36,0.6952,0.6952,3,2022,S16
5,5,Baylor,B12,0.94907,5,117.777,8,91.3267,14,67.5563,149,8.907444663,20,0.5066,0.5066,35,0.7187,0.7187,1,2022,R32
6,6,Duke,ACC,0.944015,6,122.716,1,95.9874,53,67.4209,161,7.18535518,20,0.4597,0.4597,30,0.6895,0.6895,2,2022,F4
7,7,Tennessee,SEC,0.943942,7,111.291,34,87.0607,3,67.3565,164,7.9553294,30,0.5971,0.5971,34,0.7266,0.7266,3,2022,R32
8,8,Villanova,BE,0.934586,8,117.171,9,92.9801,26,62.1973,350,7.288447022,34,0.6494,0.6494,34,0.7443,0.7443,2,2022,F4
9,9,Arizona,P12,0.934109,9,118.038,7,93.7315,35,72.2585,9,8.76115921,22,0.5134,0.5134,26,0.6481,0.6481,1,2022,S16
10,10,UCLA,P12,0.932067,10,115.836,12,92.245,20,65.3691,274,5.055118115,25,0.5714,0.5714,28,0.6878,0.6878,4,2022,S16
11,11,Kentucky,SEC,0.929467,11,119.378,6,95.3994,44,67.7708,133,6.874275311,22,0.48,0.48,32,0.673,0.673,2,2022,R64
12,12,Purdue,B10,0.926733,12,121.592,2,97.5158,86,66.0107,242,7.013137618,16,0.484,0.484,30,0.7056,0.7056,3,2022,S16
13,13,Iowa,B10,0.926521,13,121.147,3,97.1854,80,69.804,50,4.549008193,14,0.4068,0.4068,28,0.6707,0.6707,5,2022,R64
14,14,Auburn,SEC,0.922756,14,111.675,30,90.0084,10,69.991,49,7.417990937,21,0.6223,0.6223,27,0.7033,0.7033,2,2022,R32
15,15,Texas,B12,0.915167,15,112.508,24,91.4877,15,63.5342,339,3.357670578,17,0.4015,0.4015,36,0.6949,0.6949,6,2022,R32
16,16,North Carolina,ACC,0.911258,16,114.43,17,93.4508,33,70.0724,45,4.258425563,25,0.5953,0.5953,33,0.7206,0.7206,8,2022,2ND
17,17,Memphis,Amer,0.902827,17,112.442,25,92.6296,23,70.0358,47,1.352499399,21,0.6271,0.6271,28,0.6934,0.6934,9,2022,R32
18,18,Virginia Tech,ACC,0.90275,18,115.562,14,95.207,43,63.2914,341,1.735945679,20,0.5094,0.5094,29,0.6826,0.6826,11,2022,R64
19,19,Saint Mary's,WCC,0.902421,19,109.791,47,90.4816,11,63.6649,338,3.936161014,20,0.5686,0.5686,27,0.6333,0.6333,5,2022,R32
20,20,Illinois,B10,0.894302,20,111.934,27,92.9643,25,67.0872,184,4.154646462,19,0.5397,0.5397,32,0.7305,0.7305,4,2022,R32
21,21,Arkansas,SEC,0.88938,21,108.703,60,90.6823,12,70.6275,28,4.468636964,12,0.5002,0.5002,30,0.6992,0.6992,4,2022,E8
22,22,LSU,SEC,0.876604,22,106.312,96,89.6472,8,68.6761,95,2.285095478,15,0.513,0.513,30,0.6892,0.6892,6,2022,R64
23,23,San Francisco,WCC,0.874816,23,110.173,44,93.0363,27,68.953,80,1.633433771,17,0.5522,0.5522,24,0.6076,0.6076,10,2022,R64
24,24,Michigan,B10,0.874144,24,113.894,19,96.2297,62,66.4272,217,0.1640677023,25,0.6441,0.6441,36,0.7683,0.7683,11,2022,S16
25,25,Connecticut,BE,0.870909,25,113.198,22,95.8837,52,65.0338,292,3.081213241,18,0.4554,0.4554,27,0.6601,0.6601,5,2022,R64
26,26,TCU,B12,0.869814,26,108.603,63,92.0695,18,65.894,248,2.924316129,12,0.4376,0.4376,37,0.7253,0.7253,9,2022,R32
27,27,San Diego St.,MWC,0.867546,27,102.351,173,86.9192,2,65.3021,277,2.617516333,21,0.576,0.576,24,0.651,0.651,8,2022,R64
28,28,Indiana,B10,0.865202,28,107.683,74,91.6084,16,67.2443,174,0.2242039321,13,0.4281,0.4281,30,0.6953,0.6953,12,2022,R64
30,30,Ohio St.,B10,0.861233,30,115.459,15,98.5112,109,65.1479,284,1.327227505,21,0.5758,0.5758,31,0.7279,0.7279,7,2022,R32
31,31,Alabama,SEC,0.861228,31,115.167,16,98.2626,100,71.829,13,1.961055714,32,0.7343,0.7343,35,0.7715,0.7715,6,2022,R64
34,34,Providence,BE,0.855359,34,111.435,33,95.4779,46,65.3336,276,5.876812549,19,0.5447,0.5447,27,0.6827,0.6827,4,2022,S16
36,36,Notre Dame,ACC,0.854196,36,112.78,23,96.7092,73,65.4006,272,1.853657931,23,0.5143,0.5143,28,0.6648,0.6648,11,2022,R32
37,37,Wisconsin,B10,0.851113,37,108.679,61,93.3914,31,66.4175,218,6.457746407,24,0.5849,0.5849,31,0.7283,0.7283,3,2022,R32
38,38,Miami FL,ACC,0.846736,38,113.561,21,97.8766,93,67.7136,136,2.579431291,18,0.5272,0.5272,30,0.7027,0.7027,10,2022,E8
39,39,Loyola Chicago,MVC,0.84391,39,106.905,86,92.3133,21,64.6008,314,1.758773818,22,0.5251,0.5251,19,0.5626,0.5626,10,2022,R64
40,40,Boise St.,MWC,0.843442,40,107.586,78,92.9301,24,64.5215,318,3.499308269,13,0.5016,0.5016,22,0.6239,0.6239,8,2022,R64
41,41,Michigan St.,B10,0.840496,41,111.626,31,96.606,70,67.5928,146,2.886192183,26,0.5987,0.5987,33,0.7401,0.7401,7,2022,R32
43,43,Iowa St.,B12,0.834586,43,101.748,184,88.3905,5,66.3127,224,2.826231841,15,0.4135,0.4135,37,0.7078,0.7078,11,2022,S16
46,46,Davidson,A10,0.825833,46,115.799,13,101.141,148,64.6283,312,2.135981112,14,0.443,0.443,17,0.537,0.537,10,2022,R64
47,47,Murray St.,OVC,0.824084,47,110.038,45,96.2111,61,66.0439,238,3.508860993,17,0.4546,0.4546,13,0.4184,0.4184,7,2022,R32
49,49,Colorado St.,MWC,0.819025,49,111.855,28,98.0938,95,65.564,259,4.302026853,14,0.4432,0.4432,22,0.6106,0.6106,6,2022,R64
51,51,Creighton,BE,0.815135,51,104.82,123,92.1325,19,66.9885,192,1.720009638,14,0.5197,0.5197,29,0.7023,0.7023,9,2022,R32
58,58,USC,P12,0.802098,58,108.626,62,96.1802,59,66.192,234,4.089435289,12,0.443,0.443,24,0.6335,0.6335,7,2022,R64
60,60,UAB,CUSA,0.800125,60,111.821,29,99.115,120,68.8939,85,-0.1032509405,13,0.4107,0.4107,15,0.4751,0.4751,12,2022,R64
61,61,Seton Hall,BE,0.800005,61,105.41,111,93.4385,32,67.5793,147,1.930861606,18,0.504,0.504,28,0.6803,0.6803,8,2022,R64
63,63,Vermont,AE,0.798395,63,109.688,48,97.3156,84,64.833,305,-0.7703276076,16,0.4918,0.4918,9,0.3443,0.3443,13,2022,R64
68,68,Marquette,BE,0.778738,68,107.707,73,96.5439,69,71.1818,21,0.5548157511,24,0.5946,0.5946,30,0.7114,0.7114,9,2022,R64
73,73,Wyoming,MWC,0.766091,73,107.857,72,97.2852,83,65.7736,252,1.932089671,16,0.4565,0.4565,21,0.5857,0.5857,12,2022,R64
75,75,Rutgers,B10,0.762888,75,106.602,91,96.3022,64,64.9868,294,-0.700541401,11,0.3499,0.3499,29,0.6687,0.6687,11,2022,R64
76,76,New Mexico St.,WAC,0.757882,76,106.031,99,96.015,54,66.1306,236,0.7065604432,15,0.4615,0.4615,15,0.5021,0.5021,12,2022,R32
77,77,Chattanooga,SC,0.755671,77,107.293,81,97.259,82,64.6154,313,0.1971759443,15,0.4584,0.4584,15,0.4968,0.4968,13,2022,R64
78,78,South Dakota St.,Sum,0.754161,78,114.07,18,103.476,209,69.5977,58,1.486189158,17,0.5052,0.5052,11,0.401,0.401,13,2022,R64
93,93,Richmond,A10,0.707124,93,106.946,85,99.0549,117,66.6895,202,-1.645127749,18,0.5803,0.5803,21,0.6309,0.6309,12,2022,R32
104,104,Saint Peter's,MAAC,0.67863,104,99.3884,233,93.1337,28,65.5766,258,-5.566713756,23,0.4886,0.4886,17,0.478,0.478,15,2022,E8
128,128,Akron,MAC,0.604079,128,105.47,110,101.665,162,61.9483,352,-4.269941702,10,0.3309,0.3309,11,0.3827,0.3827,13,2022,R64
129,129,Colgate,Pat,0.602647,129,106.998,82,103.192,204,66.9983,191,-6.101800459,19,0.4965,0.4965,10,0.3473,0.3473,14,2022,R64
133,133,Georgia St.,SB,0.598259,133,101.895,182,98.4269,106,67.2825,170,-5.146317192,14,0.3954,0.3954,13,0.4387,0.4387,16,2022,R64
136,136,Delaware,CAA,0.590818,136,106.501,94,103.153,202,66.6225,205,-5.461875216,11,0.4042,0.4042,14,0.4739,0.4739,15,2022,R64
144,144,Jacksonville St.,ASun,0.563765,144,104.512,131,102.207,179,65.1072,285,-5.221892275,15,0.4121,0.4121,11,0.3923,0.3923,15,2022,R64
145,145,Longwood,BSth,0.554057,145,105.697,106,103.72,215,65.8214,250,-2.278481043,10,0.2678,0.2678,9,0.3185,0.3185,14,2022,R64
150,150,Yale,Ivy,0.544903,150,99.3969,232,97.8524,91,68.8501,88,-4.866066443,20,0.4784,0.4784,16,0.4545,0.4545,14,2022,R64
155,155,Montana St.,BSky,0.530771,155,103.582,154,102.478,185,67.0527,188,-2.831671369,12,0.397,0.397,9,0.3487,0.3487,14,2022,R64
181,181,Cal St. Fullerton,BW,0.467474,181,101.956,179,103.118,200,66.0182,241,-5.04558874,13,0.3699,0.3699,12,0.4076,0.4076,15,2022,R64
184,184,Bryant,NEC,0.465123,184,102.868,165,104.125,224,72.2805,8,-4.789364241,19,0.4418,0.4418,9,0.3159,0.3159,16,2022,R64
186,186,Wright St.,Horz,0.461291,186,104.805,124,106.229,258,68.7734,89,-8.394732554,16,0.4526,0.4526,10,0.3762,0.3762,16,2022,R64
197,197,Texas Southern,SWAC,0.435602,197,96.2796,288,98.4728,108,68.0559,118,-6.77174251,32,0.6845,0.6845,14,0.3709,0.3709,16,2022,R64
199,199,Norfolk St.,MEAC,0.434247,199,100.66,210,103.002,197,66.9631,194,-3.081692814,11,0.3161,0.3161,8,0.2611,0.2611,16,2022,R64
250,250,Texas A&M Corpus Chris,Slnd,0.322274,250,96.3956,284,102.832,192,69.2324,67,-7.620967016,10,0.2516,0.2516,7,0.2418,0.2418,16,2022,R64
359,1,Gonzaga,WCC,0.976891,1,125.925,1,90.932,11,73.5317,9,8.500190059,26,0.5516,0.5516,29,0.6628,0.6628,1,2021,2ND
360,2,Baylor,B12,0.968292,2,125.058,2,92.8957,25,67.7334,194,6.687556496,14,0.4189,0.4189,33,0.6852,0.6852,1,2021,Champions
361,3,Houston,Amer,0.955453,3,119.14,6,91.2606,12,64.2948,324,4.04413242,14,0.4446,0.4446,22,0.6207,0.6207,2,2021,F4
362,4,Illinois,B10,0.949137,4,116.918,8,90.6497,10,70.4505,75,8.810136866,34,0.6084,0.6084,40,0.7925,0.7925,1,2021,R32
363,5,Michigan,B10,0.94771,5,116.563,9,90.6037,9,66.5686,247,7.059984197,10,0.5258,0.5258,36,0.7802,0.7802,1,2021,E8
364,6,Iowa,B10,0.939856,6,123.444,3,97.1975,76,69.8237,95,5.485496051,18,0.398,0.398,37,0.7422,0.7422,2,2021,R32
365,7,USC,P12,0.936213,7,114.32,17,90.5051,8,66.8426,234,5.545134577,20,0.6034,0.6034,35,0.7722,0.7722,6,2021,E8
366,8,Colorado,P12,0.929246,8,115.702,13,92.4894,23,66.0712,271,4.868849195,18,0.5328,0.5328,34,0.7528,0.7528,5,2021,R32
367,9,Alabama,SEC,0.927824,9,111.964,32,89.6675,3,73.3149,11,6.87846501,23,0.6789,0.6789,32,0.7728,0.7728,2,2021,S16
368,10,Florida St.,ACC,0.921065,10,115.213,14,93.0504,27,69.6441,99,2.382591,14,0.5729,0.5729,30,0.7337,0.7337,4,2021,S16
369,11,Ohio St.,B10,0.920465,11,120.415,4,97.3214,79,66.6032,244,5.993255185,17,0.5289,0.5289,39,0.7854,0.7854,2,2021,R64
370,12,Wisconsin,B10,0.91666,12,112.522,28,91.3448,13,64.5983,318,2.056956855,17,0.5023,0.5023,39,0.7797,0.7797,9,2021,R32
371,13,Loyola Chicago,MVC,0.915073,13,109.673,51,89.1918,2,63.4473,335,1.842869281,17,0.3833,0.3833,18,0.5245,0.5245,8,2021,S16
372,14,Villanova,BE,0.910828,14,118.469,7,96.7939,68,64.1365,326,3.05960611,24,0.6362,0.6362,32,0.7582,0.7582,5,2021,S16
373,15,Connecticut,BE,0.907958,15,114.09,18,93.4985,30,65.1799,303,2.030518478,23,0.4744,0.4744,32,0.7384,0.7384,7,2021,R64
374,16,Texas Tech,B12,0.906667,16,111.978,31,91.8906,18,65.345,295,0.9234536484,17,0.3984,0.3984,33,0.6749,0.6749,6,2021,R32
375,17,San Diego St.,MWC,0.904493,17,111.26,35,91.5033,15,65.5288,291,3.079343367,23,0.6542,0.6542,19,0.5951,0.5951,6,2021,R64
376,18,UCLA,P12,0.902387,18,115.961,11,95.5697,54,63.7093,332,2.641802367,29,0.6756,0.6756,38,0.786,0.786,11,2021,F4
377,19,Texas,B12,0.899914,19,112.702,25,93.1087,28,68.6542,143,4.153460997,22,0.6185,0.6185,32,0.7353,0.7353,3,2021,R64
378,20,West Virginia,B12,0.894463,20,116.18,10,96.4766,66,69.2055,118,3.015661403,30,0.7455,0.7455,34,0.761,0.761,3,2021,R32
379,21,Virginia,ACC,0.89434,21,113.754,20,94.4726,40,59.7051,347,3.519309535,19,0.4544,0.4544,30,0.6997,0.6997,4,2021,R64
380,22,LSU,SEC,0.894128,22,119.812,5,99.523,116,70.3404,79,2.256713532,16,0.4798,0.4798,34,0.7299,0.7299,8,2021,R32
382,24,Creighton,BE,0.892946,24,112.595,26,93.6292,32,68.6286,144,3.247788003,16,0.469,0.469,32,0.7378,0.7378,5,2021,S16
383,25,BYU,WCC,0.892362,25,112.965,23,93.9869,35,67.8031,190,3.550429705,24,0.5887,0.5887,30,0.657,0.657,6,2021,R64
384,26,Arkansas,SEC,0.89147,26,109.776,47,91.4072,14,72.5146,21,4.560328488,11,0.4011,0.4011,30,0.6939,0.6939,3,2021,E8
385,27,Tennessee,SEC,0.887422,27,107.669,80,89.9741,4,66.7364,240,2.341861771,14,0.4669,0.4669,30,0.716,0.716,5,2021,R64
387,29,Purdue,B10,0.88216,29,112.343,30,94.3026,37,66.2641,258,3.724151933,17,0.5874,0.5874,36,0.7817,0.7817,4,2021,R64
388,30,Oregon,P12,0.880163,30,115.909,12,97.4571,81,67.1321,218,4.756763346,17,0.5498,0.5498,33,0.7497,0.7497,7,2021,S16
389,31,Kansas,B12,0.878809,31,108.782,59,91.5667,17,68.1063,171,4.333553799,26,0.5743,0.5743,35,0.725,0.725,3,2021,R32
391,33,Georgia Tech,ACC,0.87354,33,113.781,19,96.1797,63,67.2583,213,1.842827024,13,0.4615,0.4615,30,0.7155,0.7155,9,2021,R64
392,34,Maryland,B10,0.869712,34,111.897,33,94.8695,46,64.7861,311,0.05719234749,11,0.3978,0.3978,36,0.7517,0.7517,10,2021,R32
393,35,St. Bonaventure,A10,0.867413,35,109.778,46,93.2354,29,64.3888,322,1.884384584,10,0.5179,0.5179,22,0.6395,0.6395,9,2021,R64
394,36,Oklahoma St.,B12,0.866038,36,108.449,63,92.2024,22,72.0105,29,4.845431886,20,0.5677,0.5677,36,0.7458,0.7458,4,2021,R32
395,37,North Carolina,ACC,0.861675,37,109.045,56,93.0088,26,71.587,36,2.438319558,26,0.6142,0.6142,35,0.7536,0.7536,8,2021,R64
396,38,Syracuse,ACC,0.860202,38,113.377,21,96.8071,70,68.5474,152,0.5299613646,16,0.529,0.529,32,0.7284,0.7284,11,2021,S16
397,39,Florida,SEC,0.856144,39,110.231,44,94.3944,39,68.2256,164,1.177531999,30,0.6147,0.6147,33,0.7551,0.7551,7,2021,R32
398,40,Oklahoma,B12,0.855378,40,111.761,34,95.7562,57,67.0835,220,0.2964784602,18,0.4971,0.4971,34,0.7165,0.7165,8,2021,R32
399,41,Missouri,SEC,0.850852,41,111.172,36,95.5508,53,68.2659,162,2.079061378,25,0.693,0.693,34,0.7769,0.7769,9,2021,R64
400,42,Rutgers,B10,0.844925,42,106.713,94,92.0863,20,67.4413,205,1.745680794,10,0.4106,0.4106,39,0.7931,0.7931,10,2021,R32
401,43,VCU,A10,0.842428,43,104.506,122,90.3297,6,69.7589,97,1.016890162,23,0.5797,0.5797,22,0.6369,0.6369,10,2021,R64
402,44,Clemson,ACC,0.842031,44,105.874,106,91.5364,16,64.2062,325,2.891979462,29,0.6666,0.6666,33,0.755,0.755,7,2021,R64
404,46,Utah St.,MWC,0.83963,46,104.338,126,90.3491,7,68.7413,136,-1.128843676,17,0.515,0.515,18,0.5528,0.5528,11,2021,R64
408,50,Virginia Tech,ACC,0.836637,50,109.476,54,94.9801,47,66.1083,268,0.8864353354,15,0.4864,0.4864,24,0.6645,0.6645,10,2021,R64
410,52,Georgetown,BE,0.829548,52,108.679,61,94.7079,44,69.6053,101,-1.10295622,21,0.5805,0.5805,34,0.7691,0.7691,12,2021,R64
411,53,Oregon St.,P12,0.829531,53,111.102,38,96.8199,71,65.154,304,0.3856765874,5,0.3258,0.3258,36,0.7426,0.7426,12,2021,E8
417,59,Michigan St.,B10,0.799867,59,106.787,93,94.6663,43,68.3992,155,1.166859425,14,0.4621,0.4621,39,0.7786,0.7786,11,2021,R64
427,69,Wichita St.,Amer,0.774971,69,108.363,66,97.3154,78,67.0127,226,1.297588111,19,0.5119,0.5119,23,0.6053,0.6053,11,2021,R64
428,70,UC Santa Barbara,BW,0.771364,70,108.388,65,97.5117,84,65.3456,294,0.1202013437,15,0.4311,0.4311,12,0.4308,0.4308,12,2021,R64
432,74,Ohio,MAC,0.767787,74,110.543,41,99.6251,120,69.127,123,-1.99569204,19,0.3838,0.3838,18,0.5244,0.5244,13,2021,R32
437,79,Drake,MVC,0.751685,79,110.753,40,100.584,139,66.1929,263,1.777628641,6,0.2512,0.2512,16,0.4882,0.4882,11,2021,R64
438,80,Colgate,Pat,0.74963,80,110.425,42,100.382,135,71.6788,33,0.369406702,0,343,0,8,0.3726,0.3726,14,2021,R64
439,81,North Texas,CUSA,0.749035,81,105.762,107,96.1692,60,62.8699,341,-2.42096974,29,0.4638,0.4638,21,0.555,0.555,13,2021,R32
449,91,Eastern Washington,BSky,0.713606,91,109.491,53,101.135,150,72.0005,30,-3.120770272,38,0.6813,0.6813,14,0.4127,0.4127,14,2021,R64
452,94,Liberty,ASun,0.706255,94,109.15,55,101.133,149,63.3639,336,-1.686094344,13,0.337,0.337,10,0.314,0.314,13,2021,R64
454,96,Winthrop,BSth,0.702745,96,104.654,119,97.1094,74,73.3325,10,0.9895627893,11,0.5155,0.5155,7,0.3344,0.3344,12,2021,R64
458,100,Grand Canyon,WAC,0.696089,100,104.407,125,97.1481,75,64.871,309,-2.875449767,12,0.3458,0.3458,11,0.399,0.399,15,2021,R64
460,102,Abilene Christian,Slnd,0.692259,102,100.52,202,93.6778,33,69.2719,114,-1.064162083,15,0.3333,0.3333,11,0.3104,0.3104,14,2021,R32
473,115,UNC Greensboro,SC,0.623765,115,101.912,172,97.5289,85,67.9422,183,-3.365282212,9,0.3867,0.3867,12,0.4752,0.4752,13,2021,R64
481,123,Oral Roberts,Sum,0.594689,123,107.809,75,104.274,216,71.0499,55,-4.935292487,32,0.5452,0.5452,18,0.4606,0.4606,15,2021,S16
492,134,Morehead St.,OVC,0.561973,134,100.136,209,97.9894,90,65.2326,299,-1.939206101,28,0.5353,0.5353,13,0.4098,0.4098,14,2021,R64
493,135,Iona,MAAC,0.554896,135,100.87,195,98.9546,106,67.8054,189,-3.192016798,17,0.4756,0.4756,10,0.3562,0.3562,15,2021,R64
498,140,Drexel,CAA,0.549057,140,106.678,95,104.868,233,64.0715,327,-4.485700059,8,0.3604,0.3604,12,0.4183,0.4183,16,2021,R64
539,181,Cleveland St.,Horz,0.463265,181,100.499,203,101.794,162,65.9943,276,-2.678741329,48,0.8454,0.8454,14,0.4299,0.4299,15,2021,R64
543,185,Hartford,AE,0.440773,185,97.1029,264,99.1336,109,67.0408,225,-4.870586815,25,0.4817,0.4817,13,0.3577,0.3577,16,2021,R64
564,206,Norfolk St.,MEAC,0.386006,206,98.204,246,102.248,177,67.5873,201,-5.040685704,9,0.3455,0.3455,9,0.3007,0.3007,16,2021,R64
573,215,Texas Southern,SWAC,0.353595,215,98.102,250,103.386,200,71.1344,50,-4.350048185,31,0.62,0.62,14,0.3317,0.3317,16,2021,R64
579,221,Mount St. Mary's,NEC,0.339313,221,95.2892,287,100.974,145,61.6571,346,-7.227308098,31,0.6725,0.6725,9,0.3307,0.3307,16,2021,R64
588,230,Appalachian St.,SB,0.334348,230,97.619,259,103.643,207,65.1812,302,-7.642251424,12,0.2855,0.2855,8,0.333,0.333,16,2021,R64
1059,1,Gonzaga,WCC,0.973168,1,124.361,1,91.007,8,70.4867,48,7.148948274,24,0.5601,0.5601,24,0.6041,0.6041,1,2019,E8
1060,2,Virginia,ACC,0.971389,2,123.773,2,91.0974,9,59.1996,353,11.0924497,19,0.4876,0.4876,36,0.7103,0.7103,1,2019,Champions
1061,3,Texas Tech,B12,0.967037,3,115.935,17,86.4195,1,65.9641,257,7.008085255,15,0.4432,0.4432,35,0.7084,0.7084,3,2019,2ND
1062,4,Michigan,B10,0.963448,4,115.323,23,86.7673,2,64.4418,321,9.182794377,15,0.4464,0.4464,34,0.7214,0.7214,2,2019,S16
1063,5,Duke,ACC,0.961792,5,119.642,8,90.3779,6,72.1505,18,11.21588753,28,0.6154,0.6154,38,0.74,0.74,1,2019,E8
1064,6,Michigan St.,B10,0.956126,6,120.609,7,92.2582,13,67.1359,199,10.63994389,25,0.5878,0.5878,39,0.7679,0.7679,2,2019,F4
1065,7,North Carolina,ACC,0.955091,7,120.822,6,92.6172,14,74.5048,4,9.979789291,30,0.6128,0.6128,37,0.7379,0.7379,1,2019,S16
1066,8,Kentucky,SEC,0.953349,8,118.256,12,90.9652,7,65.3727,289,8.762751635,24,0.5582,0.5582,35,0.7225,0.7225,2,2019,E8
1067,9,Purdue,B10,0.950147,9,123.492,4,95.5713,31,65.5379,285,6.1044911,25,0.603,0.603,37,0.7634,0.7634,3,2019,E8
1068,10,Tennessee,SEC,0.944747,10,123.523,3,96.5014,42,67.3328,186,9.824566196,21,0.5104,0.5104,34,0.7012,0.7012,2,2019,S16
1069,11,Houston,Amer,0.941108,11,116.59,16,91.6225,11,65.7543,270,7.930866789,13,0.4597,0.4597,23,0.6245,0.6245,3,2019,S16
1070,12,Auburn,SEC,0.937559,12,122.02,5,96.4108,39,67.8261,153,6.12001677,20,0.5384,0.5384,35,0.7365,0.7365,5,2019,F4
1071,13,Virginia Tech,ACC,0.931551,13,118.63,11,94.5368,26,63.6316,331,5.007214263,17,0.4278,0.4278,31,0.661,0.661,4,2019,S16
1072,14,Kansas St.,B12,0.909779,14,108.776,85,88.9736,4,63.4168,339,6.55484393,16,0.5191,0.5191,32,0.7179,0.7179,4,2019,R64
1073,15,Florida St.,ACC,0.909501,15,112.503,39,92.0493,12,68.5087,123,7.669968167,19,0.5445,0.5445,33,0.7088,0.7088,4,2019,S16
1074,16,Iowa St.,B12,0.90617,16,119.126,9,97.8065,55,67.601,166,4.289539379,16,0.5072,0.5072,33,0.721,0.721,6,2019,R64
1075,17,Kansas,B12,0.903004,17,113.732,28,93.676,17,69.9631,68,8.329964214,31,0.7123,0.7123,39,0.7929,0.7929,4,2019,R32
1076,18,LSU,SEC,0.902039,18,118.691,10,97.8534,58,69.7139,71,7.338602603,21,0.5823,0.5823,32,0.717,0.717,3,2019,S16
1077,19,Wisconsin,B10,0.902001,19,108.965,82,89.8386,5,63.4438,338,6.231756946,26,0.5596,0.5596,37,0.7495,0.7495,5,2019,R64
1078,20,Louisville,ACC,0.896273,20,113.707,29,94.2646,22,67.089,202,2.313293545,26,0.6047,0.6047,35,0.7222,0.7222,7,2019,R64
1079,21,UCF,Amer,0.893711,21,113.589,30,94.3902,24,64.8596,311,2.167617414,11,0.4685,0.4685,25,0.6407,0.6407,9,2019,R32
1081,23,Mississippi St.,SEC,0.891594,23,117.685,13,97.9823,60,67.5351,169,4.550338735,20,0.5866,0.5866,32,0.7262,0.7262,5,2019,R64
1082,24,Florida,SEC,0.887633,24,111.134,56,92.8529,16,62.757,345,0.6413116385,24,0.6275,0.6275,36,0.7454,0.7454,10,2019,R32
1083,25,Wofford,SC,0.88594,25,117.308,14,98.155,62,65.6063,279,4.177798628,25,0.4621,0.4621,19,0.4924,0.4924,7,2019,R32
1084,26,Cincinnati,Amer,0.882217,26,113.15,35,94.9752,28,63.5228,334,5.907425857,15,0.4842,0.4842,25,0.6402,0.6402,7,2019,R64
1085,27,VCU,A10,0.881224,27,105.572,153,88.6883,3,68.2103,135,1.361885911,22,0.6097,0.6097,18,0.5681,0.5681,8,2019,R64
1086,28,Maryland,B10,0.880105,28,112.399,40,94.5109,25,66.1952,246,4.17577415,13,0.4472,0.4472,34,0.7188,0.7188,6,2019,R32
1087,29,Buffalo,MAC,0.87906,29,114.536,24,96.3907,38,73.4364,11,5.748055002,18,0.4958,0.4958,18,0.565,0.565,6,2019,R32
1089,31,Oklahoma,B12,0.870013,31,111.252,54,94.3006,23,68.7914,109,2.5313673,25,0.6973,0.6973,37,0.7887,0.7887,9,2019,R32
1091,33,Oregon,P12,0.864287,33,108.971,80,92.767,15,63.8551,329,-0.9728782476,21,0.5434,0.5434,24,0.6339,0.6339,12,2019,S16
1092,34,Saint Mary's,WCC,0.860562,34,114.117,26,97.4133,51,62.5597,347,-0.6064333824,18,0.5197,0.5197,23,0.5881,0.5881,11,2019,R64
1093,35,Nevada,MWC,0.85985,35,113.521,31,96.9544,46,69.3074,87,4.117607677,16,0.569,0.569,16,0.5581,0.5581,7,2019,R64
1094,36,Syracuse,ACC,0.855093,36,111.272,52,95.3563,30,65.8138,267,0.5098624278,15,0.5503,0.5503,31,0.699,0.699,8,2019,R64
1095,37,Marquette,BE,0.84653,37,112.576,37,97.0414,47,68.9488,104,2.804925673,20,0.533,0.533,24,0.6606,0.6606,5,2019,R64
1097,39,Villanova,BE,0.838331,39,115.51,21,100.106,93,63.5444,333,3.728959287,24,0.6052,0.6052,27,0.6995,0.6995,6,2019,R32
1098,40,Mississippi,SEC,0.835125,40,114.034,27,99.0298,77,68.1598,138,0.950568702,16,0.508,0.508,29,0.6908,0.6908,8,2019,R64
1099,41,Baylor,B12,0.831617,41,115.357,22,100.398,98,65.0581,298,0.9457109645,14,0.4568,0.4568,34,0.7058,0.7058,9,2019,R32
1100,42,Utah St.,MWC,0.831326,42,112.374,43,97.82,56,68.1151,140,2.244193507,19,0.4811,0.4811,17,0.4993,0.4993,8,2019,R64
1102,44,Iowa,B10,0.828992,44,116.824,15,101.84,120,69.3865,86,3.187248829,11,0.4152,0.4152,33,0.7062,0.7062,10,2019,R32
1103,45,Ohio St.,B10,0.8227,45,108.596,89,95.0282,29,65.652,276,0.85308965,17,0.4966,0.4966,35,0.7342,0.7342,11,2019,R32
1105,47,Minnesota,B10,0.817844,47,111.114,57,97.5113,53,67.3031,189,2.683611165,11,0.4762,0.4762,36,0.7428,0.7428,10,2019,R32
1107,49,New Mexico St.,WAC,0.815022,49,112.853,36,99.1992,81,65.5869,283,1.630322205,11,0.3978,0.3978,12,0.4184,0.4184,12,2019,R64
1108,50,Belmont,OVC,0.812663,50,115.917,18,102.03,123,70.9797,35,1.371415866,21,0.5212,0.5212,15,0.4473,0.4473,11,2019,R64
1109,51,Washington,P12,0.803967,51,106.525,136,94.2225,21,65.8273,264,3.289474462,25,0.5768,0.5768,25,0.642,0.642,9,2019,R32
1117,59,Murray St.,OVC,0.784363,59,111.46,48,99.6215,88,68.7248,110,1.347399622,15,0.4046,0.4046,13,0.4128,0.4128,12,2019,R32
1118,60,Temple,Amer,0.780691,60,110.27,62,98.7432,74,68.6525,115,1.960978976,17,0.5273,0.5273,24,0.6343,0.6343,11,2019,R64
1122,64,Arizona St.,P12,0.769131,64,109.572,74,98.6853,72,70.4155,52,0.2280828345,18,0.5399,0.5399,22,0.6298,0.6298,11,2019,R64
1123,65,Seton Hall,BE,0.766869,65,108.766,86,98.0681,61,68.8928,106,-0.2856031341,24,0.5863,0.5863,27,0.6954,0.6954,10,2019,R64
1129,71,UC Irvine,BW,0.745517,71,108.263,100,98.6029,69,65.1325,294,0.9322161586,16,0.4988,0.4988,13,0.4216,0.4216,13,2019,R32
1130,72,Liberty,ASun,0.740941,72,110.196,65,100.573,103,61.9729,350,-0.4304475242,11,0.3553,0.3553,13,0.3929,0.3929,12,2019,R32
1133,75,Vermont,AE,0.735295,75,108.155,101,98.961,76,65.1962,293,-0.7538708589,19,0.534,0.534,12,0.3815,0.3815,13,2019,R64
1140,82,Yale,Ivy,0.702865,82,111.583,47,103.535,152,70.6504,46,-0.7024936292,18,0.4373,0.4373,16,0.4873,0.4873,14,2019,R64
1142,84,St. John's,BE,0.699843,84,108.307,99,100.62,104,70.8316,41,-1.083186264,16,0.4287,0.4287,23,0.6237,0.6237,11,2019,R64
1156,98,Northeastern,CAA,0.671495,98,110.177,67,103.536,153,66.0083,255,-2.586877679,25,0.6557,0.6557,16,0.4937,0.4937,13,2019,R64
1157,99,Northern Kentucky,Horz,0.670542,99,108.865,83,102.342,134,68.0694,143,-2.033542412,14,0.3904,0.3904,13,0.4274,0.4274,14,2019,R64
1166,108,Saint Louis,A10,0.65677,108,102.325,212,96.7111,43,66.2206,245,-2.96556013,19,0.4946,0.4946,19,0.5467,0.5467,13,2019,R64
1172,114,Georgia St.,SB,0.646222,114,107.737,113,102.238,131,69.7755,70,-1.099448362,20,0.5449,0.5449,17,0.529,0.529,14,2019,R64
1179,121,Old Dominion,CUSA,0.632739,121,100.254,258,95.6225,32,64.4261,323,-1.57635545,13,0.4299,0.4299,13,0.4746,0.4746,14,2019,R64
1192,134,Colgate,Pat,0.600287,134,110.243,63,106.412,220,66.3906,237,-4.108449774,18,0.466,0.466,13,0.414,0.414,15,2019,R64
1194,136,Montana,BSky,0.586093,136,107.338,123,104.14,163,66.5372,228,-3.012486215,18,0.4911,0.4911,11,0.3671,0.3671,15,2019,R64
1211,153,Bradley,MVC,0.516708,153,102.129,220,101.537,113,64.985,303,-7.617977199,12,0.4068,0.4068,13,0.4672,0.4672,15,2019,R64
1212,154,Abilene Christian,Slnd,0.51193,154,102.008,224,101.585,115,65.602,282,-2.474528727,11,0.2763,0.2763,9,0.2844,0.2844,15,2019,R64
1225,167,Gardner Webb,BSth,0.486766,167,107.083,128,107.577,242,67.2317,192,-4.861821257,16,0.3466,0.3466,14,0.3883,0.3883,16,2019,R64
1250,192,North Dakota St.,Sum,0.440053,192,107.697,114,109.977,283,65.0152,301,-8.403422337,21,0.4794,0.4794,15,0.4306,0.4306,16,2019,R64
1260,202,Iona,MAAC,0.412389,202,106.348,138,109.673,276,70.4083,53,-10.19375317,18,0.5126,0.5126,11,0.3811,0.3811,16,2019,R64
1265,207,Prairie View A&M,SWAC,0.401685,207,102.876,201,106.503,222,70.7123,44,-6.886617848,20,0.5618,0.5618,9,0.3192,0.3192,16,2019,R64
1282,224,Fairleigh Dickinson,NEC,0.35828,224,105.698,149,111.193,299,66.5416,227,-9.151920693,12,0.3832,0.3832,9,0.3148,0.3148,16,2019,R64
1349,291,North Carolina Central,MEAC,0.251312,291,99.2023,277,109.08,268,64.8626,309,-10.78352691,17,0.3987,0.3987,9,0.2608,0.2608,16,2019,R64
1412,1,Villanova,BE,0.972517,1,128.354,1,94.1301,15,69.611,162,10.58768323,21,0.6035,0.6035,35,0.758,0.758,1,2018,Champions
1413,2,Virginia,ACC,0.961243,2,114.625,31,86.7002,1,60.4812,351,11.25664978,18,0.5553,0.5553,30,0.7096,0.7096,1,2018,R64
1414,3,Duke,ACC,0.959228,3,122.318,3,92.9449,7,70.929,91,6.636232549,23,0.6041,0.6041,32,0.723,0.723,2,2018,E8
1415,4,Purdue,B10,0.948403,4,123.229,2,95.6683,33,68.7143,209,7.63675581,21,0.542,0.542,31,0.7019,0.7019,2,2018,S16
1416,5,Cincinnati,Amer,0.941744,5,111.648,56,87.6508,2,66.1872,322,5.940758385,19,0.4595,0.4595,22,0.5808,0.5808,2,2018,R32
1417,6,Kansas,B12,0.938486,6,122.113,4,96.3506,41,69.9025,147,8.186807342,20,0.6102,0.6102,37,0.7768,0.7768,1,2018,F4
1418,7,Michigan,B10,0.937454,7,114.421,34,90.4208,3,65.887,327,6.888046133,16,0.4144,0.4144,33,0.6923,0.6923,3,2018,2ND
1419,8,West Virginia,B12,0.935294,8,120.856,7,95.8073,35,71.1591,80,4.599486272,16,0.4483,0.4483,34,0.7093,0.7093,5,2018,S16
1420,9,Michigan St.,B10,0.934694,9,118.883,11,94.3238,17,68.0438,238,7.969049874,16,0.447,0.447,27,0.6618,0.6618,3,2018,R32
1421,10,North Carolina,ACC,0.924209,10,120.694,8,97.1039,51,72.6018,41,7.12116393,31,0.6668,0.6668,39,0.7622,0.7622,2,2018,R32
1422,11,Tennessee,SEC,0.922514,11,114.168,36,92.0455,5,67.1206,282,6.393945889,29,0.6453,0.6453,33,0.7458,0.7458,3,2018,R32
1423,12,Xavier,BE,0.921075,12,120.917,6,97.6559,59,71.6775,61,8.779224312,18,0.5779,0.5779,31,0.7239,0.7239,1,2018,R32
1424,13,Gonzaga,WCC,0.919224,13,117.23,15,94.8858,20,70.5471,108,4.857261629,28,0.5729,0.5729,21,0.5518,0.5518,4,2018,S16
1425,14,Texas Tech,B12,0.916972,14,112.694,50,91.452,4,67.5636,261,4.694933535,14,0.4412,0.4412,35,0.714,0.714,3,2018,E8
1426,15,Ohio St.,B10,0.915353,15,115.965,22,94.2796,16,68.1579,235,4.513275252,20,0.5387,0.5387,31,0.7024,0.7024,5,2018,R32
1428,17,Florida,SEC,0.913213,17,115.174,27,93.8589,13,68.4779,221,1.404512778,27,0.6051,0.6051,32,0.7314,0.7314,6,2018,R32
1429,18,Houston,Amer,0.909718,18,114.822,29,93.9246,14,69.4377,173,2.418544037,14,0.4602,0.4602,23,0.5821,0.5821,6,2018,R32
1430,19,Butler,BE,0.906785,19,116.103,21,95.2641,28,69.0718,189,1.683414545,21,0.5387,0.5387,36,0.7351,0.7351,10,2018,R32
1431,20,Kentucky,SEC,0.900045,20,115.761,23,95.6238,32,69.9874,141,4.31111519,22,0.6318,0.6318,32,0.7557,0.7557,5,2018,S16
1432,21,Clemson,ACC,0.898378,21,112.531,52,93.1044,8,67.2293,276,3.953590794,17,0.4995,0.4995,33,0.7061,0.7061,5,2018,S16
1433,22,Seton Hall,BE,0.890239,22,117.781,14,98.1804,66,70.6776,102,2.463499783,18,0.5338,0.5338,34,0.7265,0.7265,8,2018,R32
1434,23,Creighton,BE,0.883643,23,116.234,19,97.4472,56,72.2541,46,2.03246949,17,0.4349,0.4349,32,0.6795,0.6795,8,2018,R64
1435,24,TCU,B12,0.880352,24,119.49,10,100.452,98,69.9584,144,2.20380134,14,0.5203,0.5203,32,0.7245,0.7245,6,2018,R64
1436,25,Auburn,SEC,0.867159,25,114.03,39,96.8653,49,73.7967,19,4.264992321,13,0.4823,0.4823,26,0.6745,0.6745,4,2018,R32
1437,26,Wichita St.,Amer,0.867121,26,120.936,5,102.735,146,70.0588,135,3.36794963,21,0.5691,0.5691,24,0.6245,0.6245,4,2018,R64
1438,27,Texas A&M,SEC,0.863999,27,111.209,60,94.6928,18,70.2512,118,1.933339735,28,0.6176,0.6176,35,0.7488,0.7488,7,2018,S16
1439,28,Florida St.,ACC,0.863119,28,113.168,47,96.4234,43,72.5384,43,0.954839226,14,0.4105,0.4105,33,0.6835,0.6835,9,2018,E8
1440,29,Miami FL,ACC,0.862343,29,113.277,44,96.5712,45,68.1969,233,2.678454086,13,0.4588,0.4588,29,0.6669,0.6669,6,2018,R64
1441,30,Kansas St.,B12,0.858355,30,109.559,80,93.6715,11,66.4537,314,2.551841024,11,0.4207,0.4207,32,0.7003,0.7003,9,2018,E8
1442,31,Virginia Tech,ACC,0.85785,31,115.24,26,98.5644,73,70.2209,120,1.343053615,12,0.3638,0.3638,30,0.6449,0.6449,8,2018,R64
1443,32,Texas,B12,0.854718,32,109.338,82,93.7233,12,66.6198,312,1.365738653,25,0.5649,0.5649,37,0.7451,0.7451,10,2018,R64
1445,34,Arizona,P12,0.852757,34,116.976,16,100.407,94,68.3056,229,3.815758509,20,0.5726,0.5726,23,0.6526,0.6526,4,2018,R64
1447,36,San Diego St.,MWC,0.848646,36,110.244,73,94.8962,21,70.0275,138,-1.543057318,16,0.4667,0.4667,20,0.5684,0.5684,11,2018,R64
1449,38,Arkansas,SEC,0.848302,38,116.657,18,100.44,97,71.0545,84,2.800839214,19,0.5619,0.5619,31,0.7256,0.7256,7,2018,R64
1451,40,Nevada,MWC,0.846196,40,118.877,12,102.496,138,70.6993,101,2.485224463,19,0.5886,0.5886,22,0.6246,0.6246,7,2018,S16
1452,41,Loyola Chicago,MVC,0.844424,41,110.529,66,95.4104,30,66.3959,316,1.960595028,14,0.3771,0.3771,19,0.5562,0.5562,11,2018,F4
1456,45,Missouri,SEC,0.842016,45,110.998,62,95.9673,37,66.7981,298,0.4382127321,18,0.5236,0.5236,29,0.7051,0.7051,8,2018,R64
1457,46,Oklahoma,B12,0.835046,46,114.568,32,99.498,84,76.7294,4,1.093316178,20,0.5608,0.5608,35,0.7475,0.7475,10,2018,R64
1458,47,Syracuse,ACC,0.834356,47,105.979,135,92.0794,6,63.974,346,-0.4335623964,16,0.5484,0.5484,32,0.7135,0.7135,11,2018,S16
1462,51,Davidson,A10,0.82303,51,116.973,17,102.339,132,65.5329,334,-2.876092281,23,0.5202,0.5202,19,0.5554,0.5554,12,2018,R64
1463,52,North Carolina St.,ACC,0.820984,52,115.64,25,101.296,111,72.7696,36,0.8733777249,14,0.3896,0.3896,29,0.6475,0.6475,9,2018,R64
1466,55,Arizona St.,P12,0.808916,55,115.713,24,102.067,130,72.7087,38,-1.195627029,22,0.5648,0.5648,23,0.646,0.646,11,2018,R64
1468,57,Alabama,SEC,0.807446,57,107.908,103,95.2617,27,69.8905,150,-1.122369962,17,0.5917,0.5917,32,0.7521,0.7521,9,2018,R32
1470,59,UCLA,P12,0.802926,59,113.669,43,100.599,99,71.4743,69,-0.03040455327,24,0.5795,0.5795,25,0.6538,0.6538,11,2018,R64
1471,60,Providence,BE,0.802675,60,108.351,93,95.9056,36,68.2903,230,1.911543741,15,0.5115,0.5115,35,0.7305,0.7305,10,2018,R64
1473,62,South Dakota St.,Sum,0.798874,62,113.231,45,100.433,96,71.5458,67,0.6274716607,17,0.4492,0.4492,15,0.4511,0.4511,12,2018,R64
1474,63,Rhode Island,A10,0.798831,63,109.691,78,97.2959,53,69.6124,161,1.60042135,24,0.5973,0.5973,21,0.5996,0.5996,7,2018,R32
1475,64,New Mexico St.,WAC,0.792652,64,106.803,120,95.0473,23,69.4187,174,1.325931184,17,0.4895,0.4895,14,0.4523,0.4523,12,2018,R64
1479,68,Buffalo,MAC,0.776123,68,114.475,33,102.745,147,73.8078,18,-1.339390719,21,0.5429,0.5429,15,0.499,0.499,13,2018,R32
1488,77,St. Bonaventure,A10,0.748486,77,109.647,79,99.7268,86,70.3939,113,1.399104799,20,0.527,0.527,20,0.5747,0.5747,11,2018,R64
1490,79,Murray St.,OVC,0.744873,79,110.63,65,100.788,104,67.8399,248,-0.4107131806,11,0.3973,0.3973,11,0.4044,0.4044,12,2018,R64
1498,87,UNC Greensboro,SC,0.720733,87,103.389,191,95.2073,25,66.2169,320,-1.584393868,15,0.347,0.347,13,0.3812,0.3812,13,2018,R64
1500,89,Montana,BSky,0.718357,89,106.721,123,98.3758,69,69.094,187,-1.115250584,17,0.4466,0.4466,14,0.4349,0.4349,14,2018,R64
1507,96,Georgia St.,SB,0.689358,96,108.789,88,101.503,119,67.6886,255,-5.074096428,9,0.366,0.366,11,0.425,0.425,15,2018,R64
1510,99,Stephen F. Austin,Slnd,0.68318,99,103.781,184,97.0728,50,72.0517,51,-1.852427917,14,0.3278,0.3278,10,0.3194,0.3194,14,2018,R64
1513,102,Bucknell,Pat,0.675984,102,108.012,99,101.321,113,72.8614,31,-3.034594973,25,0.6168,0.6168,14,0.4206,0.4206,14,2018,R64
1522,111,Penn,Ivy,0.664433,111,103.564,187,97.5911,58,70.1021,132,-3.32889329,13,0.4118,0.4118,12,0.4154,0.4154,16,2018,R64
1524,113,Marshall,CUSA,0.663289,113,108.758,89,102.531,141,75.9139,5,-2.513834719,13,0.359,0.359,18,0.5003,0.5003,13,2018,R32
1546,135,College of Charleston,CAA,0.568473,135,106.796,121,104.267,173,65.9645,326,-2.134217436,11,0.2927,0.2927,11,0.3924,0.3924,13,2018,R64
1548,137,Wright St.,Horz,0.563822,137,99.4003,255,97.2062,52,69.301,178,-3.526058062,17,0.4636,0.4636,12,0.4069,0.4069,14,2018,R64
1562,151,Lipscomb,ASun,0.537476,151,103.183,195,101.845,124,75.8684,6,-3.167363368,23,0.4699,0.4699,15,0.3819,0.3819,15,2018,R64
1565,154,Iona,MAAC,0.533342,154,108.84,86,107.583,241,71.4767,68,-7.286300505,19,0.5457,0.5457,13,0.451,0.451,15,2018,R64
1575,164,UMBC,AE,0.496321,164,102.088,207,102.219,131,69.3278,177,-4.862869151,13,0.3489,0.3489,13,0.3863,0.3863,16,2018,R32
1583,172,Cal St. Fullerton,BW,0.475975,172,101.63,222,102.484,137,70.7395,98,-5.481875555,17,0.4753,0.4753,14,0.4499,0.4499,15,2018,R64
1594,183,Radford,BSth,0.455909,183,101.27,229,102.84,152,64.1617,344,-6.527889489,21,0.4526,0.4526,13,0.382,0.382,16,2018,R64
1669,258,LIU Brooklyn,NEC,0.293746,258,101.854,214,109.928,286,72.7853,33,-13.15156796,6,0.3224,0.3224,5,0.287,0.287,16,2018,R64
1670,259,Texas Southern,SWAC,0.292952,259,104.098,176,112.387,318,72.63,40,-10.88364236,46,0.8057,0.8057,19,0.394,0.394,16,2018,R64
1735,324,North Carolina Central,MEAC,0.152239,324,94.992,322,110.29,293,66.3778,317,-12.0150871,11,0.3585,0.3585,6,0.226,0.226,16,2018,R64
1763,1,Gonzaga,WCC,0.972764,1,117.823,16,86.3371,1,71.534,75,7.718116719,22,0.5512,0.5512,24,0.5788,0.5788,1,2017,2ND
1764,2,North Carolina,ACC,0.961477,2,121.014,9,91.4825,8,72.8023,35,8.348208977,23,0.5748,0.5748,38,0.747,0.747,1,2017,Champions
1765,3,Villanova,BE,0.961112,3,122.247,5,92.4935,17,65.641,320,11.06821308,25,0.6078,0.6078,31,0.7173,0.7173,1,2017,R32
1766,4,Florida,SEC,0.957626,4,116.626,23,88.9296,3,70.2417,125,6.344802572,31,0.6683,0.6683,37,0.7615,0.7615,4,2017,E8
1767,5,Kentucky,SEC,0.951658,5,118.34,14,91.3261,7,73.7451,22,9.022077531,26,0.5854,0.5854,34,0.7266,0.7266,2,2017,E8
1768,6,West Virginia,B12,0.949801,6,115.363,30,89.3361,5,72.1946,53,6.426552273,13,0.399,0.399,35,0.704,0.704,4,2017,S16
1769,7,Virginia,ACC,0.94773,7,111.792,48,86.8926,2,60.3219,351,4.99030022,25,0.5755,0.5755,38,0.7533,0.7533,5,2017,R32
1770,8,Kansas,B12,0.947213,8,121.491,8,94.5168,32,71.3567,84,11.00757377,23,0.6034,0.6034,37,0.7641,0.7641,1,2017,E8
1771,9,Louisville,ACC,0.946942,9,117.595,20,91.5284,9,69.4411,188,6.871854879,25,0.6171,0.6171,37,0.7517,0.7517,2,2017,R32
1772,10,Duke,ACC,0.943609,10,122.079,6,95.5527,42,69.6548,170,8.555807796,21,0.5419,0.5419,38,0.7383,0.7383,2,2017,R32
1773,11,SMU,Amer,0.942586,11,120.035,10,94.1087,29,64.7532,332,6.413618301,19,0.5437,0.5437,23,0.6128,0.6128,6,2017,R64
1774,12,Wichita St.,MVC,0.940316,12,117.185,22,92.2038,15,69.9733,150,4.078592823,19,0.4873,0.4873,19,0.5402,0.5402,10,2017,R32
1775,13,Michigan,B10,0.936613,13,123.307,2,97.5632,63,63.959,343,3.776392288,24,0.5352,0.5352,35,0.7266,0.7266,7,2017,S16
1776,14,Saint Mary's,WCC,0.933436,14,118.046,15,93.8263,26,61.24,350,3.872221944,13,0.4718,0.4718,20,0.5301,0.5301,7,2017,R32
1777,15,Oregon,P12,0.93214,15,117.791,17,93.7925,24,68.4179,232,5.960269247,17,0.5241,0.5241,27,0.665,0.665,3,2017,F4
1778,16,Purdue,B10,0.929712,16,116.568,24,93.1235,20,70.4053,116,5.565805626,20,0.4953,0.4953,32,0.6958,0.6958,4,2017,S16
1779,17,Cincinnati,Amer,0.929177,17,115.153,32,92.0583,12,65.3766,326,5.623331986,20,0.5398,0.5398,25,0.622,0.622,6,2017,R32
1780,18,Iowa St.,B12,0.92646,18,119.963,11,96.2426,48,69.5879,177,6.486710784,25,0.5289,0.5289,40,0.7579,0.7579,5,2017,R32
1781,19,Wisconsin,B10,0.925549,19,114.54,34,91.9988,11,64.3853,338,5.13153413,24,0.5212,0.5212,34,0.7133,0.7133,8,2017,S16
1782,20,Baylor,B12,0.922589,20,116.445,25,93.8724,27,65.0977,330,7.903263177,21,0.5152,0.5152,37,0.7338,0.7338,3,2017,S16
1783,21,Oklahoma St.,B12,0.92209,21,126.822,1,102.299,141,72.937,33,3.349078892,24,0.5264,0.5264,39,0.7402,0.7402,10,2017,R64
1784,22,Notre Dame,ACC,0.920516,22,119.287,12,96.4034,51,68.2723,237,5.939069768,18,0.4761,0.4761,36,0.712,0.712,5,2017,R32
1785,23,UCLA,P12,0.917532,23,122.773,3,99.5677,90,74.6287,11,6.65685674,18,0.4679,0.4679,26,0.6175,0.6175,3,2017,S16
1786,24,Arizona,P12,0.915664,24,117.577,21,95.5565,43,67.0943,287,7.872594021,22,0.5905,0.5905,27,0.6703,0.6703,2,2017,S16
1787,25,South Carolina,SEC,0.908291,25,108.662,80,89.0197,4,69.5931,176,1.662871774,17,0.5341,0.5341,32,0.7121,0.7121,7,2017,F4
1788,26,Butler,BE,0.90384,26,117.717,19,96.8774,58,67.2365,277,5.529968355,26,0.6383,0.6383,34,0.7428,0.7428,4,2017,S16
1789,27,Florida St.,ACC,0.901418,27,115.387,29,95.1875,37,72.7878,36,5.906148646,13,0.4644,0.4644,33,0.701,0.701,3,2017,R32
1790,28,Creighton,BE,0.893082,28,114.473,35,95.1798,35,72.6996,41,4.284588317,13,0.4701,0.4701,30,0.6854,0.6854,6,2017,R64
1791,29,Vanderbilt,SEC,0.889787,29,112.497,43,93.8142,25,67.0339,290,0.1190619938,26,0.6537,0.6537,34,0.7518,0.7518,9,2017,R64
1792,30,Marquette,BE,0.888065,30,121.835,7,101.755,124,71.5214,76,0.6149240088,21,0.5085,0.5085,32,0.6933,0.6933,10,2017,R64
1793,31,Wake Forest,ACC,0.883119,31,122.351,4,102.621,154,72.0154,59,1.286389793,25,0.5914,0.5914,35,0.7306,0.7306,11,2017,R64
1794,32,Kansas St.,B12,0.881822,32,112.233,46,94.2369,30,67.1889,280,1.65924547,12,0.4316,0.4316,36,0.7171,0.7171,11,2017,R64
1795,33,Miami FL,ACC,0.880419,33,110.805,60,93.1463,21,64.6379,336,2.902106029,16,0.4618,0.4618,35,0.7042,0.7042,8,2017,R64
1796,34,Rhode Island,A10,0.871672,34,111.121,58,94.0687,28,67.7442,263,0.4100788747,24,0.5578,0.5578,22,0.6118,0.6118,11,2017,R32
1797,35,Xavier,BE,0.871313,35,115.573,27,97.8647,64,68.4062,233,1.609239448,25,0.6409,0.6409,36,0.7538,0.7538,11,2017,E8
1798,36,Minnesota,B10,0.866489,36,109.346,69,92.9338,19,70.9018,100,3.677107901,15,0.5089,0.5089,29,0.6979,0.6979,5,2017,R64
1799,37,Michigan St.,B10,0.866095,37,111.592,49,94.8705,34,68.121,248,0.381706351,28,0.5787,0.5787,35,0.7277,0.7277,9,2017,R32
1801,39,Northwestern,B10,0.856385,39,111.2,55,95.2075,38,66.9002,297,1.965243389,18,0.488,0.488,31,0.6869,0.6869,8,2017,R32
1804,42,Maryland,B10,0.844764,42,113.411,38,97.8766,65,68.5753,223,3.654159417,15,0.4947,0.4947,28,0.6756,0.6756,6,2017,R64
1806,44,Virginia Tech,ACC,0.840113,44,118.371,13,102.469,148,70.0144,144,3.332051013,14,0.4083,0.4083,34,0.6855,0.6855,9,2017,R64
1809,47,Middle Tennessee,CUSA,0.833938,47,111.152,56,96.5987,54,65.7858,317,2.026362664,18,0.5667,0.5667,14,0.4798,0.4798,12,2017,R32
1810,48,Arkansas,SEC,0.833861,48,114.851,33,99.8186,91,70.9662,98,3.894505508,17,0.5001,0.5001,31,0.6801,0.6801,8,2017,R32
1811,49,Dayton,A10,0.833318,49,111.578,50,97.0071,59,69.6004,174,1.478768431,19,0.5449,0.5449,21,0.5883,0.5883,7,2017,R64
1813,51,Providence,BE,0.827781,51,108.299,85,94.4785,31,67.6383,267,0.6059291285,16,0.4653,0.4653,30,0.6733,0.6733,11,2017,R64
1814,52,Seton Hall,BE,0.817799,52,108.948,74,95.6124,44,68.8779,214,2.652514423,20,0.4912,0.4912,34,0.6992,0.6992,9,2017,R64
1820,58,Nevada,MWC,0.802134,58,113.722,37,100.689,108,71.0109,97,1.668131778,14,0.4931,0.4931,17,0.5545,0.5545,12,2017,R64
1821,59,Princeton,Ivy,0.798904,59,107.59,97,95.4281,40,64.1997,341,-0.4332960633,18,0.4818,0.4818,14,0.4576,0.4576,12,2017,R64
1822,60,VCU,A10,0.798845,60,108.099,92,95.8827,47,70.1195,131,1.335013046,16,0.5427,0.5427,20,0.6032,0.6032,10,2017,R64
1824,62,USC,P12,0.796562,62,113.269,39,100.592,106,70.0591,136,1.287679823,13,0.4667,0.4667,26,0.6237,0.6237,11,2017,R32
1826,64,UNC Wilmington,CAA,0.788075,64,117.724,18,105.019,197,71.4566,79,1.522263829,16,0.4762,0.4762,14,0.4854,0.4854,12,2017,R64
1827,65,Vermont,AE,0.786354,65,109.994,63,98.2106,71,65.8385,314,0.7112646008,20,0.5073,0.5073,13,0.4115,0.4115,13,2017,R64
1834,72,East Tennessee St.,SC,0.759475,72,107.337,101,97.1238,61,71.4792,78,-0.7208156603,15,0.438,0.438,14,0.4645,0.4645,13,2017,R64
1841,79,Bucknell,Pat,0.735222,79,108.272,88,99.0714,82,71.368,83,-2.078053302,22,0.5383,0.5383,14,0.4306,0.4306,13,2017,R64
1856,94,New Mexico St.,WAC,0.678263,94,109.36,68,102.493,149,69.1109,206,-0.2513390742,9,0.3598,0.3598,11,0.3974,0.3974,14,2017,R64
1875,113,Florida Gulf Coast,ASun,0.616911,113,107.757,96,103.383,171,67.1611,283,-1.733025025,20,0.4435,0.4435,13,0.3695,0.3695,14,2017,R64
1878,116,Winthrop,BSth,0.610601,116,105.348,133,101.307,117,72.2761,52,-1.763002564,17,0.4314,0.4314,11,0.3406,0.3406,13,2017,R64
1889,127,Iona,MAAC,0.587937,127,109.318,70,105.991,216,71.7291,67,-5.768585343,18,0.5007,0.5007,14,0.457,0.457,14,2017,R64
1901,139,Troy,SB,0.559615,139,108.814,78,106.571,230,69.3557,190,-8.090012812,10,0.3277,0.3277,12,0.427,0.427,15,2017,R64
1909,147,Northern Kentucky,Horz,0.536979,147,105.497,128,104.147,185,69.2772,194,-4.945878773,13,0.3683,0.3683,12,0.3954,0.3954,15,2017,R64
1911,149,Kent St.,MAC,0.532241,149,104.099,159,102.936,162,69.531,182,-7.200650536,9,0.3489,0.3489,12,0.4507,0.4507,14,2017,R64
1919,157,North Dakota,BSky,0.511213,157,103.089,176,102.687,155,72.5011,46,-5.3369786,12,0.3916,0.3916,9,0.3446,0.3446,15,2017,R64
1923,161,Jacksonville St.,OVC,0.505443,161,104.361,154,104.163,187,65.0301,331,-8.05145143,16,0.4118,0.4118,13,0.4188,0.4188,15,2017,R64
1925,163,North Carolina Central,MEAC,0.504348,163,101.449,213,101.295,116,68.0358,253,-5.080607268,11,0.3567,0.3567,6,0.2279,0.2279,16,2017,R64
1946,184,South Dakota St.,Sum,0.461169,184,108.216,90,109.69,291,68.4731,230,-9.794553835,17,0.4749,0.4749,14,0.4588,0.4588,16,2017,R64
1948,186,New Orleans,Slnd,0.453794,186,99.6284,251,101.247,115,67.6501,266,-6.298987993,22,0.4815,0.4815,11,0.3516,0.3516,16,2017,R64
1963,201,Mount St. Mary's,NEC,0.415509,201,98.863,262,101.841,125,68.2829,236,-7.915169395,36,0.6698,0.6698,17,0.414,0.414,16,2017,R64
1967,205,UC Davis,BW,0.403294,205,97.3898,287,100.765,109,70.3049,122,-7.491112105,11,0.4073,0.4073,10,0.3834,0.3834,16,2017,R64
1988,226,Texas Southern,SWAC,0.343685,226,100.64,227,106.464,225,70.0016,145,-4.408690826,37,0.687,0.687,17,0.3467,0.3467,16,2017,R64
2114,1,Villanova,BE,0.970287,1,123.051,3,90.8731,6,66.641,289,8.929911452,26,0.5883,0.5883,35,0.7251,0.7251,2,2016,Champions
2115,2,Kansas,B12,0.966188,2,120.948,8,90.3629,4,70.1047,113,11.60619979,26,0.6073,0.6073,38,0.7575,0.7575,1,2016,E8
2116,3,Virginia,ACC,0.960005,3,119.922,9,90.9649,7,61.8262,351,8.656906182,26,0.6301,0.6301,37,0.7566,0.7566,1,2016,E8
2117,4,North Carolina,ACC,0.953144,4,123.289,1,94.8752,26,71.6308,57,8.537359917,21,0.6027,0.6027,34,0.7412,0.7412,1,2016,2ND
2118,5,Kentucky,SEC,0.951703,5,123.203,2,95.0711,28,68.2194,215,5.012536912,23,0.6005,0.6005,29,0.7066,0.7066,4,2016,R32
2119,6,Michigan St.,B10,0.94283,6,122.544,4,96.0378,38,67.5784,250,7.242176485,20,0.5316,0.5316,27,0.6465,0.6465,2,2016,R64
2120,7,West Virginia,B12,0.939593,7,114.813,26,90.438,5,70.8686,87,7.414389887,22,0.5525,0.5525,36,0.7295,0.7295,3,2016,R64
2121,8,Oklahoma,B12,0.932643,8,118.232,15,94.0781,22,70.8028,89,8.037304068,23,0.5646,0.5646,39,0.7589,0.7589,2,2016,F4
2122,9,Wichita St.,MVC,0.932131,9,110.307,67,87.8342,1,66.7319,284,0.1657324886,25,0.6631,0.6631,22,0.5968,0.5968,11,2016,R32
2123,10,Purdue,B10,0.93155,10,117.191,19,93.3901,16,68.8421,176,4.358288761,18,0.5042,0.5042,27,0.6607,0.6607,5,2016,R64
2125,12,Gonzaga,WCC,0.923771,12,117.424,17,94.5243,25,68.1909,218,2.099512319,26,0.6392,0.6392,23,0.5993,0.5993,11,2016,S16
2126,13,Xavier,BE,0.922949,13,116.997,20,94.2762,24,72.3827,43,7.718093441,19,0.5864,0.5864,30,0.7004,0.7004,2,2016,R32
2127,14,Miami FL,ACC,0.920301,14,119.437,10,96.5496,46,67.0144,271,6.859061491,19,0.5981,0.5981,35,0.7481,0.7481,3,2016,S16
2128,15,Indiana,B10,0.91684,15,121.268,6,98.4246,74,69.4772,143,3.206804733,15,0.4765,0.4765,26,0.6374,0.6374,5,2016,S16
2129,16,Oregon,P12,0.916324,16,118.4,12,96.1538,39,68.9742,167,6.689205284,16,0.5626,0.5626,30,0.7119,0.7119,1,2016,E8
2130,17,Iowa St.,B12,0.916194,17,121.395,5,98.6005,77,72.3161,47,3.580687998,22,0.5671,0.5671,36,0.7373,0.7373,4,2016,S16
2131,18,Vanderbilt,SEC,0.914845,18,114.529,28,93.1646,13,68.6292,185,-0.352587061,27,0.5985,0.5985,32,0.6972,0.6972,11,2016,R64
2132,19,Texas A&M,SEC,0.912643,19,113.037,40,92.1747,10,68.3606,205,5.206483354,23,0.6027,0.6027,29,0.7097,0.7097,3,2016,S16
2133,20,Duke,ACC,0.91222,20,121.168,7,98.8502,83,68.6731,184,4.223493802,23,0.6263,0.6263,33,0.7472,0.7472,4,2016,S16
2134,21,Arizona,P12,0.902179,21,116.056,22,95.6681,35,69.0497,164,3.40218276,15,0.484,0.484,27,0.6626,0.6626,6,2016,R64
2135,22,Seton Hall,BE,0.901365,22,110.836,62,91.4378,8,70.4072,100,5.293628128,16,0.4883,0.4883,32,0.6851,0.6851,6,2016,R64
2136,23,California,P12,0.900594,23,112.432,44,92.8244,12,68.8125,178,2.236963746,18,0.4987,0.4987,28,0.6799,0.6799,4,2016,R64
2138,25,Baylor,B12,0.89237,25,119.259,11,99.2225,91,67.364,257,3.546849376,20,0.4922,0.4922,36,0.7178,0.7178,5,2016,R64
2139,26,Butler,BE,0.88985,26,118.243,14,98.6001,76,69.1633,160,2.050820893,19,0.4678,0.4678,32,0.6665,0.6665,9,2016,R32
2140,27,Syracuse,ACC,0.885657,27,111.886,52,93.6414,20,65.5139,327,-0.2903787638,17,0.5169,0.5169,34,0.7075,0.7075,10,2016,F4
2141,28,Iowa,B10,0.88533,28,114.396,29,95.7691,36,69.8091,124,1.965395662,23,0.5421,0.5421,31,0.6749,0.6749,7,2016,R32
2142,29,Maryland,B10,0.883859,29,114.942,24,96.3462,42,67.9187,234,3.952150571,18,0.5071,0.5071,30,0.6739,0.6739,5,2016,S16
2144,31,VCU,A10,0.881059,31,112.083,49,94.1711,23,70.2676,107,-0.0918547554,20,0.5468,0.5468,22,0.6146,0.6146,10,2016,R32
2145,32,Utah,P12,0.880728,32,115.763,23,97.2893,55,66.8903,278,5.644232241,25,0.5649,0.5649,32,0.7088,0.7088,3,2016,R32
2146,33,Connecticut,Amer,0.873152,33,110.487,65,93.4244,17,66.8244,280,1.161873365,22,0.5239,0.5239,26,0.6355,0.6355,9,2016,R32
2148,35,Cincinnati,Amer,0.866027,35,109.992,75,93.5148,18,65.9954,313,0.2868525249,21,0.4935,0.4935,24,0.6073,0.6073,9,2016,R64
2149,36,Pittsburgh,ACC,0.865933,36,113.949,31,96.8858,51,66.2783,305,1.761612852,10,0.4152,0.4152,32,0.6889,0.6889,10,2016,R64
2150,37,Texas,B12,0.862703,37,112.225,47,95.6493,33,66.2976,303,3.224854264,25,0.6323,0.6323,37,0.7615,0.7615,6,2016,R64
2152,39,Saint Joseph's,A10,0.860006,39,114.238,30,97.5564,59,70.8896,86,3.421581478,20,0.5683,0.5683,23,0.6338,0.6338,8,2016,R32
2153,40,Wisconsin,B10,0.850889,40,108.824,92,93.531,19,64.0403,342,0.420872711,21,0.5758,0.5758,31,0.6985,0.6985,7,2016,S16
2159,46,USC,P12,0.835221,46,113.686,33,98.7211,81,72.0512,53,0.1693373101,18,0.517,0.517,28,0.678,0.678,8,2016,R64
2160,47,Notre Dame,ACC,0.82687,47,118.348,13,103.303,168,65.4727,328,2.304041081,17,0.5013,0.5013,34,0.7115,0.7115,6,2016,E8
2162,49,Stephen F. Austin,Slnd,0.823457,49,110.307,68,96.4824,45,68.216,216,-1.164089925,24,0.5842,0.5842,12,0.3623,0.3623,14,2016,R32
2163,50,Texas Tech,B12,0.822685,50,113.05,39,98.9272,84,67.2146,263,1.337304155,16,0.5523,0.5523,34,0.7307,0.7307,8,2016,R64
2165,52,Yale,Ivy,0.82089,52,109.109,87,95.5801,32,66.7262,285,-0.05274557785,21,0.4784,0.4784,18,0.4899,0.4899,12,2016,R32
2166,53,Michigan,B10,0.819955,53,113.413,37,99.4054,96,66.3038,302,0.8096901753,21,0.484,0.484,30,0.6581,0.6581,11,2016,R64
2167,54,Providence,BE,0.819276,54,108.745,93,95.352,31,69.2776,152,3.348239544,17,0.48,0.48,33,0.6802,0.6802,9,2016,R32
2168,55,Dayton,A10,0.818356,55,105.502,144,92.5585,11,68.4518,196,2.424154764,21,0.5922,0.5922,22,0.6249,0.6249,7,2016,R64
2170,57,Northern Iowa,MVC,0.810896,57,109.707,80,96.6623,48,63.6914,346,-2.133048718,27,0.6623,0.6623,23,0.6038,0.6038,11,2016,R32
2172,59,Colorado,P12,0.807181,59,107.805,108,95.1852,29,69.9012,121,0.6891338133,16,0.488,0.488,28,0.6662,0.6662,8,2016,R64
2174,61,Hawaii,BW,0.794457,61,106.867,115,95.0138,27,71.3966,62,0.8299682377,12,0.4012,0.4012,15,0.4937,0.4937,13,2016,R32
2178,65,Oregon St.,P12,0.788036,65,109.913,76,98.0522,68,67.958,231,0.2716297667,20,0.5534,0.5534,32,0.7211,0.7211,7,2016,R64
2182,69,Arkansas Little Rock,SB,0.773247,69,107.602,111,96.7151,49,63.8109,345,2.05886186,20,0.4837,0.4837,16,0.4849,0.4849,12,2016,R32
2189,76,Tulsa,Amer,0.748562,76,109.488,83,99.5786,100,69.3273,148,-1.191285162,17,0.5558,0.5558,23,0.6296,0.6296,11,2016,R64
2194,81,South Dakota St.,Sum,0.736977,81,110.523,64,101.052,129,69.1391,162,-1.195496791,16,0.5336,0.5336,13,0.497,0.497,12,2016,R64
2196,83,Temple,Amer,0.731814,83,106.318,126,97.4308,58,66.4933,297,-0.1262903383,28,0.5727,0.5727,26,0.6278,0.6278,10,2016,R64
2204,91,UNC Wilmington,CAA,0.718592,91,109.512,81,100.939,127,71.3039,65,-0.7256495859,11,0.4044,0.4044,15,0.5237,0.5237,13,2016,R64
2211,98,Cal St. Bakersfield,WAC,0.710613,98,103.429,171,95.657,34,68.3719,203,-3.51683247,16,0.45,0.45,12,0.3861,0.3861,15,2016,R64
2219,106,Iona,MAAC,0.682187,106,109.126,86,102.114,143,72.577,37,-3.554062325,27,0.6236,0.6236,15,0.4653,0.4653,14,2016,R64
2223,110,Fresno St.,MWC,0.664607,110,106.274,128,100.139,112,69.7904,126,-0.8606818045,18,0.4769,0.4769,19,0.5596,0.5596,14,2016,R64
2226,113,Stony Brook,AE,0.64802,113,104.642,160,99.2333,93,67.7292,243,-1.12626315,22,0.5913,0.5913,13,0.4049,0.4049,13,2016,R64
2230,117,Chattanooga,SC,0.62859,117,105.567,141,100.846,124,67.2454,261,0.3935790849,21,0.5031,0.5031,13,0.4194,0.4194,12,2016,R64
2232,119,Middle Tennessee,CUSA,0.622432,119,103.895,168,99.4759,98,68.433,198,-3.164896042,16,0.571,0.571,15,0.4981,0.4981,15,2016,R32
2248,135,Buffalo,MAC,0.574612,135,105.143,151,102.43,151,72.9118,27,-5.819400541,27,0.5536,0.5536,19,0.5386,0.5386,14,2016,R64
2249,136,Green Bay,Horz,0.572927,136,106.946,113,104.248,185,77.2423,5,-4.523163865,19,0.5351,0.5351,17,0.5066,0.5066,14,2016,R64
2254,141,Weber St.,BSky,0.559917,141,101.651,200,99.5448,99,67.6539,245,-3.66950008,17,0.5544,0.5544,11,0.3967,0.3967,15,2016,R64
2259,146,UNC Asheville,BSth,0.548685,146,101.152,208,99.4478,97,71.0036,83,-6.260493509,21,0.559,0.559,13,0.4011,0.4011,15,2016,R64
2268,155,Florida Gulf Coast,ASun,0.513593,155,102.856,184,102.371,150,67.9274,233,-8.414162242,17,0.4999,0.4999,13,0.4109,0.4109,16,2016,R64
2339,226,Austin Peay,OVC,0.350145,226,103.386,173,109.098,274,70.4856,97,-11.33805843,18,0.479,0.479,14,0.4308,0.4308,16,2016,R64
2363,250,Southern,SWAC,0.306515,250,98.9205,265,106.199,216,69.4454,144,-8.106984399,19,0.5449,0.5449,8,0.3028,0.3028,16,2016,R64
2381,268,Hampton,MEAC,0.261523,268,98.181,278,107.456,247,71.8571,55,-6.282863575,19,0.5145,0.5145,11,0.314,0.314,16,2016,R64
2391,278,Holy Cross,Pat,0.239836,278,96.7245,301,106.93,231,64.5295,337,-14.46700957,15,0.3836,0.3836,11,0.3704,0.3704,16,2016,R64
2402,289,Fairleigh Dickinson,NEC,0.208965,289,102.993,180,115.632,341,72.4376,40,-9.887980406,22,0.5065,0.5065,10,0.3159,0.3159,16,2016,R64
2465,1,Kentucky,SEC,0.984165,1,120.261,5,83.9795,1,63.4539,259,13.08901322,25,0.6142,0.6142,31,0.7118,0.7118,1,2015,F4
2466,2,Duke,ACC,0.976397,2,125.215,3,90.5895,11,66.3811,95,10.66375398,25,0.5559,0.5559,38,0.7375,0.7375,1,2015,Champions
2467,3,Wisconsin,B10,0.975832,3,129.065,1,93.5719,38,59.3403,344,11.3508588,26,0.6389,0.6389,36,0.756,0.756,1,2015,2ND
2468,4,Arizona,P12,0.969953,4,117.498,11,86.8594,3,66.7181,82,8.952115523,18,0.5542,0.5542,28,0.6855,0.6855,2,2015,E8
2469,5,Villanova,BE,0.966255,5,121.938,4,91.0861,15,64.6909,184,11.34088491,16,0.5516,0.5516,29,0.7047,0.7047,1,2015,R32
2470,6,Virginia,ACC,0.964753,6,112.099,32,84.0659,2,58.3783,349,9.986359697,18,0.543,0.543,32,0.7016,0.7016,2,2015,R32
2471,7,Utah,P12,0.951278,7,114.854,17,88.6997,8,61.3601,322,3.660093396,26,0.5398,0.5398,31,0.6808,0.6808,5,2015,S16
2472,8,North Carolina,ACC,0.95068,8,119.609,7,92.4751,22,69.889,13,6.540270799,31,0.6822,0.6822,41,0.7857,0.7857,4,2015,S16
2473,9,Gonzaga,WCC,0.9498,9,120.173,6,93.061,32,65.1819,156,7.767450938,24,0.5997,0.5997,24,0.6307,0.6307,2,2015,E8
2474,10,Notre Dame,ACC,0.940114,10,125.301,2,98.6203,110,63.9184,230,8.570781722,12,0.3571,0.3571,34,0.6688,0.6688,3,2015,E8
2475,11,Oklahoma,B12,0.93493,11,111.621,34,88.5323,6,67.5029,53,4.471091215,23,0.5553,0.5553,35,0.7352,0.7352,3,2015,S16
2476,12,Michigan St.,B10,0.932674,12,116.323,13,92.5547,23,63.9355,229,3.055491529,22,0.5175,0.5175,36,0.7279,0.7279,7,2015,F4
2477,13,Baylor,B12,0.931557,13,116.285,14,92.6668,25,62.0558,306,4.967559366,18,0.5343,0.5343,34,0.7274,0.7274,3,2015,R64
2478,14,Kansas,B12,0.930781,14,113.556,25,90.5876,10,67.198,60,8.974062461,33,0.7233,0.7233,39,0.7962,0.7962,2,2015,R32
2479,15,Louisville,ACC,0.929033,15,109.365,59,87.4484,4,65.5619,136,5.776779492,18,0.4983,0.4983,35,0.7168,0.7168,4,2015,E8
2480,16,Wichita St.,MVC,0.927706,16,114.267,19,91.5267,17,62.5757,291,4.230489528,22,0.6236,0.6236,22,0.5986,0.5986,7,2015,S16
2481,17,Northern Iowa,MVC,0.922848,17,115.441,16,93.0333,31,58.4597,348,5.352073003,19,0.5506,0.5506,19,0.5546,0.5546,5,2015,R32
2482,18,Iowa,B10,0.921066,18,113.954,23,92.0336,18,64.586,189,2.075954699,23,0.516,0.516,33,0.6921,0.6921,7,2015,R32
2483,19,Butler,BE,0.911519,19,108.501,66,88.5835,7,63.8933,234,3.498254028,22,0.5415,0.5415,34,0.7156,0.7156,6,2015,R32
2484,20,Ohio St.,B10,0.910439,20,113.898,24,93.0981,33,66.2604,103,2.487375151,14,0.3989,0.3989,31,0.6659,0.6659,10,2015,R32
2485,21,Iowa St.,B12,0.910332,21,116.887,12,95.5521,61,69.8164,16,7.060418828,20,0.5198,0.5198,35,0.7244,0.7244,3,2015,R64
2486,22,Xavier,BE,0.904944,22,115.673,15,95.0898,56,65.5431,137,1.351031712,17,0.5885,0.5885,33,0.7439,0.7439,6,2015,S16
2487,23,Texas,B12,0.9048,23,110.267,48,90.6588,12,62.7939,281,0.9465582939,20,0.504,0.504,34,0.7067,0.7067,11,2015,R64
2488,24,Georgetown,BE,0.894518,24,112.637,29,93.5301,37,64.557,192,3.758792994,26,0.5968,0.5968,35,0.7368,0.7368,4,2015,R32
2489,25,Providence,BE,0.882092,25,111.569,36,93.6585,39,65.7477,129,3.675143318,24,0.5915,0.5915,35,0.7341,0.7341,6,2015,R64
2491,27,West Virginia,B12,0.873282,27,110.296,47,93.2528,35,68.6029,25,4.115531298,13,0.4921,0.4921,33,0.7164,0.7164,5,2015,S16
2492,28,BYU,WCC,0.86992,28,118.293,10,100.276,131,70.8439,6,0.8078578644,21,0.6286,0.6286,23,0.6297,0.6297,11,2015,R64
2493,29,Arkansas,SEC,0.869585,29,113.195,27,95.9787,64,69.93,12,3.842469597,17,0.4835,0.4835,28,0.6519,0.6519,5,2015,R32
2494,30,San Diego St.,MWC,0.869058,30,103.107,157,87.4606,5,61.2363,325,1.280163447,26,0.6052,0.6052,23,0.5967,0.5967,8,2015,R32
2495,31,North Carolina St.,ACC,0.868418,31,114.1,21,96.833,73,64.7434,181,1.119502719,16,0.5513,0.5513,36,0.7348,0.7348,8,2015,S16
2496,32,Purdue,B10,0.865433,32,110.452,46,93.9481,41,65.0393,166,1.003077614,18,0.4835,0.4835,31,0.6773,0.6773,9,2015,R64
2497,33,SMU,Amer,0.863544,33,111.101,40,94.6327,53,63.6072,251,3.136967515,23,0.5623,0.5623,21,0.589,0.589,6,2015,R64
2498,34,Maryland,B10,0.861858,34,110.167,49,93.9534,42,64.4538,196,6.915049618,18,0.4888,0.4888,31,0.6782,0.6782,4,2015,R32
2499,35,St. John's,BE,0.856865,35,110.587,45,94.6505,54,66.9958,69,2.350090092,24,0.5443,0.5443,34,0.7155,0.7155,9,2015,R64
2501,37,Georgia,SEC,0.84822,37,107.581,74,92.6305,24,64.8401,178,1.589772575,20,0.5636,0.5636,31,0.7045,0.7045,10,2015,R64
2502,38,LSU,SEC,0.847655,38,107.772,71,92.8299,27,70.1336,10,0.4770960657,14,0.458,0.458,25,0.6394,0.6394,9,2015,R64
2503,39,Indiana,B10,0.847323,39,119.497,8,102.953,180,67.1595,65,-0.2678354358,17,0.4546,0.4546,31,0.6691,0.6691,10,2015,R64
2504,40,Oklahoma St.,B12,0.846912,40,110.74,44,95.4344,59,64.0381,220,0.2405549133,16,0.5141,0.5141,35,0.7293,0.7293,9,2015,R64
2506,42,Davidson,A10,0.843533,42,118.329,9,102.204,167,67.1877,62,1.68220255,20,0.4445,0.4445,22,0.5812,0.5812,10,2015,R64
2507,43,UCLA,P12,0.842494,43,111.812,33,96.6412,69,66.7872,80,-0.003449162084,28,0.5796,0.5796,32,0.6829,0.6829,11,2015,S16
2509,45,Cincinnati,Amer,0.837954,45,106.463,89,92.2886,20,60.3018,340,-1.325470867,19,0.5838,0.5838,22,0.6006,0.6006,8,2015,R32
2510,46,Oregon,P12,0.837899,46,114.3,18,99.0858,114,66.9352,73,2.976632263,15,0.5204,0.5204,30,0.6775,0.6775,8,2015,R32
2511,47,VCU,A10,0.837336,47,108.432,67,94.0324,43,67.1958,61,3.006685839,31,0.7018,0.7018,26,0.6655,0.6655,7,2015,R64
2515,51,Boise St.,MWC,0.820996,51,109.54,57,95.9514,63,63.445,261,0.2068986724,24,0.5402,0.5402,20,0.5431,0.5431,11,2015,R64
2519,55,Dayton,A10,0.805875,55,106.982,85,94.527,51,63.8357,237,0.7706376069,17,0.5456,0.5456,21,0.601,0.601,11,2015,R32
2521,57,Mississippi,SEC,0.803713,57,112.188,31,99.2451,117,66.556,91,-0.516768508,17,0.5115,0.5115,28,0.6801,0.6801,11,2015,R64
2527,63,Stephen F. Austin,Slnd,0.791893,63,111.021,41,98.8414,111,66.3686,97,1.228375426,25,0.5422,0.5422,14,0.4033,0.4033,12,2015,R64
2531,67,Georgia St.,SB,0.780152,67,109.46,58,98.0452,93,63.1568,267,-2.955599062,24,0.5578,0.5578,16,0.4692,0.4692,14,2015,R32
2535,71,Buffalo,MAC,0.77417,71,109.133,61,98.0459,94,68.9422,22,-1.30935925,23,0.5026,0.5026,18,0.5399,0.5399,12,2015,R64
2537,73,Valparaiso,Horz,0.770606,73,104.969,113,94.471,49,63.0942,271,0.1220809938,10,0.4246,0.4246,12,0.4656,0.4656,13,2015,R64
2548,84,UC Irvine,BW,0.72017,84,105.112,111,96.8173,72,63.8973,232,-4.549636618,23,0.5391,0.5391,18,0.5368,0.5368,13,2015,R64
2552,88,Harvard,Ivy,0.705718,88,102.375,169,94.877,55,61.5882,317,-1.339720194,20,0.5243,0.5243,17,0.5032,0.5032,13,2015,R64
2570,106,New Mexico St.,WAC,0.661306,106,103.933,143,98.0583,95,64.0204,222,-4.493894949,22,0.5581,0.5581,14,0.4084,0.4084,15,2015,R64
2571,107,Northeastern,CAA,0.658605,107,106.99,83,101.048,146,63.6429,248,-4.568036021,19,0.5521,0.5521,14,0.4766,0.4766,14,2015,R64
2573,109,Wofford,SC,0.654652,109,102.314,171,96.7794,71,61.2317,326,0.2145587107,30,0.6065,0.6065,15,0.4343,0.4343,12,2015,R64
2586,122,Wyoming,MWC,0.612077,122,102.125,175,98.154,102,59.1999,346,-1.588947785,11,0.3636,0.3636,18,0.5133,0.5133,12,2015,R64
2600,136,Albany,AE,0.574854,136,104.939,114,102.222,169,61.2858,324,-3.323583497,16,0.4887,0.4887,11,0.3829,0.3829,14,2015,R64
2601,137,UAB,CUSA,0.572051,137,102.69,160,100.131,128,65.3366,149,-7.468998185,27,0.6018,0.6018,18,0.5236,0.5236,14,2015,R32
2603,139,Eastern Washington,BSky,0.564752,139,110.071,50,107.606,280,68.5349,27,-2.592342597,24,0.5757,0.5757,13,0.4215,0.4215,13,2015,R64
2607,143,Belmont,OVC,0.549674,143,108.705,64,106.836,255,67.5907,48,-4.698385573,16,0.4523,0.4523,14,0.4271,0.4271,15,2015,R64
2610,146,Coastal Carolina,BSth,0.541744,146,104.508,122,102.998,182,64.0732,214,-5.070120285,18,0.4558,0.4558,12,0.3687,0.3687,16,2015,R64
2615,151,Manhattan,MAAC,0.523846,151,100.206,217,99.3773,119,68.0175,36,-7.662016847,17,0.504,0.504,11,0.4249,0.4249,16,2015,R64
2625,161,North Florida,ASun,0.506282,161,105.239,109,105.01,223,67.4601,56,-5.075728762,27,0.5207,0.5207,14,0.3685,0.3685,16,2015,R64
2627,163,North Dakota St.,Sum,0.503462,163,100.815,202,100.693,140,61.4535,319,-3.95199772,18,0.4255,0.4255,14,0.4194,0.4194,15,2015,R64
2655,191,Robert Morris,NEC,0.42864,191,100.73,204,103.279,187,65.9808,118,-8.56770041,24,0.5595,0.5595,14,0.4005,0.4005,16,2015,R64
2678,214,Lafayette,Pat,0.383941,214,109.849,55,114.46,340,65.1155,160,-7.090033806,20,0.4793,0.4793,13,0.4119,0.4119,16,2015,R64
2700,236,Texas Southern,SWAC,0.337116,236,101.899,180,108.07,289,63.7079,245,-4.45731866,43,0.75,0.75,19,0.3838,0.3838,15,2015,R64
2725,261,Hampton,MEAC,0.293936,261,94.7754,303,102.28,170,69.6003,18,-12.59038053,19,0.4633,0.4633,12,0.3393,0.3393,16,2015,R64