"","team","conf","barthag","barthag_rk","adj_o","adj_o_rk","adj_d","adj_d_rk","adj_t","adj_t_rk","wab","nc_elite_sos","nc_fut_sos","nc_cur_sos","ov_elite_sos","ov_fut_sos","ov_cur_sos","seed","year"
"1","Connecticut","BE",0.96428,1,121.478,3,91.2094,9,66.7278,200,5.0331968720965,21,0.5019,0.5019,32,0.7066,0.7066,4,2023
"2","Alabama","SEC",0.954842,2,116.081,15,89.0281,3,72.5515,4,10.193179464818,35,0.7037,0.7037,34,0.7389,0.7389,1,2023
"3","Houston","Amer",0.953161,3,117.307,13,90.2685,5,63.3592,341,8.0461906858552,21,0.531,0.531,24,0.6239,0.6239,1,2023
"4","UCLA","P12",0.952842,4,114.914,23,88.482,2,66.0718,234,8.4028705301673,19,0.5269,0.5269,29,0.696,0.696,2,2023
"5","Tennessee","SEC",0.940125,5,111.211,57,87.5294,1,65.1467,285,2.8098131219623,24,0.5703,0.5703,29,0.69,0.69,4,2023
"6","Texas","B12",0.93709,6,116.056,16,91.7615,10,68.4842,115,7.5330586070922,20,0.5248,0.5248,35,0.7435,0.7435,2,2023
"7","Purdue","B10",0.933252,7,117.87,10,93.7109,21,63.9269,330,9.3898335987218,22,0.5459,0.5459,30,0.7027,0.7027,1,2023
"8","Arizona","P12",0.929196,8,119.351,6,95.4127,34,72.1678,10,7.5708727126676,24,0.5895,0.5895,29,0.6875,0.6875,2,2023
"9","Gonzaga","WCC",0.925079,9,123.171,1,98.9896,78,70.123,40,6.6444825178048,28,0.6116,0.6116,29,0.6621,0.6621,3,2023
"10","Saint Mary's","WCC",0.921265,10,112.063,44,90.4845,6,61.9027,359,3.4037173015439,20,0.598,0.598,24,0.6476,0.6476,5,2023
"11","San Diego St.","MWC",0.920477,11,110.773,61,89.5269,4,65.6929,264,5.6538299587726,25,0.6335,0.6335,29,0.7083,0.7083,5,2023
"12","Marquette","BE",0.919694,12,118.712,8,96.0323,41,68.3803,122,7.827522283187,19,0.5212,0.5212,31,0.694,0.694,2,2023
"13","Creighton","BE",0.917708,13,115.001,21,93.2454,15,67.6823,153,2.1581527531714,27,0.6316,0.6316,33,0.7318,0.7318,6,2023
"14","Kansas","B12",0.91765,14,113.792,31,92.2711,13,69.0313,83,10.072110283431,27,0.646,0.646,38,0.7766,0.7766,1,2023
"15","Duke","ACC",0.907157,15,113.301,33,92.929,14,64.8711,298,4.5020397169877,22,0.5563,0.5563,28,0.6744,0.6744,5,2023
"16","Memphis","Amer",0.90301,16,115.352,20,95.0097,30,70.9986,24,4.7174638571503,26,0.642,0.642,28,0.6787,0.6787,8,2023
"17","Baylor","B12",0.899127,17,121.687,2,100.608,102,66.8776,187,5.2348995004273,25,0.5555,0.5555,37,0.7419,0.7419,3,2023
"18","West Virginia","B12",0.893292,18,117.244,14,97.4643,55,68.4236,120,1.4557898630677,21,0.5743,0.5743,36,0.7553,0.7553,9,2023
"19","Arkansas","SEC",0.889425,19,111.904,45,93.3488,16,69.5145,58,0.3775407198016,21,0.5925,0.5925,33,0.7184,0.7184,8,2023
"20","Xavier","BE",0.889041,20,118.01,9,98.4761,74,70.475,33,5.3587434044862,24,0.577,0.577,32,0.7093,0.7093,3,2023
"21","Auburn","SEC",0.882879,21,113.13,34,94.9057,28,67.5984,157,1.0534773361909,23,0.5986,0.5986,32,0.7111,0.7111,9,2023
"22","Florida Atlantic","CUSA",0.881499,22,114.026,27,95.7684,40,67.4583,164,4.7187311340594,10,0.3702,0.3702,19,0.5445,0.5445,9,2023
"23","Texas A&M","SEC",0.880812,23,113.843,30,95.6691,38,65.9893,245,3.6844134825773,15,0.471,0.471,28,0.664,0.664,7,2023
"24","Kansas St.","B12",0.880324,24,112.62,39,94.6798,27,69.8011,45,4.2362753605537,10,0.4584,0.4584,32,0.7165,0.7165,3,2023
"25","Michigan St.","B10",0.877126,25,114.419,24,96.443,45,64.5942,307,2.4260627137112,26,0.6349,0.6349,36,0.7742,0.7742,7,2023
"26","Kentucky","SEC",0.873786,26,115.653,18,97.7437,60,65.7725,257,1.6142093659037,23,0.5426,0.5426,30,0.6791,0.6791,6,2023
"27","Miami FL","ACC",0.871486,27,119.142,7,100.874,109,68.6488,104,3.659089326426,17,0.4863,0.4863,28,0.6621,0.6621,5,2023
"28","TCU","B12",0.870423,28,111.676,49,94.6298,26,69.6804,50,2.2390790126392,12,0.3971,0.3971,34,0.6969,0.6969,6,2023
"29","Iowa St.","B12",0.867825,29,107.015,122,90.8612,7,64.003,326,2.4067431800361,22,0.4986,0.4986,37,0.7347,0.7347,6,2023
"30","Utah St.","MWC",0.867046,30,115.385,19,98.0254,65,68.6321,106,2.9490629650411,14,0.5591,0.5591,22,0.6613,0.6613,10,2023
"31","Maryland","B10",0.86583,31,112.615,40,95.7592,39,64.3289,320,1.0061473159231,18,0.4567,0.4567,31,0.6847,0.6847,8,2023
"32","Northwestern","B10",0.864203,32,109.738,76,93.4263,18,64.5149,308,1.6036780515875,12,0.4546,0.4546,30,0.7028,0.7028,7,2023
"33","North Texas","CUSA",0.862236,33,110.039,68,93.8183,22,58.7124,363,1.1402966671948,14,0.4374,0.4374,18,0.5514,0.5514,NA,2023
"34","Virginia","ACC",0.859104,34,110.039,69,94.0315,24,61.3226,360,4.1042568024467,23,0.5477,0.5477,25,0.6407,0.6407,4,2023
"35","Indiana","B10",0.855716,35,113.084,36,96.8668,47,67.8548,148,3.4255371422149,22,0.4844,0.4844,33,0.7175,0.7175,4,2023
"36","Penn St.","B10",0.854747,36,117.474,11,100.695,105,64.2857,322,1.3268770771893,12,0.4456,0.4456,31,0.7154,0.7154,10,2023
"37","Oregon","P12",0.851114,37,112.984,37,97.0907,50,66.4015,218,-0.25921658326656,25,0.6594,0.6594,30,0.7144,0.7144,NA,2023
"38","UAB","CUSA",0.845344,38,112.432,42,96.9936,49,70.7073,29,-0.47730022630717,12,0.4018,0.4018,18,0.5477,0.5477,NA,2023
"39","Rutgers","B10",0.843802,39,105.383,151,91.0055,8,65.8243,253,-1.0331515059521,12,0.4113,0.4113,29,0.6745,0.6745,NA,2023
"40","North Carolina","ACC",0.84312,40,111.532,51,96.3596,44,68.8276,96,-0.65756773242368,26,0.6496,0.6496,27,0.6887,0.6887,NA,2023
"41","Iowa","B10",0.838516,41,119.894,4,103.894,171,69.5535,56,0.34707342567531,20,0.4952,0.4952,31,0.7091,0.7091,8,2023
"42","Oklahoma St.","B12",0.837993,42,106.266,133,92.1156,12,67.4226,166,0.1351887582694,18,0.5397,0.5397,34,0.7345,0.7345,NA,2023
"43","Boise St.","MWC",0.836141,43,110.115,66,95.5645,36,66.2838,223,2.1443872446241,17,0.5101,0.5101,24,0.6472,0.6472,10,2023
"44","Michigan","B10",0.832337,44,111.657,50,97.1353,51,67.4746,163,-1.7889754732751,17,0.526,0.526,30,0.7099,0.7099,NA,2023
"45","Ohio St.","B10",0.832219,45,115.789,17,100.737,106,65.9928,242,-3.0598907716641,22,0.4897,0.4897,34,0.7236,0.7236,NA,2023
"46","USC","P12",0.829774,46,111.752,48,97.3718,53,67.9905,138,2.0737169829822,19,0.5771,0.5771,28,0.6816,0.6816,10,2023
"47","Cincinnati","Amer",0.829453,47,111.879,46,97.5021,57,68.464,118,-1.6511267545545,14,0.4443,0.4443,24,0.6044,0.6044,NA,2023
"48","North Carolina St.","ACC",0.827204,48,113.623,32,99.1586,80,69.2279,72,1.1277882710449,14,0.4504,0.4504,25,0.6374,0.6374,11,2023
"49","Liberty","ASun",0.824619,49,111.361,54,97.3363,52,64.4387,316,-1.9817610533787,16,0.421,0.421,13,0.4391,0.4391,NA,2023
"50","Illinois","B10",0.821572,50,108.906,92,95.3642,33,69.775,47,0.88495574952584,20,0.4282,0.4282,31,0.6741,0.6741,9,2023
"51","Arizona St.","P12",0.820653,51,108.412,100,94.983,29,68.0941,132,1.2276175357813,18,0.549,0.549,29,0.6903,0.6903,11,2023
"52","Oklahoma","B12",0.817215,52,109.638,81,96.2509,43,65.0296,290,-1.7067921869078,22,0.6009,0.6009,36,0.7632,0.7632,NA,2023
"53","Drake","MVC",0.815546,53,108.838,93,95.641,37,66.3038,222,-0.68590884644367,12,0.444,0.444,13,0.4714,0.4714,12,2023
"54","Texas Tech","B12",0.813449,54,110.723,63,97.4153,54,67.2814,171,-2.4955495423801,11,0.3908,0.3908,32,0.6798,0.6798,NA,2023
"55","Providence","BE",0.812821,55,114.943,22,101.164,115,66.8346,191,1.3461813137605,13,0.3725,0.3725,30,0.6433,0.6433,11,2023
"56","Washington St.","P12",0.811522,56,111.299,56,98.03,66,64.2339,323,-2.9767378854933,21,0.5931,0.5931,29,0.6789,0.6789,NA,2023
"57","Clemson","ACC",0.809601,57,110.857,59,97.7469,61,67.9976,137,-0.27223844388579,10,0.4209,0.4209,20,0.5831,0.5831,NA,2023
"58","Seton Hall","BE",0.808229,58,106.191,135,93.705,20,66.3617,220,-2.023684719175,22,0.5033,0.5033,31,0.6739,0.6739,NA,2023
"59","Wisconsin","B10",0.80752,59,106.478,131,93.9956,23,63.3388,343,-0.4913539731495,24,0.5477,0.5477,32,0.7292,0.7292,NA,2023
"60","Utah Valley","WAC",0.806486,60,107.082,121,94.5832,25,69.8108,43,-0.25968862880393,20,0.4452,0.4452,18,0.5333,0.5333,NA,2023
"61","Villanova","BE",0.804729,61,112.274,43,99.266,82,63.6931,335,-2.1719198855052,22,0.6102,0.6102,32,0.7128,0.7128,NA,2023
"62","VCU","A10",0.802588,62,105.523,150,93.4075,17,67.9223,144,0.97344651954106,16,0.5039,0.5039,17,0.5508,0.5508,12,2023
"63","UCF","Amer",0.798789,63,107.723,112,95.5518,35,64.4847,310,-3.7789269774584,15,0.5301,0.5301,24,0.6267,0.6267,NA,2023
"64","Mississippi St.","SEC",0.798543,64,103.436,186,91.7618,11,63.5884,336,0.3623258456724,15,0.4505,0.4505,28,0.6436,0.6436,11,2023
"65","Missouri","SEC",0.793892,65,117.461,12,104.464,182,68.9283,90,3.5239456510915,15,0.4458,0.4458,29,0.6528,0.6528,7,2023
"66","Iona","MAAC",0.790916,66,110.308,64,98.2568,70,68.5301,112,-1.6524286663158,19,0.628,0.628,12,0.4335,0.4335,13,2023
"67","Utah","P12",0.79081,67,106.69,128,95.0395,31,66.0453,236,-3.3305688674414,14,0.4693,0.4693,27,0.6437,0.6437,NA,2023
"68","Dayton","A10",0.788183,68,109.79,74,97.9354,64,62.4215,352,-4.3196303335515,15,0.4867,0.4867,15,0.5233,0.5233,NA,2023
"69","Colorado","P12",0.78755,69,106.534,130,95.0625,32,68.9693,88,-3.3600938185573,20,0.5893,0.5893,28,0.6858,0.6858,NA,2023
"70","College of Charleston","CAA",0.786477,70,109.414,84,97.6862,58,70.9733,26,1.663165186284,11,0.44,0.44,10,0.3968,0.3968,12,2023
"71","New Mexico","MWC",0.781296,71,114.398,25,102.408,138,71.5886,18,-0.97834916269797,14,0.4806,0.4806,21,0.6166,0.6166,NA,2023
"72","Pittsburgh","ACC",0.774255,72,113.11,35,101.614,123,67.2483,172,-0.25167180942044,19,0.4833,0.4833,25,0.6246,0.6246,11,2023
"73","Vanderbilt","SEC",0.772797,73,114.019,28,102.506,142,66.403,217,-0.31782944612654,20,0.5809,0.5809,29,0.7013,0.7013,NA,2023
"74","Stanford","P12",0.772201,74,114.373,26,102.854,149,65.6797,265,-6.166442692955,21,0.5305,0.5305,29,0.6672,0.6672,NA,2023
"75","Virginia Tech","ACC",0.770982,75,113.983,29,102.564,143,66.5529,210,-3.2124466131671,15,0.4616,0.4616,24,0.6329,0.6329,NA,2023
"76","Sam Houston St.","WAC",0.768229,76,103.879,175,93.599,19,64.4497,314,0.099384828029641,17,0.3994,0.3994,17,0.4978,0.4978,NA,2023
"77","BYU","WCC",0.757735,77,108.56,97,98.3123,72,69.5439,57,-4.5229806194401,18,0.4817,0.4817,22,0.5846,0.5846,NA,2023
"78","St. John's","BE",0.756826,78,107.851,105,97.7124,59,73.3554,1,-2.6456202745822,11,0.3859,0.3859,28,0.6419,0.6419,NA,2023
"79","Kent St.","MAC",0.756049,79,106.992,123,96.9694,48,67.7855,149,0.81679503311934,21,0.4675,0.4675,15,0.4501,0.4501,13,2023
"80","Nevada","MWC",0.75418,80,109.654,80,99.469,87,65.9044,251,0.65643974201766,17,0.5474,0.5474,24,0.6552,0.6552,11,2023
"81","Yale","Ivy",0.753413,81,107.734,111,97.7632,62,66.0387,237,-2.0076014211092,15,0.4149,0.4149,15,0.4687,0.4687,NA,2023
"82","Santa Clara","WCC",0.753283,82,109.662,79,99.5181,88,69.7896,46,0.099808841677379,14,0.5093,0.5093,20,0.5893,0.5893,NA,2023
"83","Oral Roberts","Sum",0.748735,83,111.758,47,101.635,125,70.187,39,1.5939413248215,22,0.4307,0.4307,13,0.3668,0.3668,12,2023
"84","Florida","SEC",0.746672,84,105.688,147,96.2066,42,69.4093,68,-2.9292425123107,26,0.6116,0.6116,30,0.6929,0.6929,NA,2023
"85","Wake Forest","ACC",0.743164,85,111.366,53,101.537,120,69.442,65,-3.0114351513186,15,0.4876,0.4876,24,0.6326,0.6326,NA,2023
"86","Wichita St.","Amer",0.739516,86,108.08,103,98.705,75,65.9899,244,-5.4605381943897,16,0.4998,0.4998,21,0.5806,0.5806,NA,2023
"87","Hofstra","CAA",0.738934,87,109.931,71,100.422,101,67.1902,175,-2.3895430000854,24,0.606,0.606,15,0.4508,0.4508,NA,2023
"88","Toledo","MAC",0.736929,88,119.891,5,109.619,294,69.4507,63,-1.1890512034542,13,0.4385,0.4385,12,0.4276,0.4276,NA,2023
"89","Louisiana Lafayette","SB",0.729885,89,110.758,62,101.586,121,68.3512,124,-0.5325855637229,15,0.3788,0.3788,15,0.4625,0.4625,13,2023
"90","South Alabama","SB",0.729418,90,108.422,99,99.464,86,65.4742,274,-7.9059340674129,22,0.4674,0.4674,16,0.4862,0.4862,NA,2023
"91","Marshall","SB",0.727291,91,109.606,82,100.644,104,71.9382,14,-2.7925000690507,10,0.4039,0.4039,10,0.4295,0.4295,NA,2023
"92","Bradley","MVC",0.71748,92,106.026,138,97.7721,63,65.2178,281,-1.3902827800073,20,0.4725,0.4725,16,0.4817,0.4817,NA,2023
"93","Princeton","Ivy",0.70831,93,109.109,88,101.008,110,66.9543,186,-3.1920276914317,8,0.3429,0.3429,14,0.4691,0.4691,15,2023
"94","Nebraska","B10",0.702987,94,106.017,139,98.3643,73,66.7919,197,-2.0775849735675,25,0.5545,0.5545,33,0.7102,0.7102,NA,2023
"95","Indiana St.","MVC",0.701563,95,109.493,83,101.65,126,70.4874,32,-6.8704971107993,6,0.3136,0.3136,9,0.3934,0.3934,NA,2023
"96","Furman","SC",0.698377,96,112.699,38,104.764,188,68.2356,129,-1.9963977031099,11,0.3712,0.3712,12,0.4063,0.4063,13,2023
"97","UNLV","MWC",0.696322,97,106.362,132,98.9568,77,69.4429,64,-3.4426659891342,10,0.4386,0.4386,21,0.6091,0.6091,NA,2023
"98","Saint Louis","A10",0.692869,98,110.822,60,103.253,160,69.0949,80,-3.2824730396909,21,0.552,0.552,18,0.5559,0.5559,NA,2023
"99","Vermont","AE",0.687309,99,109.725,78,102.462,140,64.4893,309,-3.8259676903695,22,0.5846,0.5846,14,0.4359,0.4359,15,2023
"100","Montana St.","BSky",0.687148,100,105.149,155,98.1954,68,66.252,225,-2.701330447688,19,0.4957,0.4957,13,0.4471,0.4471,14,2023
"101","UC Irvine","BW",0.684054,101,105.947,140,99.0642,79,69.4171,67,-4.4685720228486,18,0.4643,0.4643,14,0.4596,0.4596,NA,2023
"102","San Francisco","WCC",0.682369,102,109.228,86,102.201,134,68.634,105,-3.7323546339181,14,0.4454,0.4454,21,0.5733,0.5733,NA,2023
"103","San Jose St.","MWC",0.677236,103,108.39,101,101.625,124,62.4726,351,-2.100979572168,16,0.451,0.451,23,0.6031,0.6031,NA,2023
"104","Charlotte","CUSA",0.670334,104,107.954,104,101.493,119,60.3288,362,-6.4804673418368,9,0.3607,0.3607,15,0.5004,0.5004,NA,2023
"105","Temple","Amer",0.670047,105,107.552,116,101.127,114,65.9427,246,-5.564750696785,16,0.5646,0.5646,23,0.6318,0.6318,NA,2023
"106","Tulane","Amer",0.667216,106,108.744,94,102.361,137,72.8763,3,-2.0561082301053,7,0.3523,0.3523,21,0.5639,0.5639,NA,2023
"107","Southern Miss","SB",0.665202,107,105.782,144,99.6512,89,68.5195,113,-0.75677162169626,12,0.3318,0.3318,14,0.4515,0.4515,NA,2023
"108","Colorado St.","MWC",0.662913,108,110.907,58,104.573,187,66.2185,227,-6.7111473837579,20,0.5048,0.5048,25,0.6318,0.6318,NA,2023
"109","Colgate","Pat",0.66072,109,112.468,41,106.135,215,67.4522,165,-3.6540238349302,14,0.4487,0.4487,10,0.352,0.352,15,2023
"110","Washington","P12",0.654907,110,103.905,174,98.2742,71,69.0876,81,-3.7841703407088,19,0.5294,0.5294,28,0.6691,0.6691,NA,2023
"111","UNC Greensboro","SC",0.654741,111,103.044,195,97.4661,56,65.7526,259,-6.1649309945111,18,0.4884,0.4884,12,0.4241,0.4241,NA,2023
"112","Akron","MAC",0.64789,112,108.644,95,103.034,154,65.1707,283,-4.9291760564382,12,0.4141,0.4141,12,0.4336,0.4336,NA,2023
"113","Mississippi","SEC",0.645902,113,106.243,134,100.833,107,65.9904,243,-8.4754697036235,20,0.5615,0.5615,28,0.667,0.667,NA,2023
"114","James Madison","SB",0.645519,114,105.373,152,100.022,93,70.3822,37,-4.6539272709133,12,0.3244,0.3244,13,0.4295,0.4295,NA,2023
"115","Kennesaw St.","ASun",0.642814,115,105.605,149,100.345,98,68.4206,121,-1.4278785268945,20,0.446,0.446,14,0.4436,0.4436,14,2023
"116","Grand Canyon","WAC",0.638829,116,111.342,55,105.956,212,64.8602,300,-3.7618456443942,12,0.4185,0.4185,15,0.5042,0.5042,14,2023
"117","Southern Utah","WAC",0.637753,117,108.588,96,103.376,162,71.5706,19,-3.7913215591846,16,0.4118,0.4118,16,0.5097,0.5097,NA,2023
"118","Cal St. Fullerton","BW",0.633599,118,104.1,167,99.2587,81,64.6683,305,-6.0767511278238,18,0.4819,0.4819,14,0.4785,0.4785,NA,2023
"119","Penn","Ivy",0.63125,119,109.903,73,104.884,191,66.8532,190,-6.0320885744682,17,0.4794,0.4794,16,0.4924,0.4924,NA,2023
"120","UMass Lowell","AE",0.628044,120,107.757,109,102.959,151,68.552,111,-4.1852963039744,7,0.239,0.239,7,0.2852,0.2852,NA,2023
"121","Duquesne","A10",0.627864,121,107.777,107,102.985,152,67.9525,141,-5.9632443842113,11,0.4505,0.4505,12,0.4824,0.4824,NA,2023
"122","Middle Tennessee","CUSA",0.622359,122,105.763,145,101.267,116,66.8236,194,-5.1938758218805,12,0.4488,0.4488,18,0.5541,0.5541,NA,2023
"123","Butler","BE",0.612996,123,100.626,247,96.6814,46,65.6261,266,-4.4129905246353,22,0.5371,0.5371,32,0.6986,0.6986,NA,2023
"124","UC Santa Barbara","BW",0.612565,124,110.029,70,105.733,206,64.4429,315,-1.5134683928884,9,0.3668,0.3668,11,0.4352,0.4352,14,2023
"125","Towson","CAA",0.603949,125,107.663,115,103.784,169,64.6037,306,-5.9738657734007,13,0.4351,0.4351,12,0.4148,0.4148,NA,2023
"126","Tarleton St.","WAC",0.599726,126,103.966,170,100.374,99,66.3755,219,-7.6980219303848,20,0.4668,0.4668,17,0.5136,0.5136,NA,2023
"127","Belmont","MVC",0.599297,127,110.199,65,106.409,225,68.3239,126,-5.0536936727931,12,0.4765,0.4765,12,0.457,0.457,NA,2023
"128","Loyola Marymount","WCC",0.598092,128,107.744,110,104.083,173,67.1121,179,-2.9388311887157,14,0.4845,0.4845,21,0.5792,0.5792,NA,2023
"129","Eastern Washington","BSky",0.591259,129,109.919,72,106.446,228,68.5162,114,-4.1653877251231,16,0.4786,0.4786,14,0.4604,0.4604,NA,2023
"130","Davidson","A10",0.586741,130,106.974,124,103.763,167,65.1551,284,-8.4277247823549,14,0.4435,0.4435,16,0.5243,0.5243,NA,2023
"131","Syracuse","ACC",0.586306,131,108.968,89,105.713,205,67.1684,176,-5.6548613831694,11,0.4113,0.4113,20,0.5978,0.5978,NA,2023
"132","Fresno St.","MWC",0.582666,132,103.152,193,100.201,95,63.9689,328,-10.243945299661,16,0.4762,0.4762,22,0.6187,0.6187,NA,2023
"133","Utah Tech","WAC",0.574777,133,107.682,113,104.897,192,68.6166,108,-11.043996665721,18,0.412,0.412,16,0.5044,0.5044,NA,2023
"134","Notre Dame","ACC",0.574295,134,108.54,98,105.751,207,64.6986,304,-11.615407871798,11,0.4459,0.4459,21,0.5963,0.5963,NA,2023
"135","Hawaii","BW",0.570504,135,100.548,248,98.0962,67,64.4633,313,-5.7480167509509,8,0.3855,0.3855,10,0.4317,0.4317,NA,2023
"136","Georgia Tech","ACC",0.568701,136,104.724,159,102.236,135,66.4666,214,-8.1248506267289,14,0.3735,0.3735,21,0.5768,0.5768,NA,2023
"137","Air Force","MWC",0.566522,137,105.367,153,102.943,150,62.9983,346,-9.3955076472263,5,0.3032,0.3032,19,0.555,0.555,NA,2023
"138","Ohio","MAC",0.566236,138,109.284,85,106.781,233,68.0699,133,-7.6998749806049,14,0.4414,0.4414,13,0.4334,0.4334,NA,2023
"139","DePaul","BE",0.565843,139,106.701,127,104.271,180,68.6867,101,-8.8079529666709,20,0.5657,0.5657,32,0.7182,0.7182,NA,2023
"140","South Florida","Amer",0.5608,140,105.247,154,103.033,153,68.2163,131,-9.199560172283,12,0.3948,0.3948,20,0.5445,0.5445,NA,2023
"141","Stephen F. Austin","WAC",0.559198,141,103.95,172,101.821,130,69.1015,79,-6.9948565739329,8,0.3532,0.3532,12,0.4587,0.4587,NA,2023
"142","Samford","SC",0.556026,142,107.664,114,105.578,203,67.8752,145,-6.0878299918669,11,0.3216,0.3216,10,0.367,0.367,NA,2023
"143","Southern Illinois","MVC",0.545867,143,99.8037,268,98.2197,69,63.7135,334,-3.5057416890862,12,0.3856,0.3856,13,0.4473,0.4473,NA,2023
"144","LSU","SEC",0.545863,144,105.864,142,104.184,176,65.7721,258,-7.298873473518,10,0.4056,0.4056,26,0.6345,0.6345,NA,2023
"145","Missouri St.","MVC",0.545149,145,103.816,177,102.194,133,61.9459,356,-8.1233096956299,18,0.4755,0.4755,15,0.4715,0.4715,NA,2023
"146","Eastern Kentucky","ASun",0.543679,146,104.393,165,102.815,148,69.75,49,-6.3469578572698,16,0.4238,0.4238,14,0.4573,0.4573,NA,2023
"147","Portland","WCC",0.539828,147,109.726,77,108.214,265,69.1764,75,-9.2839819112027,16,0.4591,0.4591,21,0.5609,0.5609,NA,2023
"148","Troy","SB",0.539623,148,102.837,200,101.426,118,67.7128,151,-6.1495967531612,15,0.3793,0.3793,14,0.4504,0.4504,NA,2023
"149","Fordham","A10",0.538438,149,101.666,225,100.313,96,69.4558,62,-2.0458209180879,9,0.2819,0.2819,12,0.434,0.434,NA,2023
"150","Wyoming","MWC",0.536018,150,106.675,129,105.344,198,65.5439,269,-11.664666029174,15,0.4838,0.4838,24,0.6386,0.6386,NA,2023
"151","Northern Kentucky","Horz",0.534881,151,102.593,205,101.353,117,61.9152,358,-6.683943761646,17,0.4963,0.4963,12,0.4082,0.4082,16,2023
"152","Appalachian St.","SB",0.532027,152,101.323,231,100.199,94,65.0129,291,-10.110965322555,10,0.3905,0.3905,12,0.4444,0.4444,NA,2023
"153","Long Beach St.","BW",0.531506,153,104.829,157,103.685,166,72.9249,2,-8.6965147751413,23,0.5209,0.5209,15,0.4713,0.4713,NA,2023
"154","Youngstown St.","Horz",0.527414,154,110.106,67,109.06,282,67.9568,140,-5.3492405806771,6,0.2971,0.2971,7,0.3407,0.3407,NA,2023
"155","UNC Wilmington","CAA",0.525226,155,101.502,228,100.615,103,65.1246,286,-2.8689929512655,22,0.4964,0.4964,15,0.4209,0.4209,NA,2023
"156","Boston College","ACC",0.522254,156,102.472,208,101.681,128,66.4798,213,-6.6265714787581,11,0.4374,0.4374,22,0.6111,0.6111,NA,2023
"157","UC Riverside","BW",0.521949,157,105.946,141,105.139,196,66.81,196,-4.6583667253053,21,0.5261,0.5261,15,0.4855,0.4855,NA,2023
"158","SMU","Amer",0.520574,158,103.204,191,102.467,141,69.3431,69,-10.508725738608,23,0.5814,0.5814,26,0.6393,0.6393,NA,2023
"159","Georgia","SEC",0.520124,159,103.343,188,102.622,144,67.5629,158,-5.5101259509118,11,0.4,0.4,24,0.6018,0.6018,NA,2023
"160","George Mason","A10",0.520054,160,100.706,243,100.005,92,66.2661,224,-6.046109927381,13,0.4892,0.4892,14,0.5044,0.5044,NA,2023
"161","Seattle","WAC",0.519644,161,100.032,262,99.3501,85,68.8472,95,-4.8521594538374,13,0.4454,0.4454,15,0.5115,0.5115,NA,2023
"162","Cal Baptist","WAC",0.519513,162,102.368,210,101.675,127,63.9685,329,-9.7605251008291,6,0.3154,0.3154,12,0.4609,0.4609,NA,2023
"163","Longwood","BSth",0.516744,163,103.729,178,103.127,158,65.9202,247,-7.7517212980899,12,0.3033,0.3033,9,0.3267,0.3267,NA,2023
"164","Brown","Ivy",0.512932,164,100.108,259,99.6582,90,69.2991,70,-7.1833850246447,15,0.4295,0.4295,15,0.4677,0.4677,NA,2023
"165","UTEP","CUSA",0.511088,165,99.7295,269,99.3455,84,66.723,201,-9.9647475671077,13,0.372,0.372,18,0.5183,0.5183,NA,2023
"166","Richmond","A10",0.510341,166,102.157,218,101.79,129,65.2296,280,-10.689593012988,15,0.4864,0.4864,15,0.5134,0.5134,NA,2023
"167","Cornell","Ivy",0.509886,167,109.764,75,109.387,287,71.022,22,-5.3941703608247,12,0.3509,0.3509,13,0.4417,0.4417,NA,2023
"168","Montana","BSky",0.507743,168,107.771,108,107.481,251,63.5157,337,-7.8839312389941,20,0.5043,0.5043,13,0.45,0.45,NA,2023
"169","Pacific","WCC",0.50353,169,107.157,120,107.026,239,69.6396,53,-10.246312462984,9,0.3737,0.3737,16,0.5133,0.5133,NA,2023
"170","UC Davis","BW",0.500435,170,102.782,201,102.766,147,70.4676,34,-8.4117511425787,14,0.3772,0.3772,12,0.421,0.421,NA,2023
"171","Chattanooga","SC",0.500134,171,107.344,118,107.339,244,68.0424,135,-11.301960864188,12,0.3987,0.3987,10,0.4018,0.4018,NA,2023
"172","North Carolina Central","MEAC",0.498589,172,99.9463,265,99.9953,91,67.6617,155,-7.4810800958678,18,0.4178,0.4178,11,0.3205,0.3205,NA,2023
"173","Louisiana Tech","CUSA",0.498232,173,104.486,163,104.55,186,66.5254,211,-9.299861398422,13,0.366,0.366,18,0.5264,0.5264,NA,2023
"174","Cleveland St.","Horz",0.494293,174,104.019,168,104.226,178,65.4754,273,-8.3034362850085,13,0.3936,0.3936,9,0.3645,0.3645,NA,2023
"175","Radford","BSth",0.493741,175,103.589,182,103.815,170,64.4709,311,-8.5124734290778,19,0.4415,0.4415,12,0.4047,0.4047,NA,2023
"176","Lipscomb","ASun",0.493643,176,103.536,183,103.765,168,69.1687,76,-7.3576737627758,10,0.3405,0.3405,11,0.4036,0.4036,NA,2023
"177","Ball St.","MAC",0.489772,177,107.195,119,107.577,253,67.154,177,-6.6542080186655,10,0.3556,0.3556,11,0.4002,0.4002,NA,2023
"178","Grambling St.","SWAC",0.484127,178,98.7364,285,99.2832,83,66.0039,240,-4.6230851040657,20,0.4799,0.4799,9,0.2934,0.2934,NA,2023
"179","Saint Joseph's","A10",0.482848,179,103.877,176,104.499,185,69.1125,78,-9.9705058648973,15,0.4302,0.4302,14,0.4895,0.4895,NA,2023
"180","Stetson","ASun",0.482806,180,111.531,52,112.2,332,64.4684,312,-7.0284148703079,18,0.4919,0.4919,13,0.4425,0.4425,NA,2023
"181","Western Kentucky","CUSA",0.479015,181,103.234,190,103.99,172,67.2985,169,-7.7908247450501,8,0.3356,0.3356,17,0.52,0.52,NA,2023
"182","Harvard","Ivy",0.476961,182,99.5156,273,100.317,97,65.9111,250,-8.4754309137412,12,0.3778,0.3778,13,0.443,0.443,NA,2023
"183","Drexel","CAA",0.468492,183,99.9913,263,101.095,112,63.3534,342,-10.301045858256,13,0.4542,0.4542,9,0.3728,0.3728,NA,2023
"184","UNC Asheville","BSth",0.46565,184,102.304,212,103.536,164,68.2355,130,-1.8624029908453,16,0.4034,0.4034,12,0.3819,0.3819,15,2023
"185","Quinnipiac","MAAC",0.460791,185,103.525,184,104.949,194,69.6441,52,-7.3850802749913,12,0.3936,0.3936,9,0.3644,0.3644,NA,2023
"186","St. Bonaventure","A10",0.457436,186,100.102,260,101.599,122,65.5287,270,-11.787411125828,9,0.426,0.426,12,0.4907,0.4907,NA,2023
"187","East Carolina","Amer",0.456605,187,101.552,227,103.1,157,67.3758,167,-8.0127382852373,8,0.3529,0.3529,19,0.5445,0.5445,NA,2023
"188","Texas A&M Corpus Chris","Slnd",0.456579,188,105.763,146,107.376,246,68.9394,89,-6.0499630992012,16,0.3569,0.3569,10,0.2914,0.2914,16,2023
"189","Pepperdine","WCC",0.455529,189,104.137,166,105.765,209,72.0969,11,-12.963951394971,17,0.4897,0.4897,21,0.5786,0.5786,NA,2023
"190","Georgia Southern","SB",0.455026,190,99.5295,272,101.103,113,66.4875,212,-10.027603542674,9,0.3248,0.3248,12,0.4249,0.4249,NA,2023
"191","Texas St.","SB",0.454027,191,104.557,161,106.247,219,63.5089,338,-12.098259721088,10,0.3651,0.3651,13,0.4658,0.4658,NA,2023
"192","Buffalo","MAC",0.453332,192,103.109,194,104.801,189,72.1836,9,-9.3911237308383,23,0.5404,0.5404,17,0.491,0.491,NA,2023
"193","St. Thomas","Sum",0.449746,193,106.092,137,107.969,262,66.0092,238,-8.7523045921015,15,0.3871,0.3871,11,0.3586,0.3586,NA,2023
"194","George Washington","A10",0.448963,194,108.923,90,110.88,314,68.7445,97,-10.283226304583,9,0.3733,0.3733,11,0.4639,0.4639,NA,2023
"195","Old Dominion","SB",0.447954,195,101.235,236,103.091,156,64.8475,301,-5.8984733658255,12,0.4429,0.4429,13,0.4787,0.4787,NA,2023
"196","Navy","Pat",0.447596,196,101.295,233,103.165,159,64.3685,319,-8.6253851498587,15,0.4342,0.4342,9,0.3456,0.3456,NA,2023
"197","Wright St.","Horz",0.444914,197,103.398,187,105.406,199,71.1534,21,-10.964421860534,9,0.3725,0.3725,7,0.345,0.345,NA,2023
"198","Abilene Christian","WAC",0.443527,198,104.459,164,106.54,230,69.0299,84,-10.232734610149,13,0.3323,0.3323,15,0.4826,0.4826,NA,2023
"199","FIU","CUSA",0.441759,199,102.75,203,104.863,190,69.9248,41,-10.434968597951,8,0.2898,0.2898,16,0.4949,0.4949,NA,2023
"200","Weber St.","BSky",0.440497,200,99.0132,280,101.094,111,64.9585,294,-8.4259676339103,18,0.5095,0.5095,13,0.4609,0.4609,NA,2023
"201","South Dakota St.","Sum",0.437721,201,102.964,196,105.231,197,66.6541,204,-6.5239030610604,27,0.6004,0.6004,14,0.4252,0.4252,NA,2023
"202","Florida Gulf Coast","ASun",0.437574,202,103.616,181,105.903,211,66.1852,228,-8.6811138075477,20,0.493,0.493,14,0.4355,0.4355,NA,2023
"203","Georgetown","BE",0.432661,203,103.494,185,105.961,213,68.7196,99,-12.40918130547,12,0.4205,0.4205,29,0.671,0.671,NA,2023
"204","Queens","ASun",0.429904,204,105.669,148,108.295,266,69.7531,48,-9.4202440622231,8,0.3168,0.3168,11,0.4035,0.4035,NA,2023
"205","Florida St.","ACC",0.42987,205,103.97,169,106.555,231,68.6909,100,-11.888096757914,19,0.5943,0.5943,25,0.6595,0.6595,NA,2023
"206","New Mexico St.","WAC",0.426384,206,103.715,180,106.425,226,69.0232,85,-8.8749811840608,18,0.457,0.457,17,0.5235,0.5235,NA,2023
"207","Minnesota","B10",0.425986,207,102.257,216,104.943,193,65.5714,268,-9.8271429739168,10,0.3902,0.3902,29,0.6845,0.6845,NA,2023
"208","Gardner Webb","BSth",0.423999,208,98.1894,294,100.84,108,66.0742,233,-11.350298928394,14,0.4324,0.4324,9,0.3813,0.3813,NA,2023
"209","Morehead St.","OVC",0.420637,209,100.436,251,103.271,161,63.4707,340,-6.6834003466959,18,0.3989,0.3989,12,0.3325,0.3325,NA,2023
"210","Northern Arizona","BSky",0.409268,210,106.827,125,110.292,304,66.6927,202,-15.139950166379,24,0.5691,0.5691,15,0.4871,0.4871,NA,2023
"211","Rice","CUSA",0.409062,211,106.732,126,110.201,301,69.5975,55,-6.7733622718975,11,0.2847,0.2847,18,0.5076,0.5076,NA,2023
"212","South Carolina","SEC",0.408645,212,102.88,198,106.24,218,64.2157,324,-9.7087916622035,13,0.4703,0.4703,25,0.648,0.648,NA,2023
"213","La Salle","A10",0.408623,213,103.308,189,106.682,232,67.6655,154,-11.644283045118,15,0.4811,0.4811,14,0.4991,0.4991,NA,2023
"214","Massachusetts","A10",0.405277,214,99.288,278,102.655,145,70.5432,31,-9.2928332959992,15,0.5121,0.5121,14,0.5188,0.5188,NA,2023
"215","Oregon St.","P12",0.403833,215,98.5015,290,101.895,131,63.4921,339,-9.2915205074386,14,0.3806,0.3806,27,0.6311,0.6311,NA,2023
"216","Bryant","AE",0.403727,216,102.841,199,106.388,224,71.9823,13,-7.8663288608317,17,0.4522,0.4522,11,0.3865,0.3865,NA,2023
"217","Howard","MEAC",0.403121,217,102.696,204,106.261,220,68.9945,87,-7.3195762958545,14,0.4183,0.4183,10,0.3514,0.3514,16,2023
"218","Mercer","SC",0.403025,218,98.8021,283,102.236,136,64.3994,318,-14.037433810991,8,0.3749,0.3749,9,0.3966,0.3966,NA,2023
"219","San Diego","WCC",0.402222,219,108.92,91,112.738,335,68.58,110,-12.136628674212,10,0.3943,0.3943,18,0.535,0.535,NA,2023
"220","Detroit","Horz",0.396352,220,109.155,87,113.222,340,67.0415,182,-12.971945210134,22,0.5449,0.5449,12,0.4177,0.4177,NA,2023
"221","Northern Iowa","MVC",0.395706,221,102.512,207,106.356,223,67.2987,168,-11.811137562213,10,0.4453,0.4453,12,0.4708,0.4708,NA,2023
"222","Rider","MAAC",0.393058,222,104.577,160,108.604,269,65.0094,292,-9.4165895771087,15,0.3996,0.3996,10,0.3665,0.3665,NA,2023
"223","Norfolk St.","MEAC",0.392086,223,104.897,156,108.974,278,65.1796,282,-5.9797399050221,18,0.3389,0.3389,11,0.3015,0.3015,NA,2023
"224","Siena","MAAC",0.390349,224,100.219,256,104.181,174,66.7321,199,-10.46500022108,10,0.4212,0.4212,9,0.3792,0.3792,NA,2023
"225","Campbell","BSth",0.389185,225,104.555,162,108.734,272,64.1399,325,-13.284459309779,11,0.3996,0.3996,9,0.376,0.376,NA,2023
"226","Jacksonville","ASun",0.381934,226,99.9281,266,104.199,177,60.879,361,-10.20954229609,20,0.4437,0.4437,14,0.4345,0.4345,NA,2023
"227","North Florida","ASun",0.378537,227,108.311,102,113.083,338,67.9346,143,-10.154859691112,26,0.4743,0.4743,16,0.442,0.442,NA,2023
"228","Murray St.","MVC",0.377614,228,104.753,158,109.405,288,66.5871,208,-8.1498469530313,14,0.4213,0.4213,14,0.4679,0.4679,NA,2023
"229","Northwestern St.","Slnd",0.374848,229,103.953,171,108.681,271,66.4301,216,-5.8519450713316,22,0.4873,0.4873,11,0.3306,0.3306,NA,2023
"230","Loyola Chicago","A10",0.37448,230,101.693,224,106.333,221,66.0042,239,-13.893955974151,15,0.4503,0.4503,15,0.5158,0.5158,NA,2023
"231","Jacksonville St.","ASun",0.371647,231,101.465,229,106.206,217,65.3342,279,-11.646163189964,18,0.3956,0.3956,14,0.4267,0.4267,NA,2023
"232","Northern Colorado","BSky",0.369324,232,105.815,143,110.855,313,69.4588,61,-12.908817164979,25,0.5401,0.5401,15,0.4769,0.4769,NA,2023
"233","UT Arlington","WAC",0.368267,233,99.407,276,104.183,175,65.7498,260,-13.405152257688,15,0.4633,0.4633,16,0.5309,0.5309,NA,2023
"234","North Dakota St.","Sum",0.365026,234,102.267,213,107.311,243,68.0313,136,-10.623953256671,23,0.5266,0.5266,13,0.4158,0.4158,NA,2023
"235","Portland St.","BSky",0.363834,235,102.42,209,107.52,252,72.297,7,-12.877757138342,18,0.5103,0.5103,13,0.4568,0.4568,NA,2023
"236","Delaware","CAA",0.363664,236,101.914,222,106.995,236,66.9792,185,-9.7899590772434,15,0.464,0.464,13,0.4291,0.4291,NA,2023
"237","UC San Diego","BW",0.361486,237,102.918,197,108.137,264,65.9186,249,-14.255237506824,15,0.4142,0.4142,13,0.4492,0.4492,NA,2023
"238","Wofford","SC",0.351113,238,107.841,106,113.757,344,64.971,293,-9.9763481766678,15,0.3709,0.3709,12,0.4073,0.4073,NA,2023
"239","Army","Pat",0.350782,239,102.122,220,107.738,257,68.4781,116,-12.538209984003,5,0.2576,0.2576,6,0.2955,0.2955,NA,2023
"240","Milwaukee","Horz",0.347077,240,101.286,234,107.008,238,71.8601,15,-6.2719416303427,16,0.3641,0.3641,10,0.3728,0.3728,NA,2023
"241","Rhode Island","A10",0.342057,241,97.0628,312,102.744,146,67.1111,180,-15.884493957735,12,0.4673,0.4673,12,0.502,0.502,NA,2023
"242","Robert Morris","Horz",0.340977,242,97.7496,302,103.514,163,66.0917,231,-12.139971520488,14,0.3913,0.3913,9,0.3624,0.3624,NA,2023
"243","Fort Wayne","Horz",0.337853,243,99.4981,274,105.493,202,68.8991,92,-10.170641839286,15,0.3793,0.3793,10,0.3648,0.3648,NA,2023
"244","Western Carolina","SC",0.33585,244,101.028,240,107.199,242,67.4826,162,-9.7712472702423,10,0.3128,0.3128,10,0.3897,0.3897,NA,2023
"245","Canisius","MAAC",0.3348,245,101.144,238,107.366,245,67.5348,159,-15.027511272677,17,0.5067,0.5067,11,0.4058,0.4058,NA,2023
"246","Northern Illinois","MAC",0.330672,246,99.715,270,106.021,214,68.8778,93,-12.366114298746,21,0.4511,0.4511,14,0.426,0.426,NA,2023
"247","Idaho St.","BSky",0.32982,247,101.148,237,107.581,254,65.1132,287,-15.527596251645,13,0.3796,0.3796,11,0.414,0.414,NA,2023
"248","USC Upstate","BSth",0.328664,248,98.1966,293,104.489,184,67.6845,152,-9.7977945060121,18,0.4377,0.4377,11,0.403,0.403,NA,2023
"249","Winthrop","BSth",0.327868,249,107.446,117,114.366,347,66.8219,195,-11.34689143524,18,0.4657,0.4657,12,0.4075,0.4075,NA,2023
"250","UMBC","AE",0.321744,250,103.935,173,110.899,315,67.6111,156,-9.5643034856558,11,0.3336,0.3336,9,0.3355,0.3355,NA,2023
"251","East Tennessee St.","SC",0.319682,251,100.202,258,107.003,237,65.8231,254,-15.326903186833,8,0.3539,0.3539,9,0.3895,0.3895,NA,2023
"252","North Alabama","ASun",0.318969,252,102.368,211,109.347,285,68.4433,119,-7.9338036246156,16,0.3746,0.3746,13,0.413,0.413,NA,2023
"253","Bellarmine","ASun",0.312501,253,101.799,223,109.023,280,61.9244,357,-10.219654753087,23,0.4498,0.4498,17,0.4616,0.4616,NA,2023
"254","Mount St. Mary's","MAAC",0.311646,254,97.5126,306,104.469,183,65.722,262,-14.410712348764,16,0.4067,0.4067,11,0.3923,0.3923,NA,2023
"255","Sacramento St.","BSky",0.309324,255,101.404,230,108.741,273,62.1879,354,-11.745994450685,18,0.4818,0.4818,13,0.4548,0.4548,NA,2023
"256","UTSA","CUSA",0.307496,256,102.061,221,109.527,292,68.9972,86,-14.023005944975,11,0.3327,0.3327,17,0.5151,0.5151,NA,2023
"257","Niagara","MAAC",0.307376,257,100.323,254,107.667,256,62.8565,350,-10.081863102151,13,0.3587,0.3587,10,0.3796,0.3796,NA,2023
"258","Dartmouth","Ivy",0.301094,258,99.2961,277,106.84,234,68.6149,109,-12.941991342335,8,0.3487,0.3487,11,0.4408,0.4408,NA,2023
"259","UT Rio Grande Valley","WAC",0.300985,259,102.265,214,110.039,300,72.493,5,-10.417480012693,12,0.2864,0.2864,14,0.4486,0.4486,NA,2023
"260","Alcorn St.","SWAC",0.300859,260,100.216,257,107.84,260,67.2077,174,-7.1021399261622,29,0.6646,0.6646,15,0.3964,0.3964,NA,2023
"261","Southeastern Louisiana","Slnd",0.3008,261,102.574,206,110.38,306,68.6694,102,-9.3154895702392,19,0.476,0.476,10,0.3266,0.3266,NA,2023
"262","SIU Edwardsville","OVC",0.299868,262,98.7751,284,106.333,222,69.0421,82,-10.518026998338,11,0.3539,0.3539,7,0.286,0.286,NA,2023
"263","Louisville","ACC",0.291525,263,101.245,235,109.372,286,66.4519,215,-16.824278451665,21,0.5673,0.5673,25,0.6594,0.6594,NA,2023
"264","Fairleigh Dickinson","NEC",0.290869,264,106.128,136,114.679,350,68.6231,107,-12.194627013298,8,0.3047,0.3047,8,0.2639,0.2639,16,2023
"265","California","P12",0.289732,265,95.8264,328,103.597,165,63.2907,344,-16.698334802246,17,0.5554,0.5554,28,0.6957,0.6957,NA,2023
"266","Lafayette","Pat",0.287855,266,94.6555,335,102.413,139,62.8667,349,-16.564652985626,22,0.5583,0.5583,13,0.415,0.415,NA,2023
"267","Fairfield","MAAC",0.285226,267,98.0083,297,106.159,216,64.8662,299,-13.119473461939,15,0.4231,0.4231,10,0.382,0.382,NA,2023
"268","Southeast Missouri St.","OVC",0.282342,268,99.4129,275,107.813,259,72.0123,12,-11.655671558407,15,0.4218,0.4218,8,0.3165,0.3165,16,2023
"269","Miami OH","MAC",0.280095,269,102.166,217,110.906,316,66.6532,205,-14.448616122245,12,0.366,0.366,11,0.4045,0.4045,NA,2023
"270","North Dakota","Sum",0.276205,270,102.775,202,111.755,325,66.8641,188,-14.576556793153,15,0.4403,0.4403,11,0.3912,0.3912,NA,2023
"271","Maryland Eastern Shore","MEAC",0.276025,271,92.3205,351,100.395,100,69.2887,71,-7.8014319357281,19,0.4262,0.4262,12,0.345,0.345,NA,2023
"272","Marist","MAAC",0.275167,272,97.2351,309,105.779,210,65.4499,275,-15.867625132775,5,0.2811,0.2811,8,0.352,0.352,NA,2023
"273","Louisiana Monroe","SB",0.274082,273,96.9051,315,105.47,201,66.0029,241,-13.839240663988,15,0.3874,0.3874,15,0.4712,0.4712,NA,2023
"274","Prairie View A&M","SWAC",0.273949,274,93.6755,344,101.961,132,67.5063,161,-13.88018025557,22,0.5068,0.5068,11,0.3407,0.3407,NA,2023
"275","Nicholls St.","Slnd",0.269951,275,98.1997,292,107.073,241,70.4396,35,-9.6557341026596,26,0.5059,0.5059,12,0.335,0.335,NA,2023
"276","Denver","Sum",0.267637,276,99.8501,267,108.984,279,68.473,117,-13.04153953743,10,0.2616,0.2616,8,0.3082,0.3082,NA,2023
"277","Merrimack","NEC",0.266952,277,90.5127,360,98.8228,76,66.1106,230,-11.757524599382,16,0.4544,0.4544,8,0.2891,0.2891,NA,2023
"278","Tennessee St.","OVC",0.266324,278,100.305,255,109.545,293,70.3865,36,-11.527112710625,5,0.2196,0.2196,5,0.2358,0.2358,NA,2023
"279","Bowling Green","MAC",0.265979,279,102.265,215,111.702,323,69.503,60,-15.331212387554,7,0.3094,0.3094,9,0.3848,0.3848,NA,2023
"280","Oakland","Horz",0.262149,280,102.153,219,111.771,327,68.3607,123,-12.889287579722,22,0.5581,0.5581,13,0.4352,0.4352,NA,2023
"281","Tennessee Martin","OVC",0.259944,281,100.873,241,110.481,307,71.005,23,-10.736405043337,9,0.2952,0.2952,6,0.2672,0.2672,NA,2023
"282","New Hampshire","AE",0.259731,282,96.5558,319,105.763,208,63.9856,327,-10.645829878905,10,0.3291,0.3291,9,0.3553,0.3553,NA,2023
"283","Tennessee Tech","OVC",0.258819,283,100.671,244,110.315,305,66.2418,226,-12.756317467428,16,0.4054,0.4054,9,0.3102,0.3102,NA,2023
"284","American","Pat",0.257929,284,100.088,261,109.721,295,62.418,353,-11.421589127628,7,0.314,0.314,7,0.3186,0.3186,NA,2023
"285","Illinois Chicago","MVC",0.257772,285,97.9745,298,107.412,248,68.9232,91,-14.181063462985,9,0.2841,0.2841,12,0.4211,0.4211,NA,2023
"286","Arkansas St.","SB",0.253515,286,99.2583,279,109.031,281,63.0733,345,-14.586844636862,5,0.2295,0.2295,10,0.401,0.401,NA,2023
"287","Maine","AE",0.253409,287,97.7714,301,107.403,247,65.625,267,-11.778378085087,14,0.4175,0.4175,11,0.3938,0.3938,NA,2023
"288","Lehigh","Pat",0.249861,288,96.7268,318,106.43,227,69.42,66,-9.958916546967,13,0.3675,0.3675,9,0.332,0.332,NA,2023
"289","Bucknell","Pat",0.24581,289,98.7023,287,108.809,276,66.6354,206,-16.149901503182,9,0.32,0.32,8,0.318,0.318,NA,2023
"290","Valparaiso","MVC",0.243627,290,96.9934,314,107.035,240,67.8698,147,-14.969579529659,11,0.3663,0.3663,12,0.4353,0.4353,NA,2023
"291","Coastal Carolina","SB",0.241141,291,103.193,192,114.01,345,67.9376,142,-14.763564308192,9,0.322,0.322,11,0.4253,0.4253,NA,2023
"292","Cal Poly","BW",0.23995,292,93.2315,346,103.063,155,63.8689,331,-18.505048481538,14,0.4275,0.4275,13,0.469,0.469,NA,2023
"293","Texas Southern","SWAC",0.239443,293,95.3521,332,105.433,200,69.1862,74,-13.489945855124,30,0.5839,0.5839,14,0.3728,0.3728,16,2023
"294","Boston University","Pat",0.239306,294,96.2906,323,106.478,229,65.4018,278,-12.442855378981,14,0.3812,0.3812,10,0.3464,0.3464,NA,2023
"295","High Point","BSth",0.23788,295,99.6362,271,110.252,302,71.3926,20,-12.930561352838,10,0.3462,0.3462,8,0.3566,0.3566,NA,2023
"296","Georgia St.","SB",0.237629,296,97.0743,311,107.43,249,66.8334,192,-15.657750022344,9,0.3202,0.3202,11,0.4373,0.4373,NA,2023
"297","Illinois St.","MVC",0.237118,297,98.8773,282,109.453,289,64.9189,297,-15.953053210167,5,0.3185,0.3185,10,0.4106,0.4106,NA,2023
"298","Southern Indiana","OVC",0.233686,298,101.058,239,112.053,330,69.1579,77,-12.634274413416,10,0.346,0.346,7,0.3015,0.3015,NA,2023
"299","Cal St. Bakersfield","BW",0.233135,299,94.0513,342,104.311,181,62.9055,348,-15.888980674531,12,0.4031,0.4031,12,0.4526,0.4526,NA,2023
"300","Tulsa","Amer",0.232054,300,98.5226,289,109.328,284,67.9713,139,-15.778133797613,13,0.4366,0.4366,22,0.5994,0.5994,NA,2023
"301","Charleston Southern","BSth",0.229963,301,103.716,179,115.209,354,65.5158,271,-16.090605699386,15,0.4197,0.4197,10,0.3873,0.3873,NA,2023
"302","Southern","SWAC",0.228243,302,94.4329,337,104.986,195,70.9066,27,-11.393965894671,27,0.5164,0.5164,13,0.3369,0.3369,NA,2023
"303","Northeastern","CAA",0.228068,303,97.0262,313,107.878,261,66.8289,193,-14.387634192702,14,0.457,0.457,12,0.4208,0.4208,NA,2023
"304","Western Illinois","Sum",0.225203,304,100.424,252,111.815,328,66.5662,209,-10.202329449008,8,0.2881,0.2881,8,0.3296,0.3296,NA,2023
"305","South Dakota","Sum",0.222635,305,101.63,226,113.303,341,65.8488,252,-13.876536487945,16,0.4513,0.4513,11,0.3889,0.3889,NA,2023
"306","Binghamton","AE",0.220933,306,98.1228,295,109.487,290,65.9193,248,-13.265548758088,10,0.3386,0.3386,10,0.3644,0.3644,NA,2023
"307","Chicago St.","ind",0.219828,307,101.31,232,113.107,339,64.7852,302,-12.899974759753,17,0.4334,0.4334,16,0.4082,0.4082,NA,2023
"308","Idaho","BSky",0.214253,308,100.629,246,112.668,334,65.8046,255,-17.617298899471,6,0.2985,0.2985,8,0.3852,0.3852,NA,2023
"309","Jackson St.","SWAC",0.213907,309,98.074,296,109.826,296,68.0486,134,-12.249565486369,31,0.6575,0.6575,15,0.3956,0.3956,NA,2023
"310","Alabama A&M","SWAC",0.21207,310,95.8449,327,107.432,250,68.3252,125,-14.12038470245,14,0.4248,0.4248,8,0.2935,0.2935,NA,2023
"311","Wagner","NEC",0.211746,311,93.0059,347,104.268,179,62.0575,355,-10.299994023917,11,0.3454,0.3454,6,0.2409,0.2409,NA,2023
"312","Saint Peter's","MAAC",0.210702,312,96.098,326,107.793,258,62.971,347,-13.248621271152,14,0.3416,0.3416,10,0.3618,0.3618,NA,2023
"313","Manhattan","MAAC",0.201335,313,96.3815,321,108.651,270,66.8534,189,-13.561320584964,13,0.3509,0.3509,10,0.3667,0.3667,NA,2023
"314","William & Mary","CAA",0.200239,314,98.9709,281,111.636,320,64.9528,295,-14.375911727697,14,0.4292,0.4292,11,0.3911,0.3911,NA,2023
"315","Eastern Michigan","MAC",0.197591,315,100.354,253,113.36,342,69.2177,73,-17.040140022038,13,0.4411,0.4411,12,0.451,0.451,NA,2023
"316","Texas A&M Commerce","Slnd",0.196844,316,99.9684,264,112.97,337,65.446,276,-15.438805066903,16,0.4657,0.4657,9,0.3327,0.3327,NA,2023
"317","Elon","CAA",0.196234,317,97.5631,305,110.289,303,66.0454,235,-18.974521687933,12,0.3846,0.3846,10,0.3809,0.3809,NA,2023
"318","Loyola MD","Pat",0.195248,318,98.727,286,111.666,321,65.7868,256,-15.409473114605,12,0.3456,0.3456,9,0.3368,0.3368,NA,2023
"319","NJIT","AE",0.186664,319,97.4321,307,110.735,311,66.1697,229,-18.362961034233,10,0.3556,0.3556,10,0.3732,0.3732,NA,2023
"320","Arkansas Pine Bluff","SWAC",0.185816,320,94.0603,341,106.955,235,69.6262,54,-15.388170517362,27,0.5253,0.5253,13,0.3425,0.3425,NA,2023
"321","Nebraska Omaha","Sum",0.184655,321,98.58,288,112.169,331,67.7642,150,-15.997420398614,29,0.5834,0.5834,16,0.436,0.436,NA,2023
"322","Morgan St.","MEAC",0.181382,322,92.6611,350,105.635,204,70.3062,38,-10.855064172309,19,0.4086,0.4086,12,0.3445,0.3445,NA,2023
"323","Stonehill","NEC",0.180868,323,94.3877,338,107.636,255,66.5949,207,-12.613471517338,18,0.4442,0.4442,10,0.3055,0.3055,NA,2023
"324","North Carolina A&T","CAA",0.179965,324,96.8909,316,110.549,310,69.9187,42,-13.31166419001,19,0.447,0.447,13,0.3802,0.3802,NA,2023
"325","New Orleans","Slnd",0.178264,325,97.8575,299,111.765,326,70.9892,25,-15.71524921033,19,0.4361,0.4361,9,0.3099,0.3099,NA,2023
"326","St. Francis PA","NEC",0.177476,326,100.74,242,115.111,353,68.2902,127,-14.331071157719,15,0.401,0.401,8,0.2737,0.2737,NA,2023
"327","Little Rock","OVC",0.172812,327,100.67,245,115.355,355,70.7924,28,-16.745437252817,16,0.3989,0.3989,9,0.3155,0.3155,NA,2023
"328","Central Arkansas","ASun",0.171575,328,97.6919,304,112.026,329,72.2079,8,-15.891504685456,17,0.433,0.433,13,0.4356,0.4356,NA,2023
"329","Cal St. Northridge","BW",0.168556,329,94.6609,334,108.753,274,65.0826,288,-19.230317010215,12,0.361,0.361,12,0.4369,0.4369,NA,2023
"330","McNeese St.","Slnd",0.167395,330,98.2587,291,112.967,336,66.0765,232,-16.749401118763,29,0.5463,0.5463,14,0.364,0.364,NA,2023
"331","Austin Peay","ASun",0.161387,331,95.742,329,110.494,308,64.7426,303,-16.021870729233,19,0.3979,0.3979,14,0.4169,0.4169,NA,2023
"332","UMKC","Sum",0.161187,332,93.8896,343,108.37,267,63.7733,333,-15.401935227458,18,0.4476,0.4476,12,0.3876,0.3876,NA,2023
"333","Western Michigan","MAC",0.161096,333,100.511,250,116.019,358,65.5109,272,-17.023093861846,15,0.392,0.392,13,0.4132,0.4132,NA,2023
"334","Incarnate Word","Slnd",0.158001,334,96.1285,325,111.183,319,66.7702,198,-15.471391511735,12,0.3471,0.3471,7,0.2865,0.2865,NA,2023
"335","Sacred Heart","NEC",0.154899,335,95.3731,331,110.535,309,69.8054,44,-13.559639922361,11,0.3399,0.3399,7,0.2562,0.2562,NA,2023
"336","The Citadel","SC",0.154411,336,96.3791,322,111.737,324,67.1193,178,-16.249086347026,14,0.4079,0.4079,12,0.4238,0.4238,NA,2023
"337","Stony Brook","CAA",0.152464,337,94.6324,336,109.855,297,63.8102,332,-16.131653040355,15,0.4359,0.4359,12,0.3979,0.3979,NA,2023
"338","Columbia","Ivy",0.144395,338,94.2638,339,110.037,299,69.6744,51,-16.546598210427,10,0.3173,0.3173,12,0.4322,0.4322,NA,2023
"339","Presbyterian","BSth",0.14029,339,92.9849,348,108.862,277,64.4313,317,-22.394443033983,11,0.3521,0.3521,9,0.3698,0.3698,NA,2023
"340","Coppin St.","MEAC",0.137683,340,97.7864,300,114.7,351,71.847,16,-16.418810125739,21,0.5722,0.5722,14,0.4411,0.4411,NA,2023
"341","South Carolina St.","MEAC",0.135951,341,97.6994,303,114.744,352,71.6679,17,-20.111443574889,19,0.5382,0.5382,13,0.4198,0.4198,NA,2023
"342","Central Michigan","MAC",0.135498,342,92.0299,352,108.122,263,67.2441,173,-15.343330902156,15,0.3871,0.3871,12,0.4094,0.4094,NA,2023
"343","Holy Cross","Pat",0.133002,343,93.4559,345,110.003,298,68.8687,94,-18.176300651733,10,0.3082,0.3082,8,0.318,0.318,NA,2023
"344","Central Connecticut","NEC",0.132157,344,96.3985,320,113.539,343,64.3045,321,-18.454964000759,12,0.4033,0.4033,7,0.2869,0.2869,NA,2023
"345","Lindenwood","OVC",0.130034,345,95.1915,333,112.299,333,67.0121,183,-16.578132376175,16,0.3927,0.3927,9,0.3147,0.3147,NA,2023
"346","Albany","AE",0.122583,346,97.3822,308,115.56,357,67.2918,170,-17.526235352818,15,0.4171,0.4171,12,0.3939,0.3939,NA,2023
"347","Bethune Cookman","SWAC",0.117968,347,96.132,324,114.51,349,68.6559,103,-15.820476502023,15,0.3945,0.3945,9,0.3055,0.3055,NA,2023
"348","Hampton","CAA",0.11793,348,96.849,317,115.368,356,68.7276,98,-18.587191637409,12,0.4118,0.4118,11,0.3928,0.3928,NA,2023
"349","Monmouth","CAA",0.115019,349,91.6974,354,109.5,291,68.2818,128,-19.015097739977,22,0.6026,0.6026,14,0.4605,0.4605,NA,2023
"350","Houston Christian","Slnd",0.114208,350,100.547,249,120.152,363,70.5505,30,-17.867942193192,16,0.3775,0.3775,9,0.2983,0.2983,NA,2023
"351","Eastern Illinois","OVC",0.113059,351,92.9486,349,111.182,318,67.8732,146,-18.025949628397,14,0.3596,0.3596,9,0.303,0.303,NA,2023
"352","Evansville","MVC",0.112394,352,90.6992,359,108.554,268,69.5043,59,-20.507038496862,14,0.4775,0.4775,13,0.4788,0.4788,NA,2023
"353","St. Francis NY","NEC",0.108436,353,91.0123,357,109.311,283,65.7281,261,-13.015077903179,11,0.3114,0.3114,6,0.2453,0.2453,NA,2023
"354","VMI","SC",0.101684,354,97.1618,310,117.428,360,66.6653,203,-20.07585238051,8,0.3329,0.3329,10,0.3997,0.3997,NA,2023
"355","Alabama St.","SWAC",0.0998592,355,91.4939,355,110.772,312,66.3192,221,-17.201107206725,26,0.581,0.581,13,0.3702,0.3702,NA,2023
"356","Lamar","Slnd",0.0955158,356,94.1444,340,114.47,348,65.7078,263,-18.547017224705,11,0.3574,0.3574,7,0.2949,0.2949,NA,2023
"357","Mississippi Valley St.","SWAC",0.0950768,357,91.8154,353,111.688,322,67.067,181,-20.37269760571,29,0.66,0.66,14,0.4129,0.4129,NA,2023
"358","Florida A&M","SWAC",0.0931043,358,89.25,362,108.786,275,64.9491,296,-16.331660048441,31,0.589,0.589,14,0.3687,0.3687,NA,2023
"359","Delaware St.","MEAC",0.0913058,359,91.0252,356,111.157,317,67.5332,160,-17.488634471973,22,0.4627,0.4627,14,0.3799,0.3799,NA,2023
"360","IUPUI","Horz",0.0826239,360,95.7143,330,118.001,362,66.9944,184,-22.536099714989,11,0.2905,0.2905,9,0.3484,0.3484,NA,2023
"361","Green Bay","Horz",0.0669107,361,90.8385,358,114.231,346,65.0712,289,-23.07215230924,19,0.5411,0.5411,12,0.4389,0.4389,NA,2023
"362","Hartford","ind",0.0417858,362,89.4549,361,117.463,361,65.4027,277,-19.976707708502,7,0.2932,0.2932,7,0.2883,0.2883,NA,2023
"363","LIU Brooklyn","NEC",0.0327578,363,86.9475,363,116.709,359,72.4653,6,-21.290217635081,24,0.5054,0.5054,12,0.3277,0.3277,NA,2023
