,,Overall,,,,,,,Conf.,,,Home,,,Away,,,Points,,,School Advanced,,,,,,,,,,,,
Rk,School,G,W,L,W-L%,SRS,SOS,,W,L,,W,L,,W,L,,Tm.,Opp.,,Pace,ORtg,FTr,3PAr,TS%,TRB%,AST%,STL%,BLK%,eFG%,TOV%,ORB%,FT/FGA
1,Air Force,32,18,14,0.563,4.18,4.28,,8,8,,13,2,,3,11,,2241,2170,,64.8,107.6,0.314,0.421,0.577,45.8,63.9,9.9,5.5,0.551,16.4,24.8,0.224
2,Akron NCAA,33,26,7,0.788,8.11,0.18,,14,2,,15,1,,7,4,,2369,2071,,66.4,106.5,0.362,0.368,0.539,51.9,56.9,10.4,14.7,0.516,17.3,37.7,0.233
3,Alabama A&M,31,11,20,0.355,-18.4,-9.82,,6,12,,7,6,,3,12,,1957,2160,,67.4,92.5,0.373,0.302,0.476,46.9,52.7,8.6,7.9,0.443,17.8,32.4,0.235
4,Alabama-Birmingham,33,16,17,0.485,0.26,1.51,,7,9,,11,4,,4,10,,2357,2351,,71.3,99.8,0.296,0.331,0.522,48.3,61.7,11.4,6.8,0.488,18.4,33.7,0.214
5,Alabama State,32,10,22,0.313,-17.88,-9.01,,8,10,,7,5,,3,14,,1979,2231,,67,91.5,0.319,0.309,0.477,46.7,50.5,9.3,8.7,0.454,18.8,33.8,0.191
6,Alabama,36,23,13,0.639,9.79,5.93,,12,6,,16,4,,4,8,,2268,2102,,62.3,100.1,0.343,0.312,0.517,46.6,47,13,12.7,0.48,17,32,0.241
7,Albany (NY) NCAA,35,24,11,0.686,-0.87,-4.53,,9,7,,11,4,,11,5,,2251,2123,,62.8,102.1,0.4,0.329,0.541,48.9,51.8,8.7,5.9,0.496,18.4,31.7,0.295
8,Alcorn State,34,10,24,0.294,-14.26,-7.11,,8,10,,5,8,,4,14,,2055,2248,,69,87.2,0.373,0.298,0.462,45.3,42.4,9.4,10.3,0.428,18.7,29.6,0.232
9,American,30,10,20,0.333,-8.56,-2.53,,5,9,,7,6,,3,14,,1735,1916,,59.4,96.1,0.309,0.328,0.507,48.6,56.5,5.6,7.3,0.473,17.6,28.5,0.219
10,Appalachian State,31,15,16,0.484,-7.91,-5.77,,10,8,,10,4,,4,11,,2211,2221,,68.3,102,0.372,0.314,0.528,47.6,45.8,9.8,9.5,0.493,16.7,31.6,0.256
11,Arizona State,35,22,13,0.629,8.86,4.6,,9,9,,16,4,,4,7,,2512,2363,,67.5,104.5,0.359,0.368,0.546,48.3,55.1,9.2,14.8,0.523,16.2,28.3,0.233
12,Arizona NCAA,35,27,8,0.771,17.3,7.47,,12,6,,14,2,,7,4,,2570,2226,,66.8,109.5,0.374,0.375,0.565,52.7,54.1,10,10.2,0.525,16.8,35,0.28
13,Little Rock,32,17,15,0.531,-4.36,-2.23,,11,9,,13,3,,3,10,,2127,2132,,69.2,96.1,0.427,0.277,0.509,46.6,50.8,9.7,10.9,0.468,18.9,32,0.289
14,Arkansas-Pine Bluff,30,16,14,0.533,-12.13,-8.2,,15,3,,9,0,,6,12,,1880,1998,,68.7,90.8,0.33,0.308,0.476,45.3,55.9,14.3,10,0.447,18,31.5,0.208
15,Arkansas State,31,19,12,0.613,0.77,-4.36,,12,8,,13,2,,5,9,,2127,1944,,66.3,100.7,0.439,0.364,0.507,48.7,46,12.1,8.3,0.463,16.3,33.9,0.299
16,Arkansas,32,19,13,0.594,9.82,4.97,,10,8,,17,1,,1,9,,2358,2203,,70.6,103.6,0.351,0.326,0.516,45.9,55.8,13,13.7,0.484,14,31.7,0.236
17,Army,31,16,15,0.516,-1.48,-4.52,,8,6,,9,4,,6,10,,2245,2112,,67.8,105.6,0.364,0.392,0.555,49.4,57.6,7.5,8.7,0.518,17.8,31.7,0.268
18,Auburn,32,9,23,0.281,0.21,4.18,,3,15,,7,10,,1,9,,2074,2201,,66.6,95.5,0.353,0.331,0.5,46.5,54.5,10.2,11.8,0.46,17.1,29.2,0.247
19,Austin Peay,31,8,23,0.258,-12.35,-4.31,,4,12,,5,8,,2,12,,2218,2371,,69.7,100.6,0.369,0.344,0.55,46.2,58.1,8.8,12.2,0.523,19.9,30,0.249
20,Ball State,30,15,15,0.5,-6.7,-3.15,,8,8,,8,8,,7,6,,1957,2041,,65.8,99.2,0.466,0.351,0.52,51,54.1,9.8,6.8,0.483,19.5,35.9,0.304
21,Baylor,37,23,14,0.622,15.07,7.13,,9,9,,15,5,,4,7,,2811,2456,,68.5,110.3,0.365,0.334,0.55,49.7,58.5,9.5,10.8,0.519,14.7,34.3,0.253
22,Belmont NCAA,33,26,7,0.788,10.37,-0.96,,14,2,,13,0,,9,4,,2533,2129,,68.1,112.3,0.328,0.395,0.594,46.8,57,14.3,8,0.567,17.1,29.9,0.24
23,Bethune-Cookman,34,14,20,0.412,-9.54,-6.44,,7,9,,9,4,,2,14,,2283,2318,,67.2,99.1,0.379,0.317,0.494,46.6,53.9,10.7,10.3,0.465,15.4,32.6,0.237
24,Binghamton,30,3,27,0.1,-18.52,-3.7,,1,15,,2,12,,1,14,,1676,2081,,66.2,84.4,0.337,0.346,0.457,45.4,42,8.7,7.3,0.422,20.1,27.4,0.218
25,Boise State NCAA,32,21,11,0.656,9.44,5.27,,9,7,,14,1,,5,8,,2343,2095,,66.3,109.9,0.334,0.356,0.565,51.1,51.3,9.9,5.4,0.53,15.7,31.5,0.249
26,Boston College,33,16,17,0.485,6.09,7.03,,7,11,,12,6,,3,7,,2215,2246,,64,104.4,0.397,0.389,0.548,47,53.9,8.7,6.9,0.51,15.7,28.1,0.283
27,Boston University,30,17,13,0.567,-0.6,-3.93,,11,5,,9,3,,7,9,,2035,1935,,65.5,102.8,0.265,0.393,0.549,45.1,55.2,11.3,4.8,0.522,16.8,25.9,0.192
28,Bowling Green State,32,13,19,0.406,-3.32,-1.75,,7,9,,11,5,,1,12,,2010,2033,,63.9,96.7,0.27,0.287,0.496,47.5,51.1,11.4,11.5,0.464,16.8,31.1,0.193
29,Bradley,35,18,17,0.514,1.25,1.97,,7,11,,14,4,,4,10,,2371,2396,,66.1,101.7,0.299,0.289,0.517,46.3,50.1,13.6,7.1,0.483,15.3,30.4,0.216
30,Brigham Young,36,24,12,0.667,10.66,3.75,,10,6,,15,3,,7,5,,2777,2502,,71.1,108.5,0.355,0.288,0.543,50.4,57.6,11.4,6.6,0.505,14.5,32.7,0.259
31,Brown,28,13,15,0.464,-6.33,-3.03,,7,7,,8,5,,5,10,,1748,1800,,63.7,95.9,0.344,0.399,0.504,49.9,57.2,10.2,10.5,0.478,18.6,31.2,0.217
32,Bryant,31,19,12,0.613,-2.08,-4.72,,12,6,,11,5,,8,7,,2294,2212,,67,110.1,0.37,0.36,0.576,48.4,57.9,7.6,3.2,0.544,16.7,30.6,0.268
33,Bucknell NCAA,34,28,6,0.824,6.95,-1.96,,12,2,,14,1,,12,4,,2277,1966,,62.6,107,0.361,0.242,0.538,52.3,55.6,5.5,10.8,0.496,13.2,29.3,0.268
34,Buffalo,34,14,20,0.412,-1.94,-0.35,,7,9,,9,6,,4,10,,2275,2287,,64.9,102.2,0.38,0.351,0.545,50.6,64.2,8.4,12,0.51,20.1,35.9,0.267
35,Butler NCAA,36,27,9,0.75,10.99,6.08,,11,5,,14,2,,7,4,,2495,2299,,64.9,106.4,0.385,0.356,0.546,53.4,53.5,8.8,7,0.512,17.2,36.3,0.268
36,Cal Poly,32,18,14,0.563,-0.46,-0.62,,12,6,,13,1,,4,12,,2074,2020,,60,107.1,0.333,0.357,0.528,48.2,61.3,9.5,5.4,0.491,13.3,31.9,0.241
37,Cal State Bakersfield,30,14,16,0.467,-6.44,-2.17,,0,0,,9,4,,3,11,,2041,2070,,67.7,98.9,0.355,0.348,0.515,47.2,53.5,10.7,5.6,0.477,17.6,31.6,0.249
38,Cal State Fullerton,32,14,18,0.438,-2.97,-3.03,,6,12,,6,7,,6,10,,2451,2381,,70.2,109.1,0.345,0.387,0.579,42.6,55.2,11,4.2,0.543,15.9,25.9,0.261
39,Cal State Northridge,31,14,17,0.452,-3.89,-1.93,,5,13,,6,7,,5,10,,2333,2309,,71.5,105.2,0.389,0.259,0.525,50,57.9,11.8,8.2,0.479,16,36.6,0.285
40,UC-Davis,31,14,17,0.452,-3.5,-2.57,,9,9,,6,7,,6,9,,2210,2239,,67.3,105.5,0.329,0.385,0.579,47.6,58.6,6.9,7.3,0.551,18.5,26.4,0.237
41,UC-Irvine,37,21,16,0.568,0.17,-0.66,,11,7,,13,1,,5,13,,2558,2418,,67,102.1,0.311,0.347,0.518,48.9,62.2,7.2,10.5,0.491,15.7,31,0.207
42,UC-Riverside,31,6,25,0.194,-11.49,-1.71,,3,15,,5,9,,1,14,,1829,2062,,64.5,91.1,0.319,0.306,0.481,49.6,55.5,9.6,9,0.461,19.2,32.7,0.186
43,UC-Santa Barbara,31,11,20,0.355,-4.22,0.4,,7,11,,8,6,,3,13,,2003,2090,,64.2,99.4,0.302,0.426,0.523,48.5,65,8.2,12.7,0.493,18.9,32.2,0.209
44,University of California NCAA,33,21,12,0.636,10.65,7.77,,12,6,,11,5,,6,5,,2218,2123,,66.5,100.7,0.312,0.236,0.515,50,56.2,8.7,11.4,0.48,16.2,32.5,0.223
45,Campbell,33,13,20,0.394,-10.25,-5.55,,7,9,,8,8,,4,9,,2284,2395,,67.7,100,0.322,0.229,0.516,45.9,53.9,10.9,8.6,0.48,17.1,32.9,0.229
46,Canisius,34,20,14,0.588,2.37,-0.99,,11,7,,12,4,,8,9,,2499,2385,,66.8,109.2,0.343,0.422,0.559,48.6,50.4,8.7,9.1,0.527,16.8,34.8,0.245
47,Central Arkansas,30,13,17,0.433,-10.87,-6.12,,7,11,,8,7,,5,8,,2294,2359,,73.2,102,0.296,0.309,0.511,45.9,49.4,10.5,8.9,0.49,16.1,33.8,0.187
48,Central Connecticut State,30,13,17,0.433,-8.24,-4.04,,9,9,,6,6,,7,10,,2186,2312,,70.7,101.4,0.301,0.329,0.522,42.6,48.2,10.4,10.7,0.486,15.3,27.4,0.221
49,Central Florida,31,20,11,0.645,3.44,0.96,,9,7,,14,5,,5,6,,2194,2079,,66.5,105.5,0.401,0.363,0.544,48.8,56.1,11.2,11.4,0.518,17.5,35,0.258
50,Central Michigan,31,11,20,0.355,-6.14,-1.21,,4,12,,6,6,,2,13,,2092,2226,,65.5,102.2,0.396,0.453,0.529,44.7,59.4,10.2,6,0.484,16.9,30.6,0.29
51,Charleston Southern,32,19,13,0.594,-2.07,-5.62,,12,4,,11,3,,6,9,,2361,2144,,68.1,107.5,0.312,0.426,0.531,49.9,48.3,10.7,7.4,0.499,15,35,0.221
52,Charlotte,33,21,12,0.636,2.69,2.75,,8,8,,12,3,,5,7,,2229,2231,,68.2,98.3,0.448,0.236,0.509,50.6,48.8,10.8,8.8,0.471,18.8,36.5,0.293
53,Chattanooga,32,13,19,0.406,-10.47,-4.97,,8,10,,8,9,,4,9,,2218,2318,,68.8,99.9,0.435,0.308,0.504,50.6,50,9.9,6.4,0.464,17,35.3,0.289
54,Chicago State,33,11,22,0.333,-11.77,-4.91,,3,5,,8,5,,2,16,,2151,2276,,68.2,93.8,0.256,0.355,0.492,45.1,52.2,13.6,8.3,0.459,18.1,30.2,0.186
55,Cincinnati NCAA,34,22,12,0.647,14.46,6.93,,9,9,,13,5,,4,5,,2262,2006,,64.9,101.4,0.355,0.371,0.493,51.7,52.5,10.8,16.1,0.462,15.8,38.7,0.229
56,Citadel,30,8,22,0.267,-16.99,-5.45,,5,13,,5,8,,3,12,,1931,2195,,65,98.7,0.372,0.324,0.546,45.3,66.4,10.8,6.4,0.511,20.8,31.3,0.261
57,Clemson,31,13,18,0.419,5.82,4.44,,5,13,,8,7,,3,9,,1907,1864,,62.2,98.9,0.331,0.302,0.501,47.9,47.9,10.8,13.2,0.472,15.7,32,0.217
58,Cleveland State,32,14,18,0.438,-7.34,-0.16,,5,11,,9,5,,3,13,,2051,2226,,65.4,97.6,0.309,0.347,0.516,45.9,53.1,11.1,8.8,0.482,18.5,31.8,0.219
59,Coastal Carolina,29,14,15,0.483,-5.61,-5.22,,9,7,,12,4,,2,11,,1943,1840,,65.6,101.6,0.361,0.258,0.51,51.5,43.1,13.1,7,0.479,17.7,39.3,0.237
60,Colgate,32,11,21,0.344,-8.73,-2.58,,5,9,,7,5,,3,16,,2033,2230,,66.4,95.4,0.276,0.366,0.511,47.8,56.1,6.9,7.5,0.48,17.5,26.2,0.195
61,College of Charleston,35,24,11,0.686,0.17,-3.86,,14,4,,10,7,,11,2,,2297,2176,,63.8,102.9,0.386,0.331,0.533,51.8,48.8,6.7,10.6,0.499,17.8,33.9,0.265
62,Colorado State NCAA,35,26,9,0.743,13.65,5.89,,11,5,,16,1,,6,6,,2553,2229,,64.6,112.6,0.436,0.271,0.539,56.9,50.5,7.1,6.4,0.495,14.1,41.2,0.312
63,Colorado NCAA,33,21,12,0.636,11.95,7.95,,10,8,,12,3,,5,7,,2230,2098,,65.7,101.4,0.409,0.289,0.522,50.2,42.3,10.5,8.6,0.483,17.1,33.6,0.281
64,Columbia,28,12,16,0.429,-3.25,-3.48,,4,10,,6,7,,5,9,,1746,1694,,61.3,101.7,0.334,0.363,0.525,48.5,55.8,10,7.5,0.484,15.5,29.4,0.249
65,Connecticut,30,20,10,0.667,11.88,7.42,,10,8,,13,3,,4,5,,2096,1962,,64.9,103.8,0.369,0.341,0.542,44.4,56.4,11.1,11.2,0.5,16,28.5,0.274
66,Coppin State,32,8,24,0.25,-12.65,-4.2,,5,11,,4,7,,4,15,,2035,2277,,69.3,90.3,0.32,0.409,0.47,41.2,47.7,11.1,4.9,0.431,17.9,29.3,0.223
67,Cornell,31,13,18,0.419,-7.27,-2.37,,5,9,,4,10,,7,8,,2040,2168,,67.2,98,0.303,0.353,0.516,47,49.7,10.1,10.7,0.484,17.3,28.5,0.213
68,Creighton NCAA,36,28,8,0.778,16.44,5.16,,13,5,,15,2,,7,5,,2680,2274,,65,114.5,0.342,0.394,0.612,51.6,64.6,7.4,6.6,0.582,16.8,28.8,0.26
69,Dartmouth,28,9,19,0.321,-9.21,-3.17,,5,9,,6,7,,3,12,,1719,1844,,64.1,95.3,0.34,0.322,0.504,46.6,49.7,10.8,7.6,0.462,18.2,29.1,0.248
70,Davidson NCAA,34,26,8,0.765,7.27,-3.45,,17,1,,12,1,,9,4,,2490,2110,,64.8,112.7,0.388,0.383,0.58,49.3,56.5,8.6,7.6,0.532,14.7,29,0.309
71,Dayton,31,17,14,0.548,9.36,4.27,,7,9,,13,4,,2,8,,2225,2067,,66.4,107.3,0.397,0.286,0.565,50.8,55.1,8.3,7.2,0.53,18.6,35.2,0.284
72,Delaware State,33,15,18,0.455,-11.19,-5.9,,8,8,,8,3,,5,12,,1997,2094,,62.3,95.4,0.332,0.359,0.498,45.3,46,10.9,14.6,0.462,18.4,33,0.229
73,Delaware,33,19,14,0.576,-0.78,-0.81,,13,5,,9,4,,8,7,,2276,2275,,66.6,101.9,0.42,0.254,0.518,49.8,41.1,8,11,0.463,16,33.1,0.316
74,Denver,32,22,10,0.688,9.2,0.26,,16,2,,14,2,,8,7,,2076,1790,,59.7,108.2,0.312,0.436,0.587,42.2,69.8,15,13.3,0.562,16.8,22.7,0.225
75,DePaul,32,11,21,0.344,1.71,5.61,,2,16,,7,10,,4,8,,2284,2409,,71.4,98.8,0.317,0.266,0.509,44.3,51.9,11.5,9.5,0.474,16.9,31.7,0.223
76,Detroit Mercy,33,20,13,0.606,6.71,1.62,,12,4,,13,2,,7,10,,2568,2340,,70.1,111,0.357,0.344,0.551,47.3,53,11.8,9.4,0.515,13.4,32.1,0.26
77,Drake,32,15,17,0.469,3.43,5.14,,7,11,,9,6,,4,7,,2296,2319,,68.5,103.6,0.376,0.416,0.562,45.8,55.9,8.3,6.1,0.528,17.7,24.5,0.27
78,Drexel,31,13,18,0.419,-1.08,-0.98,,9,9,,5,8,,7,7,,1953,1956,,61.4,100.6,0.335,0.327,0.51,50.6,53.4,8.1,5.5,0.467,16.1,33.3,0.25
79,Duke NCAA,36,30,6,0.833,21.43,9.54,,14,4,,16,0,,5,4,,2778,2350,,68.2,113.1,0.392,0.333,0.576,47.3,53.6,9.4,9,0.539,13.7,28.8,0.289
80,Duquesne,30,8,22,0.267,-4.54,3.5,,1,15,,6,9,,2,12,,2028,2269,,69.4,96.7,0.317,0.413,0.505,45.9,53.6,7.4,9,0.479,17.9,30.9,0.204
81,East Carolina,35,23,12,0.657,2.56,0.81,,9,7,,17,4,,6,7,,2679,2484,,70,108.2,0.385,0.385,0.555,46.8,65.4,11.3,10,0.519,15.5,30.6,0.275
82,East Tennessee State,32,10,22,0.313,-13.15,-2.25,,8,10,,5,8,,5,10,,1994,2284,,66.1,93.8,0.316,0.364,0.495,43.3,45.6,9.6,7.1,0.464,17.4,27.7,0.211
83,Eastern Illinois,32,11,21,0.344,-8.93,-5.09,,6,10,,5,9,,4,11,,1933,2055,,60.7,99.1,0.342,0.346,0.526,47,60.8,10.6,7.3,0.497,18.3,30.4,0.227
84,Eastern Kentucky,35,25,10,0.714,1.66,-3.92,,12,4,,15,1,,9,8,,2586,2303,,65.6,111.8,0.338,0.455,0.585,43.1,58.8,13.4,6.7,0.547,15.8,28.5,0.264
85,Eastern Michigan,34,16,18,0.471,-6.25,-1.25,,7,9,,13,5,,2,12,,1926,2011,,61,92.5,0.304,0.286,0.48,46.4,51.9,12.9,17.4,0.448,19.1,35,0.204
86,Eastern Washington,31,10,21,0.323,-10.77,-5.48,,7,13,,7,7,,2,13,,2146,2310,,68.4,99.6,0.32,0.428,0.514,45.2,55.1,7.6,13,0.488,16.6,29.4,0.21
87,Elon,33,21,12,0.636,-3.58,-5.19,,13,5,,12,3,,8,8,,2273,2144,,66.7,102.1,0.288,0.398,0.531,46.6,54.9,9.8,8.9,0.501,15.2,26.5,0.205
88,Evansville,36,21,15,0.583,5.26,2.91,,10,8,,15,3,,5,11,,2490,2374,,65.7,104.2,0.317,0.275,0.526,47.2,63.8,8.9,8.4,0.488,14.6,30.2,0.235
89,Fairfield,35,19,16,0.543,-0.55,-2,,9,9,,7,5,,7,10,,2122,2071,,62,97,0.289,0.341,0.506,48.1,57.1,11.3,10.3,0.477,18.3,33.6,0.198
90,Fairleigh Dickinson,31,7,24,0.226,-18,-4.65,,2,16,,2,10,,3,14,,2034,2448,,69.1,94.1,0.352,0.324,0.52,41.2,55.8,8.3,7.9,0.489,19.9,26.2,0.236
91,Florida A&M,31,8,23,0.258,-16.14,-6.21,,5,11,,6,4,,1,17,,2015,2235,,70.2,91.2,0.328,0.303,0.471,43.2,46.4,11.6,8.3,0.442,18.5,32.1,0.206
92,Florida Atlantic,32,14,18,0.438,-5.88,-2.49,,9,11,,11,4,,3,13,,2092,2164,,66.3,97.2,0.356,0.312,0.516,48,44,7.8,12.4,0.478,19.4,32.9,0.25
93,Florida Gulf Coast NCAA,37,26,11,0.703,2.76,-2.07,,13,5,,15,1,,6,9,,2696,2469,,69.5,103.8,0.348,0.342,0.548,48.3,53.6,12.7,10.5,0.521,18.1,32.2,0.235
94,Florida International,32,18,14,0.563,-2.08,-2.11,,11,9,,10,3,,6,10,,2210,2209,,69.6,99.3,0.358,0.375,0.526,44.7,48.2,13.4,7.9,0.489,18.7,31.3,0.253
95,Florida State,34,18,16,0.529,5.67,7.23,,9,9,,10,8,,3,7,,2278,2331,,66.3,101,0.404,0.32,0.544,45.6,49.4,9.3,13.5,0.499,19.2,30.9,0.297
96,Florida NCAA,37,29,8,0.784,23.86,6.83,,14,4,,15,0,,7,5,,2642,2012,,62.9,113.5,0.31,0.395,0.573,51.4,56.3,11.4,9.4,0.552,14.8,33.4,0.21
97,Fordham,31,7,24,0.226,-6.9,4.59,,3,13,,4,7,,1,15,,1997,2353,,68.8,93.6,0.327,0.303,0.484,49.4,52.5,7.2,11.1,0.449,19.1,35.9,0.22
98,Fresno State,30,11,19,0.367,3.31,6.56,,5,11,,6,8,,5,10,,1798,1829,,62.1,95.7,0.379,0.334,0.487,44.5,45.1,11.5,10.1,0.448,15.8,30.1,0.253
99,Furman,31,7,24,0.226,-17.46,-5.29,,3,15,,5,9,,1,14,,1869,2180,,64.7,93.2,0.359,0.358,0.505,45.1,52.8,8.2,9.6,0.467,19.6,28.6,0.248
100,Gardner-Webb,34,21,13,0.618,-3.22,-5.93,,11,5,,12,3,,6,9,,2236,2066,,64.3,100.5,0.347,0.312,0.513,49.9,55.4,12,7.6,0.474,17.4,35.9,0.248
101,George Mason,38,22,16,0.579,2.01,-0.17,,10,8,,10,7,,8,6,,2587,2504,,65.8,102.4,0.353,0.278,0.525,48.2,51.3,11.1,8.1,0.485,17.3,35,0.256
102,George Washington,30,13,17,0.433,4.22,3.49,,7,9,,7,7,,5,9,,1988,1966,,68.1,96.9,0.404,0.181,0.502,51.4,55.1,11.4,12.4,0.466,19.5,38.2,0.265
103,Georgetown NCAA,32,25,7,0.781,15.84,7.59,,14,4,,16,1,,6,3,,2070,1806,,62.4,102,0.368,0.329,0.541,48.4,64.3,11.8,11.3,0.511,17.6,30.4,0.25
104,Georgia Southern,33,14,19,0.424,-9.67,-5.02,,7,11,,7,6,,5,11,,2050,2148,,63.1,97.4,0.357,0.315,0.509,46.3,44.1,10.8,6.4,0.473,17.8,31.2,0.246
105,Georgia State,31,15,16,0.484,-2.04,-2.4,,10,8,,9,7,,6,9,,2114,2075,,64.1,105.1,0.348,0.363,0.538,46.2,49,11.9,13.1,0.504,15.4,29.5,0.247
106,Georgia Tech,31,16,15,0.516,6.6,4.67,,6,12,,11,6,,3,7,,1993,1933,,66.3,96.7,0.28,0.304,0.491,50.1,52.5,8.8,11.2,0.468,16.4,32.6,0.178
107,Georgia,32,15,17,0.469,5.31,6.09,,9,9,,12,6,,3,8,,1946,1971,,62.4,95.9,0.45,0.338,0.515,49.8,58.3,8.9,12.5,0.469,19.8,32.1,0.312
108,Gonzaga NCAA,35,32,3,0.914,20.47,4.18,,16,0,,15,1,,10,1,,2696,2095,,65.3,118,0.402,0.315,0.585,53.3,55.2,12.1,8.2,0.555,14.6,37.8,0.283
109,Grambling,28,0,28,0,-35.85,-9.17,,0,18,,0,9,,0,18,,1391,2138,,65.6,75.7,0.249,0.319,0.433,39.5,55.9,6.7,5.7,0.411,23.4,28.4,0.146
110,Green Bay,34,18,16,0.529,1.67,-0.27,,10,6,,12,3,,4,12,,2247,2142,,64.1,102.3,0.398,0.275,0.533,51.3,58.6,9.2,14,0.485,17.8,32.5,0.299
111,Hampton,31,14,17,0.452,-9.35,-7.84,,11,5,,7,7,,7,8,,1936,1983,,68.9,89.2,0.386,0.296,0.473,49,51.9,10.6,12.6,0.431,20.5,34.1,0.257
112,Hartford,31,17,14,0.548,-5.84,-4.71,,10,6,,10,5,,7,8,,1863,1898,,64.2,93.6,0.307,0.446,0.515,43.8,59.2,12.7,5.9,0.483,19.6,26,0.214
113,Harvard NCAA,30,20,10,0.667,3.95,0.16,,11,3,,13,1,,6,8,,2049,1924,,63.8,105.6,0.489,0.337,0.583,46.3,57.9,11.2,11,0.542,18.5,26,0.354
114,Hawaii,32,17,15,0.531,-1.73,-2.37,,10,8,,12,7,,4,7,,2336,2305,,69.7,104.3,0.369,0.308,0.537,51.6,53.1,7.6,9.2,0.505,17.5,36,0.254
115,High Point,31,17,14,0.548,-4.66,-7.25,,12,4,,10,5,,6,8,,2221,2052,,67.4,105.5,0.331,0.24,0.521,49.7,55.3,10.8,11.7,0.485,15,35.4,0.237
116,Hofstra,32,7,25,0.219,-10.76,-1.92,,4,14,,6,9,,1,14,,1873,2132,,64.9,89.4,0.386,0.283,0.46,46.9,47.4,9.7,9.4,0.424,18.5,34.2,0.242
117,Holy Cross,30,12,18,0.4,-6.14,-2.97,,4,10,,7,5,,4,12,,1834,1929,,62.3,97.7,0.3,0.367,0.516,47.4,56.8,6.2,10,0.477,17.3,28.2,0.226
118,Houston Baptist,31,14,17,0.452,-15.17,-8.03,,3,5,,7,5,,3,12,,1982,2080,,69.6,90.4,0.365,0.256,0.491,47.7,49,9.8,6.8,0.455,20.9,33.3,0.242
119,Houston,33,20,13,0.606,-0.3,-3.77,,7,9,,14,4,,5,8,,2578,2420,,70.1,108.5,0.398,0.28,0.552,50.1,54.8,9.3,9.4,0.515,15.6,34.1,0.282
120,Howard,31,7,24,0.226,-14.42,-5.35,,4,12,,5,7,,2,13,,1615,1868,,62.1,83.9,0.356,0.26,0.441,47.2,48.1,10.2,10,0.397,20.1,35.1,0.236
121,Idaho State,30,6,24,0.2,-12.98,-4.85,,5,15,,5,7,,1,14,,1710,1928,,60.4,93.5,0.38,0.357,0.502,42.5,52.3,11.4,10.7,0.463,17.5,25.1,0.258
122,Idaho,30,12,18,0.4,-2.19,0.33,,7,11,,6,8,,6,8,,2050,2079,,63.3,107,0.376,0.341,0.568,51.5,55.1,6.4,7.7,0.529,18.3,33.1,0.279
123,Illinois-Chicago,34,18,16,0.529,-1.78,-0.69,,7,9,,12,4,,4,10,,2136,2134,,63.8,97.4,0.351,0.365,0.509,45.9,57.8,10.1,7.7,0.462,16.8,28.4,0.264
124,Illinois State,33,18,15,0.545,9.63,3.72,,8,10,,11,5,,5,8,,2460,2265,,69.3,106.8,0.344,0.364,0.552,47.4,56.3,10.4,11.9,0.518,16.2,29.5,0.249
125,Illinois NCAA,36,23,13,0.639,13.23,10.08,,8,10,,12,4,,6,6,,2465,2332,,65.5,104.2,0.31,0.419,0.516,46.6,42.5,10.4,11.5,0.479,14.7,33.1,0.225
126,Indiana State,33,18,15,0.545,5.08,5.64,,9,9,,11,3,,4,10,,2159,2164,,65.3,98.7,0.42,0.339,0.527,47,53.2,8.5,8.6,0.483,17.2,26.9,0.297
127,Indiana NCAA,36,29,7,0.806,24.9,8.38,,14,4,,17,2,,7,2,,2831,2236,,67.1,116.3,0.459,0.323,0.59,53.3,54,10.5,9.3,0.548,16.3,39,0.341
128,Iona NCAA,34,20,14,0.588,4.04,-0.02,,11,7,,11,1,,5,9,,2733,2595,,70.5,111.1,0.327,0.366,0.562,47.1,54.7,9,7.4,0.521,14.7,32.8,0.255
129,Iowa State NCAA,35,23,12,0.657,14.5,6.13,,11,7,,16,1,,4,7,,2779,2486,,70,111.7,0.33,0.438,0.569,51.2,58.2,9,7,0.538,15.9,34.2,0.241
130,Iowa,38,25,13,0.658,14.22,6.93,,9,9,,18,2,,3,8,,2665,2388,,66.6,104.2,0.416,0.31,0.516,51.1,63.5,10.3,12.6,0.466,15.6,36.4,0.304
131,Purdue-Fort Wayne,33,16,17,0.485,-7,-5.32,,7,9,,10,4,,4,10,,2213,2178,,65.7,100.6,0.385,0.35,0.528,50.2,53.2,11.4,7.5,0.501,17.7,31.3,0.247
132,IUPUI,32,6,26,0.188,-15.93,-2.79,,1,15,,3,8,,1,13,,2096,2451,,66.2,97.4,0.246,0.348,0.526,42.2,53.2,8.2,5.9,0.505,16.9,23.4,0.165
133,Jackson State,29,11,18,0.379,-14.8,-9.52,,9,9,,6,3,,4,14,,1920,2073,,69.4,94.2,0.384,0.35,0.489,43.2,42.5,11.8,5.8,0.445,15.9,27.5,0.268
134,Jacksonville State,28,17,11,0.607,-4.48,-4.29,,8,8,,9,3,,6,8,,1857,1817,,63.8,103,0.436,0.314,0.537,43.4,57,13.1,11.1,0.5,17.4,32.4,0.296
135,Jacksonville,32,14,18,0.438,-10.47,-4.74,,9,9,,10,3,,3,13,,2181,2300,,69.3,96.7,0.363,0.28,0.508,48.4,53.5,9.5,8.5,0.468,18.5,33.1,0.255
136,James Madison NCAA,36,21,15,0.583,-1.73,-2.28,,11,7,,10,4,,4,9,,2346,2326,,64.1,100.9,0.368,0.324,0.514,46.2,51.7,11.7,13.5,0.476,15,29.6,0.257
137,Kansas State NCAA,35,27,8,0.771,13.53,6.53,,14,4,,15,1,,7,3,,2414,2115,,63.6,108.4,0.315,0.329,0.524,50.6,63.9,11.1,10.3,0.495,14.9,38.7,0.216
138,Kansas NCAA,37,31,6,0.838,20.79,7.54,,14,4,,16,1,,7,3,,2782,2292,,67.8,109.1,0.395,0.29,0.572,52.6,58.4,10.2,17.6,0.533,17.5,33.8,0.291
139,Kennesaw State,30,3,27,0.1,-15.4,-4.76,,2,16,,2,10,,1,15,,1831,2150,,64.5,92.8,0.374,0.312,0.483,43.6,48.4,10.7,4.9,0.447,17.9,30.6,0.243
140,Kent State,35,21,14,0.6,2.38,-0.83,,9,7,,12,6,,8,7,,2484,2373,,65.8,106,0.438,0.348,0.535,48.2,48.8,10,7.4,0.491,16.1,34.9,0.311
141,Kentucky,33,21,12,0.636,13.94,5.78,,12,6,,16,2,,4,8,,2396,2127,,66.8,107.9,0.417,0.293,0.551,51.2,51.1,8.3,15.6,0.526,16.5,34.7,0.268
142,La Salle NCAA,34,24,10,0.706,10.14,4.46,,11,5,,13,2,,8,6,,2450,2257,,66.5,107.6,0.313,0.36,0.552,44.6,55.2,11.6,8.3,0.519,15,29,0.231
143,Lafayette,34,19,15,0.559,-3,-2.36,,10,4,,14,3,,5,12,,2349,2346,,65.8,104.6,0.28,0.39,0.563,43.8,57.7,10.3,8.5,0.532,16.9,25.4,0.211
144,Lamar,31,3,28,0.097,-20.55,-3.26,,1,17,,1,10,,1,17,,1862,2398,,70.7,84.2,0.315,0.108,0.465,46.7,49.7,6,8.9,0.424,22,32.4,0.221
145,Lehigh,31,21,10,0.677,3.95,-3.01,,10,4,,11,3,,9,7,,2266,2022,,66.6,109.7,0.362,0.352,0.567,45,57.5,10.6,9.3,0.531,14.5,27.2,0.267
146,Liberty NCAA,36,15,21,0.417,-9.13,-5.8,,6,10,,8,7,,4,11,,2489,2519,,66.6,102.7,0.394,0.342,0.536,47.2,52.9,8.1,7.6,0.493,17.1,29.7,0.288
147,Lipscomb,30,12,18,0.4,-11.7,-3.45,,7,11,,8,6,,4,11,,2079,2300,,70.9,96.5,0.446,0.294,0.508,49.9,48.1,9.7,5.1,0.471,19.8,36.1,0.288
148,Cal State Long Beach,33,19,14,0.576,-1.18,1.92,,14,4,,11,3,,7,10,,2291,2360,,68.2,101.5,0.368,0.357,0.531,47.1,49.1,9.5,9.2,0.502,18.4,32.7,0.243
149,Long Island University NCAA,34,20,14,0.588,-3.21,-5.8,,12,6,,12,2,,7,9,,2677,2589,,70,111.6,0.456,0.339,0.576,48.6,56.3,9.7,8.3,0.544,17.3,35.2,0.315
150,Longwood,33,8,25,0.242,-19.36,-5.1,,4,12,,4,9,,2,14,,2270,2687,,72.4,94.7,0.312,0.276,0.521,45.5,54.6,9.4,6.7,0.487,20.1,29.8,0.222
151,Louisiana,33,13,20,0.394,-4.92,-2.23,,8,12,,10,5,,2,14,,2337,2413,,71,98.6,0.352,0.343,0.517,44.3,44.4,9.9,9.2,0.486,17.1,29.1,0.236
152,Louisiana-Monroe,27,4,23,0.148,-13.97,-1.45,,3,17,,3,9,,1,13,,1621,1959,,66.9,88.9,0.315,0.328,0.5,43.2,61,10.6,3.9,0.484,21.3,27.3,0.182
153,Louisiana State,31,19,12,0.613,5.82,4.01,,9,9,,14,3,,4,8,,2194,2138,,69,100.9,0.334,0.358,0.515,47.5,56.1,13,9.7,0.492,17.3,34.4,0.209
154,Louisiana Tech,34,27,7,0.794,5.48,-2.06,,16,2,,14,0,,11,6,,2470,2151,,70.6,103,0.345,0.376,0.507,47.3,53,12.9,12.3,0.47,14.7,34.5,0.24
155,Louisville NCAA,40,35,5,0.875,24.81,9.13,,14,4,,15,1,,8,3,,2978,2351,,66.4,110.3,0.4,0.3,0.544,51.1,55.7,15.9,12.1,0.506,15.3,38.2,0.283
156,Loyola (IL),31,15,16,0.484,-1.03,-2.3,,5,11,,8,6,,6,9,,1995,1934,,63.1,101.6,0.347,0.318,0.54,49,60.7,8,7.4,0.504,18.1,30.6,0.249
157,Loyola Marymount,34,11,23,0.324,-3.04,2.86,,1,15,,5,9,,2,12,,2202,2338,,66,97,0.346,0.313,0.494,47.9,47.7,10.8,7.1,0.453,16.8,33.4,0.243
158,Loyola (MD),35,23,12,0.657,1.33,-2.1,,12,6,,13,3,,7,8,,2341,2221,,63.9,103.2,0.41,0.256,0.511,47.9,51.1,11,11.9,0.469,15.4,37,0.282
159,Maine,30,11,19,0.367,-9.57,-4.12,,6,10,,8,4,,3,15,,1988,2091,,69.1,95.9,0.331,0.314,0.509,48,52.4,10.1,10.3,0.48,18.7,30.6,0.217
160,Manhattan,32,14,18,0.438,-1.97,-0.38,,9,9,,7,4,,5,11,,1865,1916,,62.5,92.5,0.458,0.357,0.509,47,55.5,10.5,13,0.468,22,31.8,0.303
161,Marist,31,10,21,0.323,-6.34,-1.63,,6,12,,6,7,,3,11,,2045,2191,,67.8,96.1,0.396,0.341,0.515,44.9,55.8,9.1,10.2,0.484,18.3,27,0.256
162,Marquette NCAA,35,26,9,0.743,14.04,8.58,,14,4,,16,0,,5,6,,2382,2191,,63.4,105.9,0.409,0.27,0.541,50.8,57.4,10.3,10,0.496,17.6,38.3,0.299
163,Marshall,32,13,19,0.406,-3.62,0.93,,6,10,,11,4,,1,11,,2208,2327,,68.8,99.5,0.443,0.36,0.508,48.5,58.4,9.3,11,0.482,18.9,38,0.265
164,Maryland-Baltimore County,31,8,23,0.258,-12.5,-3.7,,5,11,,6,8,,1,14,,1970,2216,,67.6,92.5,0.295,0.347,0.49,45.1,51.3,10.5,6.4,0.466,18.5,29.1,0.186
165,Maryland-Eastern Shore,28,2,26,0.071,-19.61,-5.11,,2,14,,2,6,,0,15,,1535,1941,,64.6,84.2,0.353,0.3,0.436,45.6,48.5,10.3,7.3,0.398,19.6,34.9,0.223
166,Maryland,38,25,13,0.658,11.37,4.66,,8,10,,18,3,,4,7,,2688,2433,,67.3,104.8,0.345,0.304,0.544,54,55.9,7.6,11.2,0.516,18.7,36.9,0.234
167,Massachusetts,33,21,12,0.636,5.82,4.55,,9,7,,10,5,,8,4,,2408,2366,,70.9,102.6,0.358,0.362,0.533,47.9,57.5,10.6,12.9,0.495,17.4,32.4,0.257
168,McNeese State,31,14,17,0.452,-11.49,-4.63,,7,11,,9,5,,4,11,,2055,2172,,66,98,0.297,0.263,0.487,45.3,49.3,11.5,11.8,0.461,15,32.2,0.191
169,Memphis NCAA,36,31,5,0.861,12.26,2.7,,16,0,,17,1,,9,1,,2681,2337,,69.5,106.3,0.372,0.286,0.55,50.8,62,12.7,16.3,0.524,17.7,35.6,0.246
170,Mercer,36,24,12,0.667,0.69,-4.08,,14,4,,13,0,,9,8,,2371,2135,,62.9,104.1,0.352,0.402,0.547,47.3,63.9,10.5,12.8,0.506,17.3,30.6,0.265
171,Miami (FL) NCAA,36,29,7,0.806,16.99,7.88,,15,3,,14,1,,10,3,,2509,2181,,64,108.5,0.346,0.356,0.548,50.1,45.6,9.6,12.3,0.519,14.1,30.6,0.236
172,Miami (OH),31,9,22,0.29,-6.62,-0.26,,3,13,,5,8,,4,13,,1954,2128,,65.3,96.1,0.37,0.336,0.52,43.7,55.2,12.7,7.5,0.486,19,27.6,0.252
173,Michigan State NCAA,36,27,9,0.75,18.64,10.55,,13,5,,17,1,,6,5,,2448,2129,,64.7,105.1,0.37,0.272,0.542,53.3,53.7,12.4,10.9,0.505,17.8,36.4,0.264
174,Michigan NCAA,39,31,8,0.795,21.28,10.05,,12,6,,17,1,,5,5,,2932,2467,,64.1,116.1,0.284,0.34,0.572,49.9,51.7,9.5,7.3,0.549,12.5,32.7,0.199
175,Middle Tennessee NCAA,34,28,6,0.824,11.16,-1.52,,19,1,,15,0,,11,3,,2405,1974,,65.6,107.1,0.414,0.262,0.548,52.3,56.7,10.6,11,0.511,17.4,36.5,0.288
176,Milwaukee,32,8,24,0.25,-10.33,-0.26,,3,13,,7,7,,1,15,,2007,2264,,66,93.5,0.363,0.407,0.492,43.4,51.9,8,8.8,0.452,18.2,29,0.248
177,Minnesota NCAA,34,21,13,0.618,16.83,10.31,,8,10,,15,2,,3,8,,2337,2115,,63.5,107.8,0.416,0.297,0.531,53.1,61.7,11.7,15.8,0.493,17.5,43.6,0.285
178,Mississippi State,32,10,22,0.313,-4.54,4.34,,4,14,,7,7,,1,11,,1940,2224,,68.2,88.1,0.408,0.318,0.486,44.6,47.9,11.7,10.3,0.446,21.4,30.5,0.269
179,Mississippi Valley State,28,5,23,0.179,-19.13,-8.28,,5,13,,4,5,,1,16,,1765,2069,,70.7,88.7,0.395,0.347,0.463,43.3,45.7,10,6.2,0.422,18.3,31.7,0.256
180,Mississippi NCAA,36,27,9,0.75,14.42,4.14,,12,6,,16,1,,6,6,,2779,2409,,70.5,108.4,0.388,0.33,0.526,48.1,46.1,11.6,13.7,0.491,13,33.6,0.263
181,Missouri-Kansas City,32,8,24,0.25,-13.61,-2.74,,5,11,,3,11,,4,11,,1950,2252,,65.2,93.5,0.307,0.351,0.51,46.8,44.8,9.1,8.5,0.481,20.1,29.8,0.207
182,Missouri State,33,11,22,0.333,-2.8,4.65,,7,11,,8,7,,2,12,,1966,2136,,61.5,96.2,0.339,0.35,0.492,44.6,47.9,7.6,4.3,0.458,14.4,26.5,0.227
183,Missouri NCAA,34,23,11,0.676,15.41,6,,11,7,,17,0,,2,8,,2588,2268,,68.2,110.7,0.35,0.315,0.551,53.7,51.1,9.8,9.1,0.512,15.8,38.7,0.261
184,Monmouth,31,10,21,0.323,-12.02,-4.19,,5,13,,5,8,,3,13,,2009,2252,,70.8,91.5,0.323,0.303,0.484,42.1,52.7,12.4,4.5,0.444,18.1,29.8,0.228
185,Montana State,30,13,17,0.433,-10.9,-6.69,,10,10,,10,6,,3,10,,2118,2181,,67,103.6,0.365,0.349,0.526,46.1,46.2,11.6,5,0.486,14.9,29.9,0.262
186,Montana NCAA,32,25,7,0.781,-1.11,-4.21,,19,1,,15,1,,10,4,,2238,2096,,63.8,107.5,0.398,0.36,0.576,46.4,53.3,9,8.3,0.532,16.7,25.9,0.305
187,Morehead State,33,15,18,0.455,-5.36,-1.81,,8,8,,10,5,,3,12,,2396,2408,,70.9,100.9,0.382,0.324,0.524,51.9,58.1,12.4,8.9,0.487,20,40,0.264
188,Morgan State,32,17,15,0.531,-5.39,-7.51,,10,6,,5,4,,8,9,,2162,2094,,67.3,98.8,0.392,0.252,0.504,48.4,50.9,9.4,13.6,0.483,18.5,38,0.231
189,Mount St. Mary's,32,18,14,0.563,-5.85,-4.1,,11,7,,10,2,,8,12,,2233,2289,,67.6,102.8,0.319,0.447,0.535,43.5,50,12.4,5.3,0.505,16,28.6,0.222
190,Murray State,31,21,10,0.677,1.21,-2.89,,10,6,,10,4,,8,4,,2257,2071,,67,106.9,0.39,0.409,0.555,49.3,51.2,9.9,8.6,0.523,17.6,33.7,0.269
191,Navy,31,8,23,0.258,-11.31,-4.44,,2,12,,5,9,,2,13,,1709,1888,,60.6,90.6,0.279,0.329,0.47,42.4,58,9.7,7.4,0.445,16.2,26.3,0.175
192,Omaha,31,11,20,0.355,-15.18,-3.9,,6,10,,7,6,,3,13,,2215,2548,,71.6,99.8,0.3,0.296,0.543,42.5,49.5,9.2,6.7,0.515,18.2,25.2,0.209
193,Nebraska,33,15,18,0.455,4.4,9.59,,5,13,,11,7,,2,9,,1923,2094,,61.8,94.3,0.284,0.308,0.487,44.3,45.9,8.2,8.8,0.454,15.1,26.1,0.196
194,Nevada-Las Vegas NCAA,35,25,10,0.714,12.92,5.71,,10,6,,17,2,,6,6,,2498,2206,,68.9,103.2,0.373,0.344,0.53,52,64.4,10.5,14.6,0.492,17.1,33.8,0.262
195,Nevada,31,12,19,0.387,0.45,5.35,,3,13,,10,7,,2,11,,2092,2229,,66.9,100,0.413,0.356,0.523,45.5,49.9,8.2,8.8,0.475,16.5,29.2,0.301
196,New Hampshire,29,9,20,0.31,-8.26,-4.19,,5,11,,6,6,,3,13,,1745,1819,,64.5,92.5,0.348,0.371,0.478,46,49.9,9,7.6,0.446,16.1,27.9,0.222
197,New Mexico State NCAA,35,24,11,0.686,5.11,0.7,,14,4,,15,1,,6,8,,2355,2175,,65.2,102.5,0.462,0.24,0.528,53.1,48.2,8.6,14.1,0.493,18.5,37.3,0.303
198,New Mexico NCAA,35,29,6,0.829,13.28,6.63,,13,3,,15,1,,8,4,,2355,2122,,64.7,103.3,0.457,0.347,0.533,49.4,65.8,9.6,11.3,0.484,15.4,29.3,0.329
199,New Orleans,26,8,18,0.308,-21.26,-6.12,,0,0,,8,4,,0,13,,1791,1958,,72.6,92.6,0.368,0.209,0.504,45.3,53.9,11.6,7.1,0.47,20.6,30.9,0.243
200,Niagara,33,19,14,0.576,0.58,-1.15,,13,5,,11,4,,7,8,,2436,2379,,68.9,105.5,0.38,0.372,0.52,45.6,50.7,11.4,7.7,0.483,13.9,32.5,0.263
201,Nicholls State,30,9,21,0.3,-10.54,-4.97,,8,10,,5,5,,4,13,,2020,2187,,67.3,98.8,0.4,0.32,0.522,43.5,52.9,9.3,5.4,0.487,17.6,30.1,0.267
202,NJIT,29,16,13,0.552,-8.33,-9.01,,6,2,,12,3,,4,9,,2042,1869,,68.5,100.2,0.407,0.297,0.513,49.5,53.3,12.4,13.5,0.476,17.6,35.6,0.273
203,Norfolk State,33,21,12,0.636,-5.77,-6.56,,16,0,,11,0,,10,9,,2188,2162,,68.7,96.2,0.4,0.286,0.497,46.7,51,10.6,11.7,0.462,17.9,33.7,0.258
204,North Carolina-Asheville,32,16,16,0.5,-3.67,-3.98,,10,6,,10,4,,6,8,,2296,2213,,69.6,102.7,0.377,0.256,0.532,49.1,55.5,11.7,13.2,0.492,17.7,34.5,0.269
205,North Carolina A&T NCAA,37,20,17,0.541,-6.94,-6.3,,8,8,,9,3,,5,12,,2299,2291,,67.1,92.3,0.42,0.367,0.497,46.4,52.2,10.5,13.6,0.458,19.6,30,0.276
206,North Carolina Central,31,22,9,0.71,-2.23,-7.05,,15,1,,12,2,,9,5,,2079,1758,,64.9,103.3,0.443,0.314,0.559,49.4,61.8,11.7,9,0.514,19.3,31.3,0.325
207,North Carolina-Greensboro,31,9,22,0.29,-9.42,-5.31,,6,12,,6,9,,2,12,,2222,2286,,71.7,100,0.33,0.353,0.509,47.5,47.5,10.2,4.4,0.478,15.3,29.2,0.222
208,North Carolina State NCAA,35,24,11,0.686,14.32,7.17,,11,7,,16,1,,3,7,,2708,2458,,68.6,112.4,0.409,0.237,0.571,50.2,51.9,9.4,10.1,0.542,15.4,34.7,0.279
209,North Carolina-Wilmington,30,10,20,0.333,-10.09,-2.27,,5,13,,9,5,,1,15,,1899,2111,,66.6,95.1,0.364,0.292,0.497,47.4,49.8,9.2,10.8,0.467,18.3,31.7,0.234
210,North Carolina NCAA,36,25,11,0.694,14.52,8.01,,12,6,,14,2,,7,6,,2762,2492,,71.6,106.8,0.282,0.312,0.525,48.6,60.2,11.7,8.1,0.499,14.1,34.4,0.19
211,North Dakota State,34,24,10,0.706,5.21,-4.01,,12,4,,12,1,,7,8,,2282,1908,,61,109.2,0.288,0.366,0.561,52.2,50.8,9.4,12.7,0.534,15.6,30.7,0.208
212,North Dakota,33,16,17,0.485,-8.53,-5.34,,12,8,,9,5,,6,11,,2222,2243,,67.2,99.8,0.355,0.329,0.519,46.1,49.6,11.6,9.6,0.48,16.4,30,0.253
213,North Florida,32,13,19,0.406,-7.35,-3.22,,8,10,,7,4,,4,14,,2121,2235,,66.7,99.4,0.297,0.416,0.532,44.7,57.8,9.1,8.5,0.509,19.1,30.7,0.196
214,North Texas,32,12,20,0.375,-6.39,-2.73,,7,13,,8,7,,2,11,,2117,2201,,67.7,96.6,0.413,0.221,0.494,47.9,43.9,9,11.9,0.444,17.2,33.9,0.292
215,Northeastern,33,20,13,0.606,-1.35,-1.93,,14,4,,7,8,,10,3,,2273,2254,,63.8,105.5,0.388,0.359,0.554,44.9,59,12,6.9,0.51,17.2,31.4,0.292
216,Northern Arizona,32,11,21,0.344,-12.02,-3.55,,8,12,,6,6,,4,13,,2140,2411,,68.6,95.6,0.314,0.307,0.516,44.6,55.1,10.2,6.5,0.487,18.1,27,0.212
217,Northern Colorado,31,13,18,0.419,-7.64,-5.19,,10,10,,8,5,,4,13,,2184,2181,,66.4,105.8,0.329,0.326,0.55,49.5,50.9,10,6.6,0.525,17,32.3,0.222
218,Northern Illinois,30,5,25,0.167,-12,-2.2,,3,13,,3,11,,2,14,,1619,1885,,62.6,85.9,0.353,0.315,0.443,47.3,45.3,11.3,6.5,0.402,19.2,33.7,0.231
219,Northern Iowa,36,21,15,0.583,8.6,5.23,,11,7,,16,4,,5,6,,2400,2229,,63.4,104,0.328,0.408,0.556,47.8,53.4,9.7,7,0.518,16.7,25.2,0.248
220,Northern Kentucky,27,11,16,0.407,-7.82,-5.42,,9,9,,5,4,,6,9,,1582,1647,,60.4,97,0.284,0.453,0.511,43.9,61.5,10.1,6.1,0.481,16.6,25.3,0.2
221,Northwestern State NCAA,32,23,9,0.719,0.41,-3.77,,15,3,,13,1,,8,7,,2559,2285,,74.4,107.5,0.386,0.3,0.539,47.6,53.2,12.9,10.6,0.505,15.9,35.3,0.265
222,Northwestern,32,13,19,0.406,5.36,8.3,,4,14,,8,11,,3,7,,1943,2037,,61.5,98.4,0.339,0.431,0.508,41.4,70.7,9.1,8.8,0.475,15.2,25.9,0.23
223,Notre Dame NCAA,35,25,10,0.714,13.74,7.22,,11,7,,17,2,,4,5,,2450,2222,,62,109.8,0.32,0.32,0.551,50.6,65.8,7.8,9.3,0.522,15,34,0.227
224,Oakland,33,16,17,0.485,-4.39,-1.61,,10,6,,10,2,,5,14,,2444,2485,,68.9,106.7,0.419,0.357,0.54,46.5,52.6,11.9,3.6,0.5,15,31.3,0.296
225,Ohio State NCAA,37,29,8,0.784,20.19,9.32,,13,5,,16,2,,5,5,,2599,2197,,64.3,108.9,0.354,0.31,0.541,50.5,53.1,10.4,12.9,0.506,13.6,31.1,0.251
226,Ohio,34,24,10,0.706,6.94,-1.06,,14,2,,16,2,,7,7,,2464,2192,,67.7,106.3,0.313,0.4,0.562,44,66.8,13.1,9.8,0.536,16.4,27.4,0.219
227,Oklahoma State NCAA,33,24,9,0.727,15.57,6.73,,13,5,,15,2,,5,5,,2371,2079,,67.3,104.8,0.405,0.313,0.536,49.1,48.9,11,12.8,0.488,15.7,31.3,0.302
228,Oklahoma NCAA,32,20,12,0.625,11.4,7.09,,12,7,,12,2,,5,7,,2260,2122,,66.8,104.9,0.354,0.267,0.524,48.7,49.1,9.6,7.4,0.478,14.8,33.2,0.268
229,Old Dominion,30,5,25,0.167,-7.59,-1.55,,3,15,,2,15,,2,10,,1947,2128,,65.9,98,0.346,0.293,0.484,49.8,53.2,10.8,13.5,0.449,17,38.8,0.229
230,Oral Roberts,35,20,15,0.571,-0.23,-3,,13,5,,10,4,,9,8,,2484,2341,,66.5,105.9,0.378,0.242,0.545,50.6,49.7,9.3,9.2,0.504,17.5,36.4,0.279
231,Oregon State,32,14,18,0.438,6.04,4.29,,4,14,,9,8,,3,7,,2304,2248,,68.6,104.5,0.37,0.275,0.528,48.8,55.1,9.2,11.2,0.497,16.5,34.4,0.248
232,Oregon NCAA,37,28,9,0.757,13.82,5.77,,12,6,,17,2,,6,5,,2650,2352,,68.8,102.4,0.383,0.273,0.531,52.5,51.3,12.1,10.2,0.493,18.2,35.7,0.27
233,Pacific NCAA,35,22,13,0.629,1.96,1.05,,13,5,,13,2,,4,9,,2344,2238,,63.3,105.4,0.372,0.321,0.542,47.8,61.9,8.7,4.2,0.509,15.3,29.5,0.256
234,Penn State,31,10,21,0.323,2.85,9.46,,2,16,,8,9,,1,9,,1910,2115,,64.4,94.8,0.371,0.315,0.486,48.1,46.1,8.1,10.4,0.442,16.2,30.9,0.258
235,Pennsylvania,31,9,22,0.29,-6.97,-1.48,,6,8,,5,7,,4,12,,1947,2117,,67.5,92.6,0.344,0.304,0.516,44.3,60.7,9.6,7.3,0.477,20.8,26.7,0.247
236,Pepperdine,30,12,18,0.4,-3.73,1.06,,4,12,,6,7,,5,10,,1883,2021,,63.8,96.9,0.341,0.299,0.522,48.1,53.5,8.7,6,0.487,19.7,32.1,0.24
237,Pittsburgh NCAA,33,24,9,0.727,18.82,5.63,,12,6,,16,3,,6,3,,2282,1847,,60.4,113.2,0.375,0.263,0.546,53.1,64.2,10.8,12.7,0.517,14.8,40.4,0.251
238,Portland State,28,8,20,0.286,-10.84,-5.54,,5,15,,8,6,,0,14,,1929,2037,,65.3,105.1,0.328,0.26,0.541,46.1,52.5,8.3,6.1,0.504,15.8,31,0.244
239,Portland,32,11,21,0.344,-5.79,3.28,,4,12,,8,8,,2,11,,1951,2189,,65.5,92.6,0.353,0.262,0.489,49.6,55.1,8.9,10.7,0.451,19.4,34,0.239
240,Prairie View,34,15,19,0.441,-15.61,-10.1,,8,10,,9,4,,3,13,,2182,2223,,69.3,92.2,0.322,0.239,0.458,49.7,45,11,9.3,0.429,17.6,38.8,0.198
241,Presbyterian,32,8,24,0.25,-17.47,-4.71,,4,12,,7,6,,1,15,,1987,2248,,63.1,97.7,0.257,0.338,0.54,43.9,51.7,7.1,4.9,0.509,18.5,23.2,0.193
242,Princeton,28,17,11,0.607,3.16,-1.65,,10,4,,9,4,,8,6,,1803,1635,,60.4,106.1,0.353,0.348,0.564,49.8,64,10.5,8.5,0.531,17.7,30.8,0.255
243,Providence,34,19,15,0.559,9.28,6.55,,9,9,,14,4,,4,8,,2299,2206,,65.8,101.7,0.374,0.308,0.501,49.7,60.5,9.3,8.2,0.459,15.8,37.4,0.262
244,Purdue,34,16,18,0.471,9.04,7.87,,8,10,,12,7,,4,7,,2252,2212,,65.7,100.1,0.335,0.23,0.494,50.7,55.8,7.5,11.4,0.463,15.8,37.1,0.219
245,Quinnipiac,31,15,16,0.484,-4.75,-4.91,,11,7,,8,6,,6,8,,2225,2220,,67.6,104.1,0.411,0.222,0.505,54.9,49.3,6,9.7,0.465,16.4,41.3,0.277
246,Radford,32,13,19,0.406,-10.87,-7.32,,7,9,,8,5,,4,12,,2136,2179,,68.4,96.1,0.361,0.327,0.483,47.1,50.9,12.3,9.1,0.449,16.3,33.5,0.234
247,Rhode Island,29,8,21,0.276,-0.6,4.95,,3,13,,5,10,,3,9,,1786,1947,,63.2,95.8,0.359,0.369,0.496,43.1,51.3,8.6,11.2,0.46,16.3,28.4,0.241
248,Rice,31,5,26,0.161,-11.12,0.01,,1,15,,5,11,,0,11,,1875,2199,,63.8,94.5,0.304,0.43,0.505,37.7,54.5,10.3,3.1,0.468,15.7,19.9,0.221
249,Richmond,34,19,15,0.559,6.9,3.43,,8,8,,15,2,,4,11,,2380,2262,,64.3,106.9,0.432,0.427,0.565,43.8,56.2,11.1,10.3,0.525,16.4,27.1,0.312
250,Rider,34,19,15,0.559,-1.22,-1.66,,12,6,,9,5,,8,9,,2166,2151,,65.9,96.6,0.394,0.346,0.526,47.8,46,10.1,12.2,0.491,20.3,30.8,0.267
251,Robert Morris,35,24,11,0.686,0.24,-4.9,,14,4,,13,3,,10,7,,2480,2300,,66.3,106.5,0.37,0.412,0.552,45.2,59.5,13.4,8.1,0.51,16.6,31,0.277
252,Rutgers,31,15,16,0.484,5.97,6.77,,5,13,,9,7,,4,8,,2027,2052,,64.7,101.1,0.324,0.249,0.52,48.1,52.2,10.8,10.6,0.487,18,35.8,0.227
253,Sacramento State,29,14,15,0.483,-9.4,-6.77,,8,12,,10,4,,4,11,,1876,1904,,63.7,101.5,0.387,0.307,0.512,46.6,55.9,8.2,7.1,0.466,15.1,30.5,0.282
254,Sacred Heart,29,9,20,0.31,-9.76,-3.69,,7,11,,5,7,,3,13,,2036,2212,,68.9,101.1,0.322,0.332,0.533,46.5,53.2,9,9,0.498,18.8,33.2,0.232
255,Saint Francis (PA),29,5,24,0.172,-15.16,-4.37,,5,13,,3,10,,2,14,,1804,2117,,64.4,94.9,0.316,0.389,0.514,43,57.5,8.5,6,0.482,19.3,27.6,0.217
256,Saint Joseph's,32,18,14,0.563,7.31,4.03,,8,8,,11,4,,5,8,,2150,2045,,63.2,105.5,0.362,0.393,0.539,47.7,60.3,8.1,14.5,0.506,16,31.7,0.252
257,Saint Louis NCAA,35,28,7,0.8,14.33,4.28,,13,3,,17,2,,6,3,,2388,2036,,64.5,105,0.44,0.341,0.545,47.3,56.1,11.7,8.3,0.504,14.9,27.4,0.31
258,Saint Mary's (CA) NCAA,35,28,7,0.8,14.51,3.31,,14,2,,16,1,,9,2,,2610,2203,,64.5,115.2,0.368,0.375,0.573,54.5,55.2,9.4,7.6,0.54,15.4,37.1,0.267
259,Saint Peter's,30,9,21,0.3,-9.05,-2.92,,3,15,,5,8,,4,11,,1788,1972,,64.1,92.2,0.303,0.268,0.479,44.7,50.4,10.8,10.5,0.458,17.2,30.3,0.179
260,Sam Houston State,34,17,17,0.5,-6.45,-5.16,,8,10,,9,6,,6,10,,2168,2080,,65.3,96.3,0.369,0.353,0.481,50.4,63.8,10.6,6.7,0.444,16.6,34.6,0.242
261,Samford,32,11,21,0.344,-10.05,-4.38,,9,9,,7,6,,4,12,,1957,2114,,61.2,98,0.314,0.351,0.532,43.6,56.5,10.3,7.4,0.507,18.7,26.7,0.207
262,San Diego State NCAA,34,23,11,0.676,13.01,6.19,,9,7,,14,1,,4,6,,2356,2077,,66.6,103.7,0.364,0.323,0.524,50.4,50.7,10.3,12,0.491,15.4,32.3,0.248
263,San Diego,34,16,18,0.471,-0.55,2.6,,7,9,,10,5,,4,9,,2215,2260,,64.6,100,0.369,0.324,0.525,46.6,50.1,9.3,10.2,0.492,17.8,31.3,0.249
264,San Francisco,31,15,16,0.484,2.42,2.83,,7,9,,8,7,,6,5,,2161,2141,,66.7,104,0.359,0.372,0.553,45.8,50.5,8.1,5.4,0.528,16.1,24.7,0.24
265,San Jose State,29,9,20,0.31,-9.39,-0.92,,3,14,,5,9,,4,9,,1802,1999,,68,91,0.362,0.294,0.461,47.4,50.4,8.8,8.5,0.421,17,33.7,0.238
266,Santa Clara,38,26,12,0.684,6.58,1.72,,9,7,,15,5,,10,6,,2827,2577,,68.1,108.6,0.366,0.383,0.549,48.6,57.7,11.6,11.9,0.511,15.4,33.6,0.266
267,Savannah State,34,19,15,0.559,-5.41,-4.73,,11,5,,11,3,,7,11,,1931,1887,,63.2,88.5,0.364,0.263,0.487,48.6,49,14.1,11.7,0.459,22.8,35.2,0.225
268,Seattle,30,8,22,0.267,-4.53,-1.05,,3,15,,5,11,,3,9,,1966,2058,,70.1,92.4,0.29,0.318,0.494,51.5,57.2,10.9,8.2,0.471,21.5,36.6,0.181
269,Seton Hall,33,15,18,0.455,5.54,5.96,,3,15,,10,7,,2,9,,2136,2150,,65,98.9,0.345,0.417,0.538,47.7,62,10.4,7.1,0.513,20.6,31,0.227
270,Siena,32,8,24,0.25,-10.25,-1.87,,4,14,,4,10,,2,12,,1921,2189,,64.2,92.8,0.381,0.337,0.499,46.5,50.2,8.7,7.3,0.461,20.3,33,0.256
271,South Alabama,30,17,13,0.567,-2.89,-2.96,,14,6,,10,3,,7,7,,2060,2040,,69,98.6,0.448,0.319,0.513,49.3,47.4,9.5,12.3,0.462,19.1,36.4,0.321
272,South Carolina State,30,6,24,0.2,-18.17,-5.1,,2,14,,5,8,,1,15,,1808,2135,,65.9,90.4,0.281,0.28,0.461,46.6,53.5,9,10.3,0.431,18.6,36.2,0.182
273,South Carolina Upstate,33,16,17,0.485,-3.59,-4.79,,9,9,,9,4,,5,11,,2315,2194,,66.9,104.5,0.338,0.324,0.526,51,60.9,10.5,11.5,0.501,16.8,36.4,0.219
274,South Carolina,32,14,18,0.438,-0.71,2.11,,4,14,,10,8,,1,9,,2115,2205,,66.4,98.1,0.352,0.332,0.503,49.3,52.8,7.6,9.6,0.466,18.9,38.3,0.243
275,South Dakota State NCAA,35,25,10,0.714,2.36,-3.27,,13,3,,13,0,,7,9,,2568,2300,,64,113.1,0.324,0.358,0.574,51.3,55.6,7.7,6.1,0.539,14,29.8,0.247
276,South Dakota,30,10,20,0.333,-7.5,-2.92,,5,11,,5,7,,4,11,,2113,2208,,67.2,104.9,0.369,0.348,0.559,44.2,52,9.1,7.1,0.513,16.1,24.7,0.288
277,South Florida,31,12,19,0.387,4.28,7.7,,3,15,,10,8,,2,10,,1822,1928,,60.1,95.5,0.292,0.365,0.48,44.9,54.3,10.1,9.5,0.446,15.1,30.3,0.203
278,Southeast Missouri State,33,17,16,0.515,-5.51,-6.06,,8,8,,9,5,,7,8,,2446,2360,,69.2,106.6,0.327,0.343,0.564,47.8,59.3,7.5,11.5,0.537,16.3,28.1,0.229
279,Southeastern Louisiana,31,13,18,0.419,-10.65,-3.76,,10,8,,9,3,,3,14,,1965,2113,,66.4,95.1,0.36,0.304,0.498,45.1,43.9,7.1,7.6,0.464,16.8,27.2,0.238
280,Southern California,32,14,18,0.438,6.31,8.25,,9,9,,10,6,,3,9,,2101,2163,,67.1,96.4,0.3,0.266,0.504,47.5,51.8,8.3,13.1,0.472,17,29.2,0.208
281,SIU Edwardsville,27,9,18,0.333,-11.19,-4.67,,5,11,,8,5,,1,13,,1699,1827,,66.3,94.9,0.337,0.307,0.513,45.7,55.8,8.3,5.9,0.482,19,28.7,0.225
282,Southern Illinois,31,14,17,0.452,-0.82,2.28,,6,12,,9,4,,4,11,,1964,2019,,63.2,99.8,0.34,0.264,0.514,46.3,43.8,12.7,7.1,0.488,16.5,31.8,0.218
283,Southern Methodist,32,15,17,0.469,-0.59,-1.33,,5,11,,7,7,,6,7,,2064,2007,,63.8,100.7,0.408,0.202,0.532,49.7,52.5,10.7,13.9,0.484,19.2,34.8,0.304
284,Southern Mississippi,37,27,10,0.73,8.95,1.49,,12,4,,14,2,,9,6,,2733,2348,,66.2,109.7,0.362,0.313,0.566,51.8,55.9,14.3,9.9,0.538,18.4,39.4,0.252
285,Southern Utah,31,11,20,0.355,-12.04,-5,,8,12,,9,5,,2,12,,2066,2230,,69.2,95.6,0.365,0.285,0.498,49.3,52.6,7.1,12.9,0.452,18.5,32.6,0.265
286,Southern NCAA,33,23,10,0.697,-2.61,-10.31,,15,3,,12,0,,8,8,,2223,1890,,65.4,103,0.392,0.352,0.533,46.9,49.4,11.3,10.8,0.497,14.7,26.4,0.27
287,St. Bonaventure,29,14,15,0.483,3.44,2.71,,7,9,,8,6,,5,9,,2109,2088,,67.3,107.2,0.399,0.358,0.561,46.1,58.6,9.6,8.4,0.516,17.3,32.3,0.305
288,St. Francis (NY),30,12,18,0.4,-5.92,-4.75,,8,10,,6,6,,6,10,,2108,2143,,67.6,103.5,0.316,0.351,0.512,46.6,50.7,9.6,6,0.484,15.2,34.4,0.21
289,St. John's (NY),33,17,16,0.515,5.8,7.16,,8,10,,11,5,,5,8,,2138,2183,,67.4,95.1,0.289,0.223,0.473,44.8,49,9.8,18.4,0.445,14.3,30.5,0.185
290,Stanford,34,19,15,0.559,11.4,7.37,,9,9,,12,5,,5,7,,2397,2260,,68.3,102.9,0.334,0.33,0.517,48.9,49.6,8.6,9.6,0.475,14.8,32.1,0.248
291,Stephen F. Austin,32,27,5,0.844,4.25,-6.64,,16,2,,15,0,,11,4,,2075,1639,,62.7,103.3,0.395,0.25,0.53,52.9,64.1,12.5,10.8,0.509,17.1,35.2,0.241
292,Stetson,31,15,16,0.484,-6.45,-4.45,,11,7,,8,6,,6,9,,2180,2218,,68.9,102,0.349,0.393,0.556,48.7,65.4,7.7,6.4,0.525,20,31.5,0.246
293,Stony Brook,33,25,8,0.758,5.6,-4.12,,14,2,,11,1,,13,6,,2245,1898,,64.7,105.2,0.377,0.307,0.535,51.2,51.5,9.9,11.6,0.498,15.7,32.5,0.265
294,Syracuse NCAA,40,30,10,0.75,20.3,8.57,,11,7,,17,2,,5,5,,2816,2347,,65.2,107.3,0.368,0.304,0.523,49.7,55.8,13.7,19.3,0.49,15.5,38.8,0.248
295,Temple NCAA,34,24,10,0.706,9.52,5.2,,11,5,,14,3,,8,4,,2456,2309,,67.6,106.8,0.356,0.373,0.529,46.5,58.4,11.6,9.5,0.49,13.6,30.8,0.257
296,Tennessee-Martin,30,9,21,0.3,-16.58,-4.19,,5,11,,7,7,,2,13,,2008,2295,,69.5,94.7,0.369,0.292,0.493,46.8,54.3,9.7,7,0.442,18.2,33.1,0.274
297,Tennessee State,33,18,15,0.545,-2.17,-1.3,,11,5,,11,2,,5,11,,2360,2308,,68.8,103.2,0.407,0.335,0.543,49.8,54,10.4,11.8,0.496,18.9,35.7,0.304
298,Tennessee Tech,29,12,17,0.414,-9.68,-3.31,,5,11,,9,5,,3,12,,1878,1951,,66.2,97.8,0.371,0.363,0.523,48.8,52.3,9.6,10.8,0.484,20.7,35.8,0.263
299,Tennessee,33,20,13,0.606,9,6.03,,11,7,,13,4,,4,7,,2189,2091,,63.1,103.5,0.422,0.313,0.521,51.9,47,6.6,10.1,0.479,16.8,36.5,0.291
300,Texas A&M-Corpus Christi,29,6,23,0.207,-11.76,-3.65,,5,13,,4,9,,2,14,,1746,1962,,63.3,95,0.321,0.297,0.486,44.5,49.8,10,11.1,0.451,16.3,30.2,0.218
301,Texas A&M,33,18,15,0.545,6.5,4.86,,7,11,,12,6,,4,6,,2103,2049,,61.7,101.1,0.329,0.266,0.522,48.2,49.5,10.2,9,0.488,17.9,34.9,0.232
302,Texas-Arlington,33,19,14,0.576,0.58,-0.9,,11,7,,7,8,,10,5,,2121,2072,,66.6,96.5,0.364,0.304,0.497,49.9,54.8,11.4,11.9,0.464,18.5,36.3,0.237
303,Texas Christian,32,11,21,0.344,-4.27,4.41,,2,16,,9,9,,1,10,,1761,2002,,61.7,89.2,0.404,0.239,0.47,46.9,51,8.7,7.6,0.438,18.7,32.2,0.243
304,Texas-El Paso,32,18,14,0.563,4.63,2.38,,10,6,,12,3,,4,7,,2042,1970,,61.8,101.7,0.426,0.321,0.541,45.8,60.6,8.5,9.8,0.506,17.3,28,0.288
305,Texas-Rio Grande Valley,32,16,16,0.5,-13.35,-8.18,,5,3,,11,2,,3,11,,2101,2155,,66,97.2,0.378,0.328,0.52,44.4,55.8,10,4.9,0.493,18.5,29.4,0.241
306,Texas-San Antonio,32,10,22,0.313,-6.47,-1,,3,14,,3,9,,4,11,,2048,2223,,65.2,97.8,0.364,0.408,0.505,44.5,46.5,9.5,3.9,0.469,17.5,31,0.246
307,Texas Southern,31,17,14,0.548,-2.09,-7.25,,16,2,,10,3,,7,11,,2179,2019,,65.2,106.1,0.312,0.441,0.538,47.2,56.3,7.7,10.8,0.519,15.3,31.5,0.199
308,Texas State,34,12,22,0.353,-6.36,-0.9,,5,13,,4,11,,5,8,,2398,2558,,71.6,98.1,0.368,0.347,0.517,43.4,49.8,10.4,7.9,0.477,16.8,27.3,0.26
309,Texas Tech,31,11,20,0.355,-3.11,4.31,,3,15,,9,11,,1,8,,2026,2256,,68.2,95.4,0.381,0.302,0.501,45.8,47.7,12,8.4,0.465,18.4,32.1,0.254
310,Texas,34,16,18,0.471,6.85,6.55,,7,11,,12,4,,2,10,,2229,2232,,66.7,95.9,0.407,0.309,0.497,48.8,50.4,9.4,12.4,0.459,18.2,34.3,0.269
311,Toledo,28,15,13,0.536,-2.43,-3.04,,10,6,,8,4,,6,9,,1928,1911,,66.5,102.6,0.375,0.321,0.531,44.5,55.2,10.5,9.7,0.483,15.6,28.8,0.286
312,Towson,31,18,13,0.581,-1.92,-2.59,,13,5,,6,5,,9,8,,2125,2066,,65.3,102.5,0.4,0.306,0.52,52.3,41.8,7.7,13.6,0.488,18.4,39.4,0.262
313,Troy,33,12,21,0.364,-8.77,-4.01,,6,14,,8,7,,2,12,,2046,2203,,61.9,97.6,0.245,0.357,0.48,44.9,49.3,8.5,7.2,0.453,13.9,30.7,0.167
314,Tulane,35,20,15,0.571,1.87,-1.8,,6,10,,15,4,,3,10,,2436,2299,,65.2,106.8,0.46,0.338,0.527,50.7,51,10.2,5.5,0.475,15.7,36,0.334
315,Tulsa,33,17,16,0.515,-1.06,0.95,,8,8,,9,5,,5,8,,2241,2249,,67.8,99,0.436,0.34,0.527,48.1,51,9.4,8.7,0.491,18.6,30.6,0.292
316,UCLA NCAA,35,25,10,0.714,12.88,7.82,,13,5,,15,3,,6,3,,2604,2427,,69.6,105.4,0.331,0.241,0.528,46.6,58.2,11.5,8.4,0.491,13.7,30.7,0.24
317,Utah State,31,21,10,0.677,3.79,-0.68,,11,7,,14,4,,7,5,,2134,1971,,62.2,109.3,0.395,0.313,0.562,55.6,60.7,7.7,11.8,0.525,17.7,37.8,0.285
318,Utah Valley,32,14,18,0.438,-11.38,-7.02,,3,5,,9,4,,3,11,,2157,2165,,65.2,101,0.314,0.31,0.537,47.1,57.8,9.5,7.9,0.505,16.3,26.1,0.223
319,Utah,33,15,18,0.455,4.74,6.68,,5,13,,11,7,,2,10,,2117,2086,,63.3,100.6,0.319,0.316,0.535,47.4,60.7,8.7,9,0.496,17.7,28.6,0.241
320,Valparaiso NCAA,34,26,8,0.765,7.15,-1.13,,13,3,,15,2,,10,5,,2420,2119,,65.1,108.9,0.42,0.4,0.594,50.5,56.7,10.4,8.6,0.559,19.3,31.2,0.307
321,Vanderbilt,33,16,17,0.485,6.24,6.03,,8,10,,9,6,,4,7,,1991,1984,,61.4,97.5,0.351,0.439,0.511,47.3,56.5,7.8,10.6,0.484,17,27.9,0.223
322,Vermont,33,21,12,0.636,-0.13,-4.46,,11,5,,10,5,,9,7,,2097,1954,,62,102.5,0.448,0.302,0.532,51.5,52.7,10.6,8.7,0.486,17.6,34.5,0.318
323,Villanova NCAA,34,20,14,0.588,10.74,8.53,,10,8,,12,4,,6,7,,2307,2214,,67.4,98.8,0.505,0.351,0.529,49.8,56.4,11.3,9.9,0.474,19.6,33,0.363
324,Virginia Commonwealth NCAA,36,27,9,0.75,16.89,4.47,,12,4,,15,2,,8,3,,2770,2323,,68.6,111.4,0.298,0.357,0.541,48,51.6,17,8.9,0.513,13.7,36,0.209
325,VMI,31,14,17,0.452,-11.4,-7.11,,8,8,,8,5,,5,10,,2423,2411,,73.7,105.6,0.3,0.432,0.527,46.1,53.3,10.9,9.7,0.504,15.1,33.2,0.197
326,Virginia Tech,32,13,19,0.406,1.74,6.27,,4,14,,10,7,,2,9,,2248,2393,,67.8,102,0.368,0.312,0.515,46.5,41.1,6.3,10.4,0.475,15,30.7,0.261
327,Virginia,35,23,12,0.657,12.89,4.23,,11,7,,20,2,,3,8,,2248,1945,,61.3,104.4,0.316,0.309,0.546,48.8,60,9.6,13.3,0.516,16,28.3,0.223
328,Wagner,31,19,12,0.613,-3.23,-5.07,,12,6,,11,3,,7,8,,2136,2079,,68,98.9,0.403,0.24,0.518,50.1,50.4,11.7,14.6,0.475,18.6,35,0.284
329,Wake Forest,31,13,18,0.419,3.41,6.15,,6,12,,11,5,,1,10,,2093,2178,,69.2,97.5,0.437,0.295,0.525,46.5,49.1,10.3,10.7,0.485,18.2,27.7,0.297
330,Washington State,32,13,19,0.406,6.7,5.26,,4,14,,10,7,,1,9,,2061,2015,,62.4,102.4,0.341,0.398,0.527,48.6,54.7,7.2,7.5,0.496,16.5,31.6,0.235
331,Washington,34,18,16,0.529,7.93,7.22,,9,9,,11,7,,5,7,,2309,2285,,66.1,102,0.338,0.273,0.515,50.4,48.2,7.9,10.3,0.482,16.7,37.3,0.231
332,Weber State,37,30,7,0.811,5.87,-5.61,,18,2,,17,2,,11,5,,2800,2275,,65.4,114.5,0.392,0.327,0.603,53.5,52.3,8,10.6,0.574,16.4,30.8,0.283
333,West Virginia,32,13,19,0.406,4.6,6.54,,6,13,,8,6,,3,9,,2116,2178,,65.5,100.6,0.408,0.306,0.501,48.5,54.8,11.1,10.5,0.456,16.5,37.1,0.283
334,Western Carolina,33,14,19,0.424,-6.45,-4.42,,9,9,,7,6,,5,11,,2288,2299,,66.7,103.1,0.314,0.317,0.517,47,45,11.3,8.5,0.484,16.2,34.9,0.221
335,Western Illinois,31,22,9,0.71,-1.87,-5.42,,13,3,,12,2,,7,5,,1845,1663,,58.5,101.4,0.403,0.291,0.548,49.2,56.3,9.9,12.2,0.523,17.3,25.6,0.259
336,Western Kentucky NCAA,36,20,16,0.556,-0.65,-1.14,,10,10,,11,4,,4,9,,2409,2364,,67,99.5,0.385,0.362,0.52,50.3,47.8,9.2,8.7,0.485,18.8,35.1,0.26
337,Western Michigan,35,22,13,0.629,0.42,-1.43,,10,6,,12,2,,7,10,,2345,2237,,65.2,101.7,0.46,0.323,0.53,51.7,52.5,8.6,9.3,0.484,18.7,36,0.323
338,Wichita State NCAA,39,30,9,0.769,14.68,6.09,,12,6,,14,2,,7,5,,2720,2385,,64.9,107.5,0.365,0.353,0.535,53.2,55.6,11.4,13.5,0.5,16.2,38,0.255
339,William & Mary,30,13,17,0.433,-4.03,-3.45,,7,11,,8,5,,5,11,,2064,2048,,63.4,105.8,0.372,0.385,0.571,47.8,59.6,7.9,7.8,0.54,17.8,28.6,0.264
340,Winthrop,31,14,17,0.452,-8.61,-4.43,,6,10,,11,4,,2,12,,1859,1897,,62,96.4,0.36,0.367,0.51,46.8,45.4,7.8,6.6,0.474,18.1,29.3,0.248
341,Wisconsin NCAA,35,23,12,0.657,18.76,9.73,,12,6,,15,3,,5,6,,2274,1958,,61.4,104.4,0.297,0.401,0.508,50.8,56.5,9.2,10.8,0.486,13,32.4,0.188
342,Wofford,32,13,19,0.406,-6.74,-4.65,,7,11,,9,3,,3,15,,1858,1890,,63.6,91.3,0.281,0.35,0.483,46.2,55.5,11.7,6.8,0.446,17.7,26.9,0.204
343,Wright State,36,23,13,0.639,2.25,-1.15,,10,6,,12,5,,8,7,,2233,2105,,63,97.7,0.332,0.33,0.528,46.5,53.7,11.7,6.3,0.495,18.1,27,0.234
344,Wyoming,34,20,14,0.588,5.39,4.61,,4,12,,13,6,,6,7,,2074,2010,,60.8,99.5,0.39,0.42,0.529,44,56.2,10.3,9.4,0.495,16.5,24.4,0.263
345,Xavier,31,17,14,0.548,7.7,4.96,,9,7,,11,4,,4,7,,2021,1936,,63.2,102.3,0.414,0.253,0.534,51.2,48.2,8.3,8.4,0.501,17.5,34.3,0.276
346,Yale,31,14,17,0.452,-3.95,-0.81,,8,6,,8,4,,5,11,,2079,2056,,64.1,103,0.425,0.323,0.534,50.7,57.4,9.8,8.7,0.487,18.5,35.5,0.309
347,Youngstown State,34,18,16,0.529,-2.14,-0.81,,7,9,,12,5,,6,8,,2426,2356,,67.9,102.8,0.347,0.357,0.526,46.3,59.1,9.8,13.2,0.493,14.7,28.3,0.24
