TEAM,CONF,G,W,ADJOE,ADJDE,BARTHAG,EFG_O,EFG_D,TOR,TORD,ORB,DRB,FTR,FTRD,2P_O,2P_D,3P_O,3P_D,ADJ_T,WAB,POSTSEASON,SEED
Houston,B12,40,35,124.7,87.3,0.9836,51.7,44.8,14.2,20.9,36.9,28.6,27.2,34.2,47.8,44.5,39.4,30.2,61.8,11.5,2ND,1
Duke,ACC,39,35,130.6,92,0.9824,57.9,44.4,14,17.1,34,27.3,32.9,25,57.9,43,38.6,31.1,66,9.5,F4,1
Auburn,SEC,38,32,127.7,93,0.9746,54.9,46.1,13.6,17.4,34.2,29.7,33.9,38.7,55.7,46.8,35.9,29.8,68.3,12.7,F4,1
Florida,SEC,40,36,127.8,94.2,0.9709,54.9,45.5,15.7,16.6,38.5,29,34.9,32.5,56.1,46.3,35.6,29.4,69.9,11.1,Champions,1
Alabama,SEC,37,28,127.7,96.6,0.9612,56.6,47.8,16.6,13.5,33.7,29.4,39.3,33.2,59.7,49,35.3,30.4,75.1,10.1,E8,2
Tennessee,SEC,38,30,120.2,91.9,0.9563,52.5,45,16.1,17.7,35.6,30.3,35.5,28.2,54,46.6,33.8,28.7,63.9,9.3,E8,2
Texas Tech,B12,37,28,126.1,97.6,0.9501,54.7,48.1,14.2,17.1,34.2,28.3,29.2,33.4,54.5,47.9,36.7,32.4,66.1,5.8,E8,3
Gonzaga,WCC,35,26,124.8,96.7,0.9494,56,47.5,13.4,18,32.5,26.9,30.7,29.3,57.5,48.9,35.4,30.2,70.5,2.8,R32,8
Maryland,B10,36,27,118.6,92.1,0.9484,53.6,47.1,14.3,20.1,30.7,28.2,33.1,26.1,52.2,47.8,37.3,30.6,69.7,5.2,S16,4
Arizona,B12,37,24,124.9,97.4,0.9459,53.3,48.9,16,16.2,36,27.9,35.8,29.8,54.7,47.5,33.8,34,70.3,5.4,S16,4
Iowa St.,B12,35,25,119.3,93.3,0.9441,54.9,48.9,17,21.6,32.2,27.9,37.9,29,55.5,47.8,35.8,33.6,68.8,5.4,R32,3
Wisconsin,B10,37,27,123.1,96.8,0.941,53.8,48.1,14,14.5,28,26.7,34.2,27.7,55.2,46.9,34.8,33.3,67.9,6.6,R32,3
Michigan St.,B10,37,30,117.3,92.3,0.9399,50.9,46.2,16.4,15.9,35.3,24.7,37.7,31.5,53,49.1,31.1,28,67.6,8.5,E8,2
BYU,B12,36,26,126.8,100.2,0.9373,57,51.4,17.4,16.9,33.7,26.4,30.4,29.4,58.6,49.6,36.8,35.7,67.6,4.8,S16,6
Purdue,B10,36,24,125.6,99.4,0.9366,55.9,51.8,15.7,17.5,31.8,29.7,34.6,30.1,55.1,55.6,38.2,31.2,65.2,4.9,S16,4
St. John's,BE,36,31,113,90,0.9314,49.2,45.9,15.3,21.4,37.9,29.8,30.3,30.7,51,46,30.1,30.6,70.1,7.8,R32,2
Kentucky,SEC,36,24,123.4,98.5,0.9305,55.9,50.3,15,14.1,28.2,26.4,35.2,30.6,55.6,53.9,37.5,30.5,70.9,5.6,S16,3
UCLA,B10,34,23,117.9,94.3,0.9288,52.8,50.1,15.9,22.8,32.7,29.8,32.3,33.9,52.8,50.7,35.2,32.8,65.1,3.9,R32,7
Illinois,B10,35,22,122.5,98.5,0.9248,52.4,47.4,16,12.4,35.8,25.8,34.4,26.9,57.3,46.1,31.3,33.6,71.5,4,R32,6
Missouri,SEC,34,22,125.9,101.2,0.9247,55.8,50.9,15.5,20.1,33.5,32.3,47.1,35.7,56.3,51.2,36.7,33.6,68.6,3.2,R64,6
Kansas,B12,34,21,116,93.7,0.921,53.1,46.3,16.9,15.6,30.5,27.6,24.4,28.1,53,46.3,35.4,30.8,68.6,4.2,R64,7
Michigan,B10,37,27,115.7,93.9,0.9166,53.8,46.1,19.6,15.8,33.2,30.2,35.7,28.4,56.7,46,33.2,30.8,70,6.8,S16,5
Texas A&M,SEC,34,23,116,94.2,0.9165,47.6,48.3,17.8,19.4,41.4,28,41.3,35.7,48.6,46.8,30.7,33.3,66.7,5.5,R32,4
Louisville,ACC,35,27,118,95.9,0.9151,53.2,49.7,16.3,18.5,31.9,27.1,33.7,27.1,56.8,48.7,32.8,34.1,69.2,5.5,R64,8
Mississippi,SEC,36,24,119.3,97,0.9146,51.4,50.5,12.9,20.2,25.5,30.4,35.3,39.3,51,51.8,34.8,32.5,68.1,4.9,S16,6
Clemson,ACC,34,27,117.3,95.5,0.9137,53.4,48.8,15.8,20,33.7,30.4,28.3,27.8,52.2,49.5,36.9,31.9,64.6,4.8,R64,5
Saint Mary's,WCC,35,29,114.1,93,0.9137,50.2,46.5,14.9,16.3,39.9,24.6,31.1,25,51.2,46.2,32.2,31.5,61.9,4.4,R32,7
Oregon,B10,35,25,116.5,96.2,0.8998,52.5,48.9,16.2,17.5,30.5,29.1,33,27.5,53.1,49.7,34.4,31.7,68.1,5.8,R32,5
Baylor,B12,35,20,121.3,100.3,0.899,51.1,52,15.9,18.6,36,30.9,30.5,33.7,50.9,50.8,34.3,35.9,64.7,2.1,R32,9
Marquette,BE,34,23,116.5,97,0.8909,52,49.9,13.6,21.4,30,31,25.9,30.5,54.7,51.3,32.6,31.8,67.9,3.6,R64,7
Creighton,BE,36,25,118.4,98.7,0.8904,56.1,47.2,17.9,11.6,26.4,27.2,28.6,17.2,60.4,46.2,34.5,32.6,67.4,3,R32,9
VCU,A10,35,28,116,96.7,0.89,52.4,44.8,16.8,20.5,36.5,30.4,31.5,36.6,53.9,44.1,33.8,30.7,66.4,1,R64,11
North Carolina,ACC,37,23,119.3,99.8,0.886,54.1,49.5,15.1,15.3,29.1,26.9,34.8,30.5,54.5,49.1,35.6,33.5,70.8,1.4,R64,11
Georgia,SEC,33,20,115.7,97,0.8844,52.1,47.7,18.8,18,36,31.9,40.1,30.3,53.7,47.9,32.9,31.6,66.7,2,R64,9
Mississippi St.,SEC,34,21,118.4,99.2,0.8842,51.9,51.8,15.3,18.9,33.9,29.9,31.5,35.3,55.5,50.3,31.4,35.8,68.2,3.1,R64,8
Connecticut,BE,35,24,120.8,101.2,0.8841,55,48.1,17,15.7,35.5,27.8,30.8,41,57,45.8,34.8,35,64.1,2.3,R32,8
West Virginia,B12,32,19,110.1,92.4,0.882,50,46.3,16.2,19.4,25.9,30.8,25.6,32.2,50.9,47.3,32.6,29.7,64.4,1.5,N/A,N/A
Arkansas,SEC,36,22,113.7,95.5,0.8815,52.2,47.6,16.3,17.2,28.1,29.9,35.6,29.2,54.1,47.9,32.7,31.4,69.4,1.4,S16,10
Colorado St.,MWC,36,26,117.4,99,0.8767,55.5,48.5,17.2,16.7,27,25.8,31.6,33.2,56.4,47.7,36.3,33.2,66.1,0.8,R32,12
Xavier,BE,34,22,116.8,99,0.8709,54.1,51,15.6,17.6,24.4,25.5,36.7,28.6,51.2,50.6,39.1,34.4,69.2,0.42,R64,11
Ohio St.,B10,32,17,117.5,99.7,0.8691,53.5,48.6,15.6,16.8,28.9,30.5,35.8,39.9,52.6,50.3,36.8,30.5,67.3,-0.38,N/A,N/A
New Mexico,MWC,35,27,112.3,95.4,0.8669,50.8,49.2,15.7,20.3,31.3,25.8,37.3,35,50.7,48.2,34,33.8,72.9,2.7,R32,10
Vanderbilt,SEC,33,20,118.6,101.1,0.862,51.5,52.7,14.5,19.8,31.6,29.7,33.4,38.5,53.5,51.4,32.5,36.6,69.7,1.6,R64,10
Cincinnati,B12,35,19,111.9,95.6,0.8589,51.1,48.8,15.5,19.6,32.2,29.5,23.1,24.9,52.6,48.3,32.4,33,65.9,-1,N/A,N/A
Texas,SEC,35,19,117.4,101,0.8497,52.6,48.9,14.3,16.4,29.7,29.4,36.8,38.9,51.7,47.8,36.2,33.8,67.6,0.15,R68,11
Santa Clara,WCC,34,21,116.6,100.3,0.8495,56,49.5,16.7,16.6,32.7,26.7,28.4,31.3,54.9,51.2,38.2,31.3,69.2,-3.3,N/A,N/A
Northwestern,B10,33,17,113.6,97.9,0.8476,49.8,49.9,14.9,19.8,31.2,30.1,31.3,36.6,49.7,49.4,33.3,33.8,65.2,-2.2,N/A,N/A
Boise St.,MWC,37,26,116.1,100.2,0.8443,52.6,50.4,16.4,16.4,32.7,22.5,37.6,31.4,56.4,49,31.7,35.2,66,0.01,N/A,N/A
UC San Diego,BW,35,30,113,97.5,0.8439,55.1,47.8,13.4,23.3,25.6,28.6,33.4,29.9,56,46.3,36.1,33.1,66,0.9,R64,12
Indiana,B10,32,19,113.1,97.7,0.8435,51.1,49.8,16.7,16.4,31.5,28.1,33.1,29.6,52.6,50.3,32.1,32.7,68.3,0.9,N/A,N/A
Oklahoma,SEC,34,20,116.8,100.9,0.8435,54.4,51,17.3,18.2,26.6,31.8,39.9,35.7,54.1,55,36.5,30.3,68.7,2.2,R64,9
Drake,MVC,35,31,113.1,97.7,0.8428,53.9,51.4,18.4,21.8,35.3,25.7,42.7,36.7,54.1,54.4,35.6,31.2,59.1,2.7,R32,11
Villanova,BE,36,21,119,102.9,0.8422,54.5,51.1,15.3,15.8,30.3,27.7,29.2,30.4,51.3,50.5,39,34.5,63.5,-2.9,N/A,N/A
Utah St.,MWC,34,26,121.3,105.4,0.8336,55.3,51.9,16,20.1,34.7,30.3,37,35.6,57.5,52.7,34.9,34,67.7,2.3,R64,10
SMU,ACC,35,24,116.2,101.1,0.8321,54.5,48.1,17.2,17.9,36.3,29.9,36.7,32.7,53.3,47,37.8,33.1,69.2,-0.48,N/A,N/A
USC,B10,35,17,116.6,101.5,0.8311,54.8,51.9,17.7,17.7,27.9,30.2,35.5,34.6,54.8,53.4,36.5,33,68.6,-3.2,N/A,N/A
Nebraska,B10,35,21,113.4,98.8,0.8295,52.1,50.5,16.2,17.6,27.1,28.5,35.5,26.6,53.2,50.3,33.5,33.9,67.9,-0.9,N/A,N/A
McNeese St.,Slnd,35,28,113.9,99.7,0.8216,53,47.7,16.2,21.7,34.5,31.7,35.3,31.9,53.1,46.9,35.2,32.4,65.8,-0.39,R32,12
Kansas St.,B12,33,16,109.3,96.1,0.8147,50.6,49,17.7,18.1,29.4,31.7,27.6,28.6,51.8,49.9,32.5,31.5,67.3,-2.5,N/A,N/A
San Diego St.,MWC,31,21,108.9,95.8,0.8132,50.5,45.9,16.8,19.5,29.2,31,32.3,37.4,51.5,45.1,32.6,31.2,66.1,1,R68,11
Penn St.,B10,31,16,114.4,100.8,0.8106,54.1,51.9,17.4,19.8,28.6,29.1,37.9,29.4,55.6,51.2,34.3,35.3,70.4,-3.2,N/A,N/A
Liberty,CUSA,35,28,112.1,99.1,0.8053,57.8,46.5,15.4,17,19,28.1,30.3,26,57.5,48.3,38.7,28.7,65.7,-0.16,R64,12
Memphis,Amer,35,29,112.1,99.3,0.8015,53.5,48.6,19.3,18.9,35.3,32.3,39.3,33.9,52,48.6,37.6,32.4,70.9,5,R64,5
Iowa,B10,33,17,120,106.5,0.7969,56.8,54.4,13.7,17.9,25.1,32.2,26,28.3,56.6,56.2,38,34.4,70.1,-1.9,N/A,N/A
San Francisco,WCC,35,25,111.2,98.8,0.796,52.8,48.5,16.7,17.8,29,27.7,34.7,36.4,54.1,52.2,34.1,27.9,68.1,0.13,N/A,N/A
Rutgers,B10,32,15,116.4,104,0.7862,50.6,52.8,15.4,17.4,30.8,32.2,36.2,30.5,51.3,52.9,32.9,35.1,68.9,-3,N/A,N/A
Arizona St.,B12,33,13,113.3,101.3,0.7836,51.5,50.7,17.6,16.1,25.1,30.3,36.2,31.4,50,51.7,35.6,32.9,68.8,-3.1,N/A,N/A
Utah,B12,33,16,112.7,100.8,0.7827,51.8,49,17.8,15.6,34.4,28.2,36.8,33.3,54,47.6,32.7,34,69.2,-2.9,N/A,N/A
UCF,B12,37,20,116,104,0.7785,49.7,51.1,16.6,17.7,31.9,34.2,35.6,31.1,48.9,52.1,33.8,32.8,72,-2,N/A,N/A
North Texas,Amer,36,27,109.7,98.9,0.7681,51.1,47.3,16.7,19.6,32.7,28.1,35.3,37,49.3,47.9,36.1,30.8,60.8,-1.7,N/A,N/A
Wake Forest,ACC,32,21,107.7,97.4,0.7608,49.4,47.2,16.7,19.7,26.8,31.5,36.1,31.5,52.9,48.2,28.5,30.7,67.4,0.6,N/A,N/A
Pittsburgh,ACC,32,17,113.9,103.1,0.7599,52.2,51.1,14.8,18.3,29,29.9,34.2,32.8,52.4,50.4,34.6,34.7,66.7,-3.8,N/A,N/A
George Mason,A10,36,27,106.3,96.3,0.7577,51.7,45.6,19.8,19.2,31.8,29.3,42.7,31.4,50.9,45,35.4,31,65,-0.4,N/A,N/A
TCU,B12,32,16,106.3,96.3,0.7562,46.8,50.9,17.3,19.5,33,29.6,33.5,28.3,47.8,53.4,30,31.6,66.7,-1.7,N/A,N/A
South Carolina,SEC,32,12,110.1,99.8,0.7558,48.9,51.5,18.4,15.6,30.4,27.3,43.3,30.4,49.8,51.1,31.6,34.8,65.7,-5.5,N/A,N/A
Stanford,ACC,35,21,112.5,102.5,0.7449,50.7,50.5,15.6,17.4,30.9,28.4,29.9,35.5,50.2,50.7,34.2,33.4,66.4,-2.7,N/A,N/A
Butler,BE,35,15,117,106.7,0.7423,53.7,50.1,16.2,11.4,26.1,28.9,36.8,21.3,52.4,51.5,37,31.8,67.8,-6.1,N/A,N/A
Yale,Ivy,30,22,114,104.1,0.7395,54.7,49.1,14.5,16.1,32.7,25.9,31.8,28.9,53.3,48.2,38.4,33.4,67.7,-2.6,R64,13
Dayton,A10,34,23,114.9,105.4,0.7305,53,51.1,15.5,17.6,29.4,28.6,37.4,31.4,52.1,52.5,36.1,32.9,66.1,-1.6,N/A,N/A
LSU,SEC,32,14,108.7,99.8,0.7269,51.1,48.3,18.6,16.5,29.5,34.3,32.5,29.5,55.2,48.2,30.5,32.3,68.4,-3.9,N/A,N/A
High Point,BSth,35,29,117.7,108.2,0.7258,56.3,49.1,15.3,16.4,33.6,30.6,37.2,36.3,57.3,48.9,36.6,32.9,66.6,-1.7,R64,13
Colorado,B12,35,14,108.4,99.6,0.7251,50.4,49.9,21,16.2,29.2,28.3,35.8,34.4,51.8,49.1,32.1,34.1,67.9,-4.4,N/A,N/A
Saint Joseph's,A10,35,22,109.7,100.9,0.723,51.6,46.9,16.4,16.2,30.3,27.9,31.7,25.9,52.8,45.3,33.5,33.4,68.3,-4.8,N/A,N/A
Minnesota,B10,32,15,110.2,101.4,0.7218,49.9,50.1,16.6,16.3,30.2,30.6,31.5,33,50.7,49.2,32.2,34.5,63,-3.9,N/A,N/A
UC Irvine,BW,39,32,105.8,97.4,0.7218,51.7,45.8,18,17.2,27.9,26.5,36,22.4,50.7,42.8,35.6,33.9,69.2,0.12,N/A,N/A
Bradley,MVC,37,28,111.8,103.1,0.7161,56.7,47.7,17.4,15.6,26.1,28,32.4,35,54.6,47.2,39.7,32.3,66,-1.6,N/A,N/A
Oklahoma St.,B12,35,17,108,99.7,0.7154,48.6,53,19,20.3,31.1,29.6,41,36.4,48,53.1,33.1,35.3,71.8,-3.4,N/A,N/A
Arkansas St.,SB,36,25,111,102.7,0.7097,49.6,46.1,14.7,17,33.7,30.3,33.1,37.1,50.6,46.4,32.2,30.3,70,-4.4,N/A,N/A
Nevada,MWC,33,17,112.2,104.2,0.7013,53.7,51.3,15.5,18.7,27.4,26.5,37.3,37.9,55.3,49.5,34.1,35.7,64.1,-6.5,N/A,N/A
Grand Canyon,WAC,34,26,107.9,100.2,0.7011,50.7,47.3,18.5,20.3,32.4,28.9,43.6,32.4,52.6,46.7,31.3,32.3,71.5,-2.5,R64,13
Oregon St.,WCC,33,20,115.8,108,0.6921,54.5,51,16.7,16.4,32,27.7,38.7,31.8,54.7,50.1,36.1,34.8,64,-4.2,N/A,N/A
UNLV,MWC,33,18,106.7,99.5,0.6915,49.7,49.3,16.2,17.8,27.3,29.8,35.8,32,49.6,50.5,33.3,31.9,66,-5.1,N/A,N/A
Loyola Chicago,A10,37,25,108.9,101.8,0.6863,52.7,48.8,17.2,17.3,29.3,27.7,31.6,33.3,53.9,47.6,34,33.7,67.1,-4.7,N/A,N/A
UAB,Amer,37,24,116.5,108.9,0.6831,50.2,51.2,13.8,15.2,37.7,30.3,31.3,28.5,49.8,50.4,34,35,69.5,-6.1,N/A,N/A
Florida St.,ACC,32,17,107.8,100.9,0.6799,50.7,48.5,17.4,19.1,29.7,31.8,39.4,37.5,52.3,48.9,31.7,32,69.9,-5.3,N/A,N/A
Georgetown,BE,34,18,107.6,101.1,0.6718,50.4,49.7,17,19.3,31.6,28.9,25.6,29.7,51.5,49.2,32.3,33.6,68.5,-4.6,N/A,N/A
Virginia,ACC,32,15,111.4,104.7,0.6693,52.7,50.8,16.4,15.7,22.4,29.7,26.4,28.8,49.9,50.6,37.5,34.1,61.2,-5.7,N/A,N/A
Troy,SB,34,23,106.5,100.3,0.6676,49.8,47.5,19.8,19.6,38.1,31.7,37,29.2,53.6,46.5,30.1,32.8,66.4,-4.1,R64,14
St. Bonaventure,A10,34,22,105.7,99.4,0.6675,49.9,50,15.9,18.9,27.6,27,30.6,24.4,51.5,50.8,31.3,32.7,64.7,-4.2,N/A,N/A
Akron,MAC,35,28,113.5,106.9,0.6659,54.9,50.1,16.4,17.3,32.5,29.4,27,33.1,55.2,51,36.4,32.4,71.5,-1.6,R64,13
Notre Dame,ACC,33,15,110.4,104.1,0.6625,51.7,51.4,16.5,14.9,29.6,26,31.8,30,50.8,53.6,35.5,32.1,64.9,-7.1,N/A,N/A
Georgia Tech,ACC,34,17,106.9,100.9,0.6588,50.2,49.3,17.4,15.8,30.3,28.6,30.7,28.1,49.5,46.9,34.3,35.1,69,-5.2,N/A,N/A
Washington St.,WCC,34,19,113.1,106.9,0.6563,56.6,51.2,20.3,17.1,31.1,33.6,32.7,32.1,58.2,51.7,36.2,33.6,71,-4.7,N/A,N/A
Northern Iowa,MVC,33,20,108.6,102.9,0.6504,55.2,51.4,15.9,17.4,24.9,25.3,35.1,28.2,55.2,50,36.8,35.6,65.4,-6.2,N/A,N/A
New Mexico St.,CUSA,32,17,104.8,99.3,0.6496,46.2,46.9,15.6,15,32.5,27.7,34.5,39.2,46.1,48.8,30.9,29.5,65,-8.4,N/A,N/A
Lipscomb,ASun,35,25,110,104.3,0.6477,55.6,49.1,14.7,15.9,23.7,26.6,31.2,22,56.5,50.5,36.4,31.2,66.4,-4.1,R64,14
Providence,BE,32,12,110.8,105.1,0.6468,52.1,49.5,19,13.8,33.2,28.7,29.6,32.8,51.1,49,35.6,33.5,66.5,-8.5,N/A,N/A
UNC Wilmington,CAA,35,27,112.3,106.7,0.6447,52.1,50.8,16,17.1,35.1,28.2,37.4,30.4,53.7,50.7,32.8,34,65.7,-3.2,R64,14
Syracuse,ACC,33,14,111,105.6,0.6402,51,52.9,17.9,14,31.4,26.1,33.1,33,51.9,53.6,32.8,34.5,68.4,-7.8,N/A,N/A
Washington,B10,31,13,109.8,104.5,0.6372,50.6,53,17.5,16.7,27.5,28.5,34.5,36.2,50.1,53.3,34.4,35.1,68,-4.9,N/A,N/A
St. Thomas,Sum,34,24,114.1,108.9,0.6301,57.8,52.5,13.7,18.5,21.5,31.2,34,35.9,58.1,52.1,38.3,35.4,68.1,-5.1,N/A,N/A
Kent St.,MAC,36,24,106.5,101.7,0.6293,48.7,48.4,17.3,18.3,35.3,27.6,30.2,37.9,49.8,49.6,31.2,31.2,66.4,-5.7,N/A,N/A
Utah Valley,WAC,34,25,106.9,102.2,0.6268,50.6,47.6,17.3,16.9,30.9,26.6,42,31.5,51.5,45.9,32.5,34,68.3,-3.1,N/A,N/A
DePaul,BE,34,14,108.8,104.2,0.623,52.5,51.6,18.1,15.5,26.9,28.7,27.8,28.6,53.3,51.3,34.4,34.7,67.6,-7.4,N/A,N/A
Florida Atlantic,Amer,34,18,112.5,107.7,0.6228,53.4,50.1,16.3,16,30.7,31.5,33.3,33.3,53.9,47,35.1,37.1,69.2,-7.8,N/A,N/A
N.C. State,ACC,31,12,107.7,103.2,0.6223,48.3,51,14.4,18.6,28.8,32.5,32.3,32.2,48.3,50.8,32.2,34.3,65.5,-8.9,N/A,N/A
Northern Colorado,BSky,35,25,112.2,107.4,0.6209,57,52.3,15.9,15.4,25.8,22.4,33,35.2,57.9,51.9,37,35.4,68.9,-4.1,N/A,N/A
Middle Tennessee,CUSA,34,22,108.8,104.4,0.6163,50.9,48.9,16.6,16,30.7,28.7,32.4,31.2,53.3,49.8,31.5,31.5,68.6,-4.1,N/A,N/A
Chattanooga,SC,38,29,115.2,110.6,0.6157,56.2,51.8,14.7,16.2,25.5,28.9,30.9,33.9,57.5,51.1,36.5,35.1,66.8,-4,N/A,N/A
George Washington,A10,34,21,107.1,103.1,0.6074,50.6,48.7,18.6,19.2,31.5,32.5,41,26.2,53.2,49.4,31.3,31.8,67.4,-6.6,N/A,N/A
Illinois St.,MVC,36,22,113,108.8,0.6065,56.3,53.1,15.9,16.3,24.7,25.2,31.9,31.8,57,53,37.1,35.5,66,-7.7,N/A,N/A
Saint Louis,A10,34,19,109,105,0.6061,56.3,49.2,18.6,14.3,23.4,28,30,24,59.9,48.3,35.1,33.7,67.6,-6.5,N/A,N/A
North Dakota St.,Sum,32,21,115.5,111.4,0.6045,58.2,51.4,15.6,11.1,26.2,29,32.6,27.1,56.5,51.3,39.8,34.3,65.3,-6.4,N/A,N/A
Jacksonville St.,CUSA,36,23,108.7,104.8,0.6022,49.7,49.2,15.9,13.5,31,26.3,31.8,27.4,49,47.2,34,34.6,65,-5.5,N/A,N/A
Belmont,MVC,33,22,112.2,108.3,0.6012,54.8,53.7,15.9,17.6,27.2,29.4,26.1,27,52.9,54.6,38.1,35.1,70.9,-5,N/A,N/A
North Alabama,ASun,35,24,110.9,107,0.6011,51.3,50.4,12.8,16.6,33.4,28.8,31,28.2,51,51.6,34.6,32.5,66.9,-5.8,N/A,N/A
California,ACC,33,14,110,106.2,0.6007,47.8,53,16.6,16.3,34.7,28.8,38.9,32.8,48.2,51.3,31.5,37.6,67.8,-8.2,N/A,N/A
Cornell,Ivy,29,18,114.9,111,0.5972,58.7,52.2,16.8,15.3,25.5,28.9,28.6,31.3,61.1,52.3,37.4,34.7,71,-7.1,N/A,N/A
Kennesaw St.,CUSA,33,19,107.3,103.9,0.5933,49.3,48.3,19.7,15.1,32.5,27.4,38.8,42.6,52.2,48.1,30.6,32.5,70.4,-7.2,N/A,N/A
South Alabama,SB,32,21,106.9,103.5,0.5893,50.8,48.5,14.6,20.6,28.3,32.2,33.6,24.4,53.6,46.9,31.7,33.1,63.4,-6.2,N/A,N/A
Duquesne,A10,32,13,106.4,103.2,0.5868,50,50.2,18.3,20,32.9,30.7,30,39.5,49.2,48.1,34,35.9,65.3,-13,N/A,N/A
Nebraska Omaha,Sum,35,22,112.1,109.1,0.5778,52.6,53.2,15.6,14.8,29.8,25.9,36,37.2,52.1,53.5,35.6,35.2,67.8,-6.4,R64,15
South Dakota St.,Sum,32,20,109.8,106.9,0.5765,53.6,50.9,17.6,12.7,33.6,21.4,31.2,29.9,54.5,52.3,34.8,32.9,69.3,-6.1,N/A,N/A
Montana,BSky,35,25,111.9,109,0.5737,56,52.5,16.1,15.5,22.5,29,35.6,32,56.9,53.7,36.3,33.6,67.3,-3,R64,14
Louisiana Tech,CUSA,32,20,107.8,105.2,0.5676,52.5,47.8,18.9,14.7,29.3,28.7,35,32,53.5,48.8,34.1,30.8,64.7,-6.4,N/A,N/A
Furman,SC,35,25,110.2,107.8,0.5633,53.7,49.6,17,16.4,30.1,31,34.6,28.9,53.5,49.5,35.9,33.1,66,-4.3,N/A,N/A
Wichita St.,Amer,34,19,106.5,104.3,0.5604,48.6,50,16.3,15.5,32,28.8,34.9,28.6,49.9,49.7,30.2,33.6,68.9,-7.3,N/A,N/A
Texas A&M Corpus Chris,Slnd,34,20,106.8,104.6,0.5587,52.8,49.9,17.8,18.3,31.9,30.7,36.7,40.4,53,48.4,34.7,35,67.7,-8,N/A,N/A
Robert Morris,Horz,35,26,106.7,104.6,0.5579,51.2,50.7,18.2,18.7,35.2,28.1,37.6,30.3,50.7,50.6,34.6,34,68.2,-4,R64,15
Wofford,SC,35,19,112,109.9,0.5524,53.2,51.9,16.9,14.7,35.5,26.3,30.6,36.4,54.2,52,34.8,34.5,64.2,-9.6,R64,15
Cal St. Northridge,BW,33,22,107.5,105.6,0.5508,51.7,50.1,18.8,20.2,35.2,24.3,35.6,44.8,51.6,46.7,34.7,35.7,72.4,-5,N/A,N/A
Seattle,WAC,32,14,103,101.3,0.5482,46.5,51.2,17,20.9,29.9,27,42.3,36.7,46.3,53.3,31.3,31.9,66.2,-12.1,N/A,N/A
Miami OH,MAC,34,25,108.2,106.5,0.5456,55.4,51.3,17.4,19.1,27.5,29,28.1,33.3,53.9,51.9,38.2,33.6,69.1,-4.3,N/A,N/A
Davidson,A10,33,17,109.1,107.6,0.5422,52.4,52.3,14.6,15.4,24.4,26.9,29.2,28.1,53.3,51.9,34.1,35.3,66,-9.2,N/A,N/A
Samford,SC,33,22,110.9,109.3,0.5419,54.6,53.4,18.6,21.6,34.7,33.5,29.4,42.6,53.9,54.1,36.9,35,71.1,-4.8,N/A,N/A
Tulane,Amer,34,19,107.9,106.5,0.5386,51.7,49,16,17.5,26.8,32.1,35.3,32.7,52.4,49.1,33.8,32.7,67.1,-8.6,N/A,N/A
UTEP,CUSA,33,18,105.8,104.3,0.5385,49.3,52.4,16.6,22,25.4,32.4,37,40,47.7,54,34.6,33.4,68.7,-8.4,N/A,N/A
Virginia Tech,ACC,32,13,106.1,105.2,0.5263,51.2,52.3,20.1,16.2,31,29.2,30.8,31.8,50.3,54.6,35,32.6,65.4,-9.3,N/A,N/A
Loyola Marymount,WCC,32,17,104.4,103.6,0.5206,50.2,48.5,15.2,15.7,22.8,30.9,29,28.9,50.6,49,33.1,31.8,67.3,-6.9,N/A,N/A
Nicholls St.,Slnd,33,20,106.3,105.6,0.5179,48.1,48.1,15.3,16.7,30.6,31.5,33.1,35.9,45.6,49.9,35,30.1,68.4,-7,N/A,N/A
Murray St.,MVC,33,16,105.3,104.7,0.517,49.3,51.2,16.9,17.3,29.1,26.4,41.2,35.5,48.6,52.6,33.6,32.1,64.9,-10.1,N/A,N/A
Lamar,Slnd,33,20,102.3,101.7,0.5161,47.2,47.6,19,17.7,35.5,31.8,29,34.8,44.3,47.9,35.6,31.4,65.5,-6.9,N/A,N/A
UC Santa Barbara,BW,34,21,108.5,108,0.5135,54.6,48.9,18.2,17.2,27.5,29.2,29.7,32,52.4,50.5,38.1,30.8,65.5,-8.1,N/A,N/A
Bryant,AE,35,23,106,105.5,0.5129,50.7,47.8,16.3,16.4,33.8,29.5,29.9,30,51.3,47.3,33,32.5,72.6,-7,R64,15
Milwaukee,Horz,32,21,106.8,106.3,0.5125,51.4,51.5,19.4,18.3,39.8,26.6,38,32.4,53.1,52.2,31.9,33.6,68.9,-6.7,N/A,N/A
Radford,BSth,33,20,110,109.5,0.5123,51.1,51,17.7,16.5,33.8,30,41.3,37,49.9,49.3,35.6,35.8,63.2,-7.2,N/A,N/A
James Madison,SB,32,20,110.6,110.3,0.5077,50.7,50.9,15.8,15.6,32,30.5,30.4,33.4,50,49.6,34.3,35.5,65.2,-7.3,N/A,N/A
Sam Houston St.,CUSA,32,13,110.7,110.5,0.507,51,53.1,18.3,17.2,30.3,32.2,36.3,33.2,46.9,52.3,38.3,36.2,68,-11.7,N/A,N/A
Cleveland St.,Horz,36,23,104.3,104.1,0.5053,49.5,51.2,18,21.9,34.5,33.6,30.8,38.9,49.8,50.3,32.6,35,65.8,-7.4,N/A,N/A
San Jose St.,MWC,35,15,106.6,106.6,0.4999,50.3,52,17.2,16.7,26.8,32.1,31.8,28.4,48.6,54.2,35.3,31.9,66.6,-10.3,N/A,N/A
Charleston,CAA,33,24,105.3,105.3,0.4993,52.4,50.1,16.2,16.4,26.5,28.3,34.6,26.5,51.8,51.4,35.5,32.1,70.5,-4.5,N/A,N/A
Temple,Amer,32,17,110.5,110.6,0.4965,49.9,50.6,15.7,15.1,32,31.2,45.2,36.4,48.2,51,35.8,33.3,69,-9.5,N/A,N/A
Cal Baptist,WAC,32,17,104.9,105.1,0.4951,48.3,50.1,17.7,18.1,33.3,29.6,29.7,33.4,48.6,50.3,31.7,33.2,66.1,-9.7,N/A,N/A
Western Kentucky,CUSA,32,17,103.2,103.5,0.4931,47.9,47.4,15.5,17,23.5,28.1,32.1,40.6,48,48.7,31.7,30.5,72.1,-8.2,N/A,N/A
Rhode Island,A10,31,18,107.7,108.1,0.4889,52.8,49.3,17.9,16,28.3,28.6,41.1,30.8,53.3,50.6,34.6,31.5,70.6,-7.9,N/A,N/A
Purdue Fort Wayne,Horz,32,19,108,108.5,0.4865,54.7,53.3,13.8,20.1,22,32.8,29.1,30,54,56.2,37.1,32.6,69.9,-8.2,N/A,N/A
Appalachian St.,SB,31,17,100.7,101.2,0.4852,49.6,46.1,16.9,14.8,27.6,29.6,35.1,22.2,48.7,47,34,29.8,63.4,-9.3,N/A,N/A
Marshall,SB,33,20,106,106.7,0.4827,49.9,49.3,16.5,16.8,33,29.6,34.8,40.9,51,49.7,32.3,32.2,68.9,-8.6,N/A,N/A
Winthrop,BSth,34,23,107.5,108.2,0.4827,53.3,51.4,17.7,18.7,31.2,31.5,47.7,37.1,55,50.6,33.8,35.2,72.9,-6.2,N/A,N/A
East Tennessee St.,SC,32,19,105,105.7,0.4813,50.3,50.3,16.1,18.9,35.7,29.8,33.2,34.3,48.9,49.5,34.7,34.2,65.3,-9.1,N/A,N/A
Towson,CAA,33,22,106.3,107,0.4803,47.9,50.8,14.5,17.3,35.3,28,28.4,30.7,46.7,50.7,33.4,34.1,63.8,-5.8,N/A,N/A
UC Riverside,BW,34,21,109.6,110.4,0.4794,49.4,52.2,16,15.6,32.1,28.8,28,33.1,48.8,51.7,33.5,35.3,67.3,-4.7,N/A,N/A
UNC Greensboro,SC,32,20,105.4,106.2,0.4779,50.7,47.8,15.3,16.4,31.1,30.1,29.8,34,48,48.7,36.2,31,64,-7.5,N/A,N/A
Southern Illinois,MVC,33,14,106.5,107.8,0.4663,51.6,52.6,18.3,15.2,30.3,28,34.2,33.7,51,51.5,35.1,36.1,68.1,-12.5,N/A,N/A
Dartmouth,Ivy,28,14,100.6,101.9,0.4633,50.3,49.1,16.2,13.8,22.8,24.9,30.3,23.2,49.8,52.1,33.9,29.6,71,-10.6,N/A,N/A
Boston College,ACC,31,12,105,106.5,0.4599,48.9,51.9,17.3,15.5,28.8,30,31.5,37.1,47.5,51.3,34.5,35.2,67,-10,N/A,N/A
Rice,Amer,32,13,106.4,108,0.4583,48.6,47.8,17.8,14,33.7,29.6,43.3,35.9,47.8,47.5,33.2,32.1,65.7,-14,N/A,N/A
Ohio,MAC,32,16,106.8,108.5,0.4559,53.4,52.3,14.9,17.8,23.9,29,33.5,36.4,53.9,50.4,35,37.6,70.6,-11.6,N/A,N/A
Drexel,CAA,33,18,104,105.8,0.4522,52.2,47.8,18.6,14.4,33,30.1,24.2,28.2,51.9,48.1,35,31.6,63.2,-11.6,N/A,N/A
Florida Gulf Coast,ASun,34,19,106.6,108.5,0.4486,53.6,50.2,16.2,14.1,30,26.4,23.2,29.6,53.9,48.2,35.5,35.2,65.5,-9.3,N/A,N/A
UTSA,Amer,31,12,107.1,109.1,0.4477,49.7,53.3,15.7,20.6,27,35.5,29,43.9,46.1,53.2,36.1,35.7,70,-12.6,N/A,N/A
Oakland,Horz,34,16,106.7,108.7,0.4469,50.1,51.4,18,16.2,34.1,32.6,31.7,27.8,53.2,49.7,30.6,35.9,63.9,-10.8,N/A,N/A
South Carolina St.,MEAC,33,20,102.6,104.6,0.4467,50.8,50.1,19.9,22.8,35.7,32.7,42.9,47,50.2,51.8,34.7,31.1,69.4,-9.2,N/A,N/A
Miami FL,ACC,31,7,112.6,114.7,0.4463,51.9,57.4,16,15,28.2,30.8,26.4,28.8,55.1,55.9,31.3,39.7,67.7,-13.5,N/A,N/A
Eastern Kentucky,ASun,32,18,109.3,111.4,0.4457,49.7,52.6,13.8,17.8,32.4,33.2,26,31.8,47.7,52.1,34.9,35.5,67.8,-8.8,N/A,N/A
Montana St.,BSky,33,15,104.9,107,0.4429,52.8,48.8,15.1,15.3,20.7,29.4,31.9,31.9,53.8,50.6,34.3,29.8,66.2,-11.9,N/A,N/A
East Carolina,Amer,33,19,106.5,108.7,0.4424,48.4,51.7,15.6,17.4,33.8,31.2,35.2,31.6,49.3,48.5,31.2,38.4,66.7,-8.9,N/A,N/A
Cal Poly,BW,35,16,108.9,111.1,0.4412,55.2,53.2,20.7,19.1,27.6,33.2,26.8,32.4,56,54.3,36.3,34.4,74.7,-11.8,N/A,N/A
Illinois Chicago,MVC,32,18,105.7,107.9,0.4411,51.1,51.6,17.5,15.8,30,27.9,35.1,31.6,51.1,51.6,34,34.4,69.3,-8,N/A,N/A
Portland St.,BSky,32,19,100.8,103.1,0.4372,50.5,50,18.4,19.6,33.4,30.4,34.3,34.9,51.7,51.6,32,31.7,68.5,-9.3,N/A,N/A
Central Connecticut,NEC,32,25,99.3,101.7,0.4301,52.2,47.7,17.2,18.1,26.5,25.3,25.9,18.9,53.7,49,32.9,30.6,65.8,-4.6,N/A,N/A
Wyoming,MWC,32,12,103.1,105.7,0.4279,50.3,51,19.9,15.8,30,27.2,30.4,41.1,49.5,51.7,34.4,33.3,64.8,-10.9,N/A,N/A
Northeastern,CAA,32,17,104.1,106.8,0.4265,51.1,50.3,18.6,18.2,31.4,31.4,28,30.3,51.3,49.2,33.7,34.9,67.7,-11,N/A,N/A
Norfolk St.,MEAC,35,24,106.8,109.7,0.4239,52.2,50,18.3,18.6,33.1,34.6,38.4,35.5,54.5,49.4,30.8,33.8,66.5,-5.3,R64,16
Southeast Missouri St.,OVC,33,21,101.7,104.5,0.4233,51.3,47.6,15.4,19,24,28.7,28.9,42.8,51.1,48.8,34.5,30,69.1,-8.6,N/A,N/A
Indiana St.,MVC,32,14,109.2,112.2,0.4228,54.6,54.3,19.5,15.8,26.2,27,35.9,38.8,56.6,54.5,35,35.9,72.6,-12,N/A,N/A
Merrimack,MAAC,33,18,98.7,101.5,0.4191,49.4,46.9,13.8,23.2,20.8,38.6,24.4,29.9,49.3,47.2,33,31,64.7,-9.8,N/A,N/A
Brown,Ivy,27,14,102.5,105.6,0.4161,51.1,49.3,17.1,15.7,30.1,30.7,28,29.1,52.1,49.2,33.1,32.9,66.1,-8.6,N/A,N/A
Abilene Christian,WAC,32,16,98.3,101.3,0.4135,46.7,51.4,20.7,24,30,31.5,37.2,51.3,47.8,52.6,28.9,32.6,69.4,-10.4,N/A,N/A
Pepperdine,WCC,35,13,106.7,110,0.4135,49.6,52.5,16.1,15.3,27.7,30,31.6,27.2,48.9,53.3,34,34.2,69.3,-12.4,N/A,N/A
Missouri St.,MVC,32,9,102.2,105.4,0.4118,50.9,54.7,20.7,19.1,32,28.4,34.3,38.5,49.1,55,36,36.1,64,-16.9,N/A,N/A
Southeastern Louisiana,Slnd,32,18,104.6,108,0.4093,49.2,51.4,17.4,18.8,30.9,29.4,34.7,36.5,49.5,51.9,32.4,33.7,67.2,-9.1,N/A,N/A
Youngstown St.,Horz,34,21,102.6,106,0.4087,49.8,48.8,17.6,18,29.3,31.2,36.4,35.8,52.1,48.1,31.3,33.5,69.5,-8.8,N/A,N/A
Hampton,CAA,33,17,103.6,107,0.4076,47.5,52.6,16,18.8,34,28.7,30.3,43.6,46.9,53.3,32.4,34.2,65.8,-11.5,N/A,N/A
Texas St.,SB,32,16,108.6,112.2,0.407,50.7,49.9,18.1,16.1,35.2,31.5,36,41.6,49.3,47.4,36.4,36.1,66.3,-11.4,N/A,N/A
UT Rio Grande Valley,Slnd,31,16,105.6,109.2,0.4031,51.7,51.4,19.2,17.6,30.8,33.9,22.7,29.9,55.4,52,31.8,33.4,70.7,-9.7,N/A,N/A
Valparaiso,MVC,34,15,105.9,109.7,0.4024,47.7,53.7,14,17.1,26.5,28.5,33.6,35.4,47.3,54.2,32.3,35.2,68.2,-12.5,N/A,N/A
Queens,ASun,35,20,106.7,110.6,0.3974,52.8,52.1,18.2,15.9,31.2,29.3,34.2,30.4,52.9,52,35.1,34.9,68.7,-8.7,N/A,N/A
Wright St.,Horz,33,15,109.2,113.4,0.3954,56.3,53.2,17.8,14.2,28,27.9,27,34.5,55.3,52.2,38.6,36.7,67.6,-13.4,N/A,N/A
Princeton,Ivy,30,19,103.6,107.5,0.3948,51.5,53.4,15.2,17.3,26.2,24.2,24.6,31.7,50.1,53.5,35.3,35.5,66.9,-6.2,N/A,N/A
Northwestern St.,Slnd,32,16,103,106.9,0.3934,48.7,49.8,20.2,17.4,33.1,32.6,32.2,33.1,46.5,46.8,35.2,36.2,64.1,-9.2,N/A,N/A
Incarnate Word,Slnd,36,19,107.3,111.4,0.3928,51.5,51.9,17.5,17.4,34.5,31.8,28.8,36.3,50.8,51.1,35.2,35.8,64.8,-11.4,N/A,N/A
Southern,SWAC,32,20,98.9,102.8,0.3919,47.2,49.2,18.5,21.1,34.4,28.5,38.1,42.3,47.4,48.2,31.2,33.8,68.6,-7,N/A,N/A
South Florida,Amer,32,13,102.2,106.2,0.3916,49.7,49.7,16.2,18.3,27.7,33.2,34.9,36.7,51.1,49.6,31.6,33.3,68.6,-12.4,N/A,N/A
Idaho St.,BSky,30,15,105.8,110,0.3915,47.8,54.1,16.3,17.9,38.3,25.9,34.4,32.7,48.3,53,31.2,37.3,66.1,-10.5,N/A,N/A
Quinnipiac,MAAC,33,20,102,106.2,0.3869,48.4,49.5,17.9,17.1,33.5,26,31.1,28.3,50.7,46.7,29.8,36.1,71.8,-9.2,N/A,N/A
Jacksonville,ASun,33,19,101,105.2,0.3848,50.2,51.1,19.5,18.6,35.6,30.5,28.5,35,47.5,50.5,36.8,34.7,67.8,-7.6,N/A,N/A
Bucknell,Pat,33,18,103.4,107.8,0.3835,53.8,50.3,18.6,17,26,28,36.7,35.4,54.4,49,35.3,34.7,67.8,-10.3,N/A,N/A
La Salle,A10,33,14,103.4,107.7,0.3831,46.1,52.6,15.5,16.7,30.5,29.5,31.4,30,44.5,54.5,32.8,33.2,68.9,-11.7,N/A,N/A
Central Michigan,MAC,31,14,105,109.5,0.3815,49.8,53.1,17.6,18.2,32.1,29.1,35.8,31.3,51.2,52.5,31.3,35.9,67.5,-11.4,N/A,N/A
Seton Hall,BE,32,7,97.3,101.6,0.3796,44.7,54.6,19.1,22.2,31.2,31.8,32.9,39.6,43.9,54.5,31.2,36.6,64.7,-13.2,N/A,N/A
William & Mary,CAA,32,17,106.8,111.5,0.3784,53.7,53.5,18.1,17.6,26.2,30.2,35.6,35.5,55.8,54.4,34.5,34.8,71.7,-10.6,N/A,N/A
Massachusetts,A10,32,12,101.5,106.4,0.3681,45.1,49.8,16.1,17.5,34.3,31,34,36.6,46.6,49.7,28,33.2,70.6,-13.5,N/A,N/A
SIU Edwardsville,OVC,34,22,101,105.9,0.3679,48.5,47.6,17.2,17.1,31.3,29.7,33.1,33.1,47.9,46.3,33.1,33.1,66.2,-7.7,R64,16
Fordham,A10,33,12,106.3,111.4,0.3674,48.6,52.8,18.4,16.7,31.5,30.6,32.8,39.2,49.1,52.6,32,35.5,69.8,-14.1,N/A,N/A
Hofstra,CAA,33,15,97.9,102.7,0.3653,48.9,45.9,17.6,16.4,25.8,28.6,25.3,38,48.1,42.6,33.2,33.9,63.9,-13.4,N/A,N/A
Vermont,AE,33,21,99.9,104.9,0.363,49,48.8,17.3,15.7,26.2,25.8,29.8,27.1,49.5,48.3,32.3,33,62.8,-8,N/A,N/A
Longwood,BSth,32,18,105.1,110.5,0.3597,51.3,55.9,18,20.7,32.1,29.6,45.4,38.3,52.3,59.8,32.9,33.7,69.2,-9.7,N/A,N/A
UMKC,Sum,33,13,100.6,105.8,0.359,48.4,51.2,18.6,17.1,32.8,29.7,30.9,35.2,47.5,53.6,33.1,31.8,64.7,-14.7,N/A,N/A
Delaware,CAA,36,16,109.2,114.9,0.3588,55.1,52.2,16.6,15.5,22.4,32.5,30,32.9,54.1,51.9,37.7,35.3,70.5,-15,N/A,N/A
Campbell,CAA,32,15,101.3,106.5,0.3587,50,52.4,15.8,18.8,24.6,27.7,29.7,29.9,51.5,55.8,31.9,31.1,66.1,-12.6,N/A,N/A
UNC Asheville,BSth,32,21,107.1,112.7,0.3582,52,53.4,14.8,18,29.7,34.1,34.4,40.1,52.4,53.8,34.2,35.2,68.1,-6.4,N/A,N/A
Richmond,A10,32,10,103.5,108.9,0.3581,48.4,52.7,15.4,15.8,19.3,27.7,29.7,37.1,49.7,52.4,31.2,35.4,64.1,-15,N/A,N/A
Tennessee St.,OVC,33,17,103.1,108.5,0.3571,51.3,48.8,21.1,17.4,33.8,30.3,41.4,39.3,52.5,48.1,32.6,33.4,70.8,-12.9,N/A,N/A
Elon,CAA,33,17,106.5,112.1,0.3557,50.4,48,19.1,13,36.1,31.5,38.7,25.1,50.8,46.9,33.2,33,65.3,-10.9,N/A,N/A
Maine,AE,34,20,99.2,104.5,0.3536,51.6,50.4,15.5,21.9,21.8,32.3,28.2,29,50.6,50.7,35.7,33.3,66.2,-10.2,N/A,N/A
South Dakota,Sum,33,19,108.5,114.4,0.3523,50.1,54.8,12.6,17.3,30,35.7,45.4,35.2,51.7,55.4,31.6,35.9,74.8,-8.8,N/A,N/A
Harvard,Ivy,27,12,102.2,107.9,0.3474,50.6,52.2,18,17.7,25,31.1,24.4,24.6,52.2,53.4,32,33.5,65.9,-10.8,N/A,N/A
Northern Kentucky,Horz,33,17,103.2,109,0.3467,49.8,52.5,17.3,19.9,31,32.5,31.3,29.3,50,50.6,33,37,66.2,-10.9,N/A,N/A
Hawaii,BW,31,15,102,108,0.3403,50.6,49.5,20.7,13.1,31,24.9,39.9,33.7,53.1,48,31,35,66.1,-11.1,N/A,N/A
Iona,MAAC,34,17,99.7,105.6,0.3401,47.5,51.7,20.9,22.8,39.1,30.9,27.9,35.6,47.5,53.9,31.8,32.6,68.5,-13.7,N/A,N/A
UT Arlington,WAC,31,13,106.5,112.8,0.3399,51.7,50.4,19.2,16.4,32.8,32.5,37,34.3,50.6,48.5,35.4,36,67.8,-12.8,N/A,N/A
Tulsa,Amer,33,13,102.1,108.2,0.3395,49.5,49.7,16.9,14.4,27.2,31.1,34.2,33.6,51.5,50,31.2,32.7,66.5,-14.4,N/A,N/A
Georgia St.,SB,33,14,107.5,113.9,0.338,50.4,51,16.9,12.9,32.4,31.9,33.8,26.2,49.8,51.8,34.4,33.2,69.4,-13.1,N/A,N/A
Georgia Southern,SB,33,17,103.2,109.6,0.3347,50.6,50.1,19,18.4,33,33,26.5,43.1,49.8,51.2,34.5,32.3,69.8,-11.2,N/A,N/A
Sacred Heart,MAAC,33,15,105.2,111.7,0.334,51,51.8,17.7,17.6,31.4,29.9,26.3,27.6,50.3,50.8,34.5,35.4,70.6,-14.6,N/A,N/A
North Dakota,Sum,33,12,107.8,114.5,0.3327,49.7,56.5,16.6,15,33.7,28.7,33.6,33,50.3,57.1,32.5,37.1,69.2,-15.1,N/A,N/A
Portland,WCC,32,12,106.4,113.6,0.3207,50.1,54.6,18,13.2,23.9,29.9,32.2,22.1,49.8,53.3,33.7,37.8,68.5,-12.5,N/A,N/A
American,Pat,35,22,101.7,108.7,0.3183,52,52.5,16.9,17.7,23.8,27.4,29,34.1,51.4,53.5,35.2,33.8,63.8,-8.2,R68,16
Toledo,MAC,33,18,111.2,118.8,0.3182,50.5,56.4,13.7,15.5,29.8,30.9,35.5,26.5,50.6,55.9,33.6,38.2,68.6,-8.8,N/A,N/A
Northern Arizona,BSky,34,18,104.3,111.6,0.3154,50.3,53.7,15.2,15,31.9,24.4,28.5,33.8,49.5,52.9,34.4,36.7,66.8,-11.4,N/A,N/A
Idaho,BSky,33,14,107.9,115.4,0.314,51.8,54,17.9,15.1,28.9,31.3,33.6,35.7,51.5,55.1,34.7,34.9,66.6,-14,N/A,N/A
Presbyterian,BSth,33,14,103.3,110.6,0.313,51.1,52.9,16.2,17.8,29.4,31.1,31.1,38.9,49.7,53.7,36,34.3,64.7,-13.8,N/A,N/A
Little Rock,OVC,33,19,98.3,105.3,0.311,49.5,46.7,20.4,21.5,30.4,35.4,29,37.9,47.2,46.3,36.6,31.4,67,-9.9,N/A,N/A
Jackson St.,SWAC,34,16,100.4,107.6,0.3103,47.7,50.6,19.5,17.4,30.1,30,37.5,30.6,47.1,50.3,32.6,34.1,68.7,-10.6,N/A,N/A
UC Davis,BW,32,15,97.2,104.2,0.3103,46.3,50,19.7,21.8,27.6,33.6,38.3,39.2,45.1,48.3,32.2,35.2,67.4,-11.4,N/A,N/A
Evansville,MVC,32,11,98.5,105.7,0.3087,48.8,50.2,17.7,16.7,22.6,29.2,31.1,34.6,51.5,49.4,29.9,34.1,67.1,-14.6,N/A,N/A
Houston Christian,Slnd,32,12,100.7,108.2,0.3047,49.1,52.6,18,17.9,26,32,30.5,29.4,49.3,54.5,32.5,32.3,64.8,-14.2,N/A,N/A
Manhattan,MAAC,31,17,108,116,0.3046,50.8,50.9,16.7,15,32.5,32.2,31.8,25.9,50.5,52.6,34.1,32.4,67.9,-9.9,N/A,N/A
Mount St. Mary's,MAAC,36,23,100.3,107.7,0.3043,50.9,48.7,21.4,15.6,30.5,27.9,30.5,26.1,50.3,49.4,34.5,31.8,67.8,-8.1,R64,16
East Texas A&M,Slnd,31,5,99.8,107.4,0.3015,49.2,53.8,22.5,19.9,28.1,35.9,28,36.5,51.1,52.6,31.4,37.4,67.7,-19.7,N/A,N/A
Monmouth,CAA,33,13,104.1,112.1,0.3003,47.2,50.7,16.2,16.6,29.7,34.8,36.7,36.1,44.2,50.7,35.2,33.8,67.4,-14.4,N/A,N/A
Cal St. Bakersfield,BW,33,14,105.1,113.2,0.2984,48.2,54.3,18.8,18.9,35.6,29.7,34.5,46.9,45.3,54.8,37.2,35.7,66.3,-14,N/A,N/A
UMass Lowell,AE,32,17,107.5,115.9,0.2971,54.6,51.6,18.1,14.7,26.1,30.3,31.6,25.2,56.3,50.5,34.2,35.6,68.9,-11.5,N/A,N/A
Charlotte,Amer,33,11,104.5,112.7,0.296,48.3,54.2,15.1,14.6,25.4,29.2,42.7,37,49.6,56.4,31,33.3,65,-16.4,N/A,N/A
Eastern Michigan,MAC,32,16,104.8,113.2,0.2925,52.4,53.7,18.7,17.8,29.6,31.7,33,38.5,52.4,51.9,35,37.7,67.4,-12,N/A,N/A
Fresno St.,MWC,32,6,100.5,108.6,0.2907,46.1,54,17.7,18,27,34,36.4,23.5,45.6,56,31.3,34.2,71.1,-16.5,N/A,N/A
Alabama St.,SWAC,36,20,100.9,109.3,0.285,47,50.7,13.1,18.7,28,30.8,29.1,38.9,45.6,50.8,32.6,33.7,68,-10.1,R64,16
Siena,MAAC,32,14,102.2,110.7,0.2838,49.4,51.7,17.2,18.2,28.8,30,37.3,31.4,49.5,51.8,32.8,34.3,67.3,-14.5,N/A,N/A
FIU,CUSA,33,10,96,104.1,0.2832,46.1,51.6,19.5,20.6,31,29.6,36,37.5,47.4,52.6,28.8,33.3,68.8,-17.4,N/A,N/A
Gardner Webb,BSth,31,11,102.4,111,0.283,51.9,52,20.8,14.8,33.4,30.2,36.2,37.2,53.1,54.2,33,32.3,69.4,-14.8,N/A,N/A
Denver,Sum,32,11,100.2,108.7,0.2829,50.3,54.3,18.5,17.6,26.1,29.1,31.6,49.8,50.5,56.2,33.3,34.1,66.7,-15.9,N/A,N/A
Ball St.,MAC,31,14,103.5,112.3,0.2816,51.3,51.6,16.4,14.1,26.4,27.9,44.5,30.7,51,54.5,34.6,31.5,66.6,-13.7,N/A,N/A
Bowling Green,MAC,32,14,99.8,108.6,0.275,49.9,52.6,17.5,17.3,25.6,27.4,34.5,29.8,49.6,54.6,33.5,33.2,69,-14.2,N/A,N/A
North Florida,ASun,32,15,107.8,117.3,0.2744,53.2,54.1,15,14.7,27.9,34.2,24.8,31.1,54,54.5,35,35.5,72.5,-11.5,N/A,N/A
Colgate,Pat,33,14,104,113.3,0.2732,54.2,53.3,16.7,16.3,23.7,26.9,22.6,25.5,54.6,51.5,35.7,37.3,67.3,-14.8,N/A,N/A
Stephen F. Austin,Slnd,31,14,96.1,104.7,0.271,46.7,49.2,22.2,20.2,34.6,33.1,32.3,34.1,48.8,47.8,28.7,34.4,67.6,-11.7,N/A,N/A
Albany,AE,33,17,103.4,112.8,0.2703,49.3,54.9,15.7,19.8,32.3,28.4,29.5,34.7,50.2,55.8,31.7,35.6,67.8,-12.9,N/A,N/A
Western Michigan,MAC,32,12,102.3,111.6,0.2691,47,54.5,15.8,16.6,34.4,27.9,31,33.2,49.3,55,28.2,35.8,68,-14.7,N/A,N/A
Mercer,SC,33,14,98.4,107.5,0.2646,48.9,50.8,16.6,16.8,28.8,28.7,29.8,32.8,49.8,49.7,31.8,34.7,71.2,-14.3,N/A,N/A
LIU,NEC,33,17,95.3,104.2,0.2627,47.7,48,20.1,19.2,32.3,27,27.6,43.5,48.8,48.8,30.3,31.2,65.1,-12.6,N/A,N/A
Pacific,WCC,33,9,100.8,110.4,0.2599,48.1,53.2,19.3,15.4,28.8,28.2,32.8,37.1,50.3,52.9,29.7,35.8,66.8,-15.6,N/A,N/A
Texas Southern,SWAC,32,15,95.7,105,0.2548,47.5,47.4,19.8,19.6,30.5,34.7,28.9,36.2,46.2,46.5,33.1,32.6,70.2,-11.9,N/A,N/A
Eastern Washington,BSky,32,10,102,112,0.253,50.9,54.4,18.7,19,26.9,33.6,31.1,39.7,52.5,53.8,32.3,36.9,67.3,-16.4,N/A,N/A
Marist,MAAC,30,20,96.8,106.6,0.2494,49.9,46.9,18.4,16.4,30.6,25.6,22.4,33.2,51.5,44.9,31.4,33.7,64.3,-8,N/A,N/A
Tennessee Martin,OVC,33,14,102.2,112.7,0.2445,47.6,52.3,19.5,18.9,34.7,30.8,34.4,33.9,48.5,52,31.1,35,66.5,-15.4,N/A,N/A
Navy,Pat,34,15,101.3,111.9,0.241,48,52.5,16.1,17.8,31.3,27.2,33.8,33.8,46.8,52.6,33.3,34.9,67.2,-16.2,N/A,N/A
Tarleton St.,WAC,32,12,93.1,102.9,0.2409,45.9,52.1,25.1,23.3,28.1,33.9,41.5,48.3,45,52.9,32.2,33.9,65.8,-13.3,N/A,N/A
Austin Peay,ASun,33,14,101.9,112.9,0.2365,48.7,53.8,14.8,16.8,25.8,31.2,28.9,36,47.1,52,34,37.9,66.2,-13.5,N/A,N/A
Tennessee Tech,OVC,32,15,101.3,112.3,0.2355,50.7,49.6,17.4,15.2,25,32.4,28.8,22.2,49,50.6,35.1,31.9,68.1,-13.1,N/A,N/A
Saint Peter's,MAAC,28,12,95.4,105.6,0.2354,44.7,47.3,20.7,17.6,37,31,34.7,37.6,42.4,47,32.2,31.9,64,-13.3,N/A,N/A
Old Dominion,SB,35,15,99.7,110.7,0.2303,44.1,51.2,16.9,16,36.4,32,30.9,35,45,51.2,28.3,34.1,66.3,-15.2,N/A,N/A
Weber St.,BSky,34,12,100.9,112.1,0.2299,50.2,53.4,16.9,16.5,24.4,30.1,34.7,37.2,51.1,52.2,32.4,36.7,65.7,-17,N/A,N/A
Air Force,MWC,32,4,98.7,109.7,0.2289,50.1,54.6,20.8,15.7,22.7,29,35.4,35.4,50.5,54.8,33.1,36.3,64.7,-19.3,N/A,N/A
San Diego,WCC,33,6,100,111.3,0.2271,45.7,54,18.4,18.5,29.9,31.6,30.5,46.1,46.3,51.6,29.7,38.5,71.2,-19.5,N/A,N/A
Bethune Cookman,SWAC,33,17,97.7,108.7,0.2268,48.2,48.8,19.5,16.7,28.8,30,35.9,32.4,48.4,49.8,31.9,31.3,69.2,-10.1,N/A,N/A
Lafayette,Pat,33,13,97.8,108.9,0.2262,50.2,50.4,16.6,16.7,24,28,30.5,26.9,49.7,48.3,34,35.8,66.4,-16.8,N/A,N/A
Oral Roberts,Sum,30,7,103.7,115.8,0.2196,50,55,16.3,13.9,22.6,33.1,35,38.2,48.5,56.6,34.4,35,67.5,-17.2,N/A,N/A
Columbia,Ivy,27,12,104.4,116.6,0.2195,52.6,56.4,15.4,16.4,25.9,26.7,29.5,25.4,53.9,54.6,33.8,39.2,71,-11.3,N/A,N/A
Saint Francis,NEC,34,16,100.2,112,0.2193,51.8,51.2,19.7,16.2,25,29.9,24,27.8,52.6,53.3,33.8,32.2,67.4,-12.1,R68,16
Lehigh,Pat,30,11,99.8,111.7,0.215,51.1,50.7,15.6,16.1,21.4,29.1,31.5,33.9,49.1,53,36.4,31.2,67.4,-15.2,N/A,N/A
Louisiana,SB,33,12,98,109.7,0.215,45.7,51.3,16,19.1,25.9,35.5,29.8,43.8,45,53.8,31.3,31.5,66.5,-15.6,N/A,N/A
Fairleigh Dickinson,NEC,33,13,98.2,110,0.214,49.1,50.5,17.1,17.6,25.9,32,32.1,30.4,49.7,53.3,32.2,30.3,69.5,-15.7,N/A,N/A
Utah Tech,WAC,33,7,101.8,114.1,0.2119,48.8,53,18.3,17.4,26.2,33.5,33.7,41.1,47.9,53.7,33.4,34.4,67.6,-19.9,N/A,N/A
Howard,MEAC,32,12,103.1,115.6,0.2105,53.5,52.3,21.2,16.5,29,33.8,35.7,40.9,52.6,53.1,36.6,33.8,69.9,-15.6,N/A,N/A
Penn,Ivy,27,8,103.2,116.1,0.2061,49.4,53,16.4,13.4,26.8,29.7,28.9,25.8,49.9,50.8,32.6,37.5,67.1,-13.8,N/A,N/A
Southern Miss,SB,33,11,96.9,108.9,0.2056,47.9,50.2,19.5,16.1,28.1,30.2,33.8,35.4,49.8,51.2,29.8,32.5,71,-16.9,N/A,N/A
IU Indy,Horz,32,10,109.6,123.3,0.2044,50.4,57,15.7,16,30.6,33.6,34.1,35.1,46.2,57.8,36.8,37.3,65.1,-17.5,N/A,N/A
Rider,MAAC,33,14,102.1,115.1,0.2025,47.7,53.1,17.2,16,32.2,30.7,29.6,27.3,48.1,52.8,31.2,35.7,65.1,-14.6,N/A,N/A
Loyola MD,Pat,31,12,100,112.8,0.2002,50.1,52.8,17.7,16.9,28.6,27.9,29.3,30.2,50.7,52.9,32.9,35.1,66.8,-16.1,N/A,N/A
Eastern Illinois,OVC,31,12,93.7,105.8,0.1985,44.1,51,18.7,20.8,30,30.9,33,39.7,42.6,50.2,31.7,34.7,66.4,-14.4,N/A,N/A
Charleston Southern,BSth,32,10,99.2,112.1,0.1965,48.7,53.4,19.9,13.5,31.2,28.2,43.9,33.3,50.7,55.4,30.7,32.4,67.8,-16.1,N/A,N/A
Army,Pat,33,17,100.3,113.4,0.1948,49.5,53.7,14.3,16,25.9,29.2,26.1,27.4,51.4,54.8,31.2,34.8,67.9,-12,N/A,N/A
VMI,SC,34,15,98.5,111.6,0.193,48.5,54.2,18,17.6,25.2,32.1,37.5,30.5,50.3,56.3,31,34.5,68.4,-14.7,N/A,N/A
Boston University,Pat,32,16,98.5,111.6,0.1915,50.2,52.4,20.6,16.7,32.5,23.4,30.7,32,50.7,51.2,33,36.1,63.5,-13.2,N/A,N/A
Coastal Carolina,SB,32,10,101.3,114.9,0.1907,49.4,48.6,18.4,10.5,29,28.7,34.4,36.9,47.7,48.5,34.8,32.5,63.4,-18.1,N/A,N/A
UMBC,AE,32,13,105.1,119.2,0.1903,55.2,54.1,15.9,17.4,19.4,33.7,31.6,27.9,53.8,54.2,38.4,35.8,70.7,-15.6,N/A,N/A
Long Beach St.,BW,32,7,100.6,114.1,0.1903,49.2,53.4,21.7,17.1,28.5,34.9,35.5,35.2,47,51.2,35.3,38.1,64.3,-19,N/A,N/A
Delaware St.,MEAC,30,16,101.1,114.7,0.1902,48.8,53.8,18.1,20,34,32.1,36.3,40.3,47.6,56.3,35.5,33.5,70.4,-10.9,N/A,N/A
Grambling St.,SWAC,34,12,95.8,108.7,0.19,47.3,49.3,19.2,18.3,26.3,31.1,35.1,31.3,46.9,47,32,35.7,64.1,-16.7,N/A,N/A
Binghamton,AE,32,15,98.8,112.2,0.1893,51.6,49.7,19.6,12.8,26.9,26.9,33.7,31.9,50.6,51.1,35.4,31.8,65.8,-14.1,N/A,N/A
Lindenwood,OVC,33,16,94.9,107.7,0.1879,45,50.7,17.9,19.4,30,31.5,36,34.7,47.6,50,26.7,34.6,69.7,-12.8,N/A,N/A
Morehead St.,OVC,32,15,98.3,112,0.1823,45.9,50.3,18.4,14.4,31.2,25.4,37.6,34.7,45.5,49.9,31.2,34.1,64.3,-13.1,N/A,N/A
Florida A&M,SWAC,31,14,102.2,116.5,0.1819,50.6,51.4,20.7,15.4,27.7,31.9,36.7,39.9,50.8,51.5,33.6,34.2,67.4,-10.8,N/A,N/A
North Carolina Central,MEAC,33,14,102.5,117,0.1797,50.1,54.8,19.2,21,34.6,38.8,39.8,42,49.9,57.6,33.7,32.7,67.2,-15.3,N/A,N/A
Alcorn St.,SWAC,32,11,97.6,111.5,0.1787,46.1,53,19.6,18.3,33.6,32.5,30.4,31.5,45.4,54.6,31.8,34.1,65,-14.9,N/A,N/A
Southern Utah,WAC,31,12,96.1,109.7,0.1781,46.8,49.9,21.6,15.1,30.1,32,36.2,33,47.2,49.8,30.5,33.3,69.2,-13.5,N/A,N/A
Green Bay,Horz,32,4,101.1,115.6,0.1767,50.9,54.8,18,14.6,18.4,32,37,35.4,52.2,54.1,32.9,37.3,69.3,-22.6,N/A,N/A
Stonehill,NEC,32,15,100.5,115,0.1745,51.1,50.9,18.3,16.2,26.4,29.4,31.4,32.7,49.4,50.1,35.4,34.9,65.4,-13.7,N/A,N/A
Niagara,MAAC,31,11,100.9,115.5,0.1742,52,53,18.6,16.8,23.6,27.3,30.4,29.8,51.8,51.8,34.9,36.7,65.1,-16.7,N/A,N/A
Holy Cross,Pat,32,13,101,116.1,0.1672,53.1,53.5,17.9,13.6,23.3,27,22.2,25.4,49.6,54.5,38.6,34.5,66.1,-15.5,N/A,N/A
Mercyhurst,NEC,31,15,100.4,116,0.1599,48.6,55,16.4,20.3,22.2,33.3,30.9,38.3,45.8,56,35.7,35.7,64.8,-12.6,N/A,N/A
Stony Brook,CAA,32,8,101.6,117.8,0.1542,47.7,56,18.3,14.9,29.5,31.2,31.6,28.4,45.7,57.2,33.8,36.3,64.7,-19.5,N/A,N/A
USC Upstate,BSth,32,6,99.2,115.1,0.1531,49.8,56.1,19,16.6,25.3,32.4,30.4,39.5,53.1,58.3,29.4,35.2,73,-21,N/A,N/A
Fairfield,MAAC,32,12,97.5,113.3,0.1522,46.3,53.7,15.5,18.2,28.6,31,25.4,31,45.8,53.4,31.5,36,66.1,-16.9,N/A,N/A
Southern Indiana,OVC,30,10,98.7,114.9,0.1495,47.9,51.8,17.2,16.7,27.9,31.3,30.7,35.6,45.4,50,35.2,36.7,67.2,-17.4,N/A,N/A
Morgan St.,MEAC,32,14,100.5,117.2,0.1465,49,52.4,17.9,17,34.1,36.9,35.7,39.1,49.5,51,31.6,36.8,70.7,-14.4,N/A,N/A
North Carolina A&T,CAA,32,7,96.6,112.8,0.1437,45.8,51.5,15.4,15.3,27,31.4,31.2,30,46.3,52.4,30,33.3,69.5,-20.1,N/A,N/A
Wagner,NEC,30,14,93.1,108.8,0.1431,43.7,50.4,19.4,18.2,31.7,25,29.3,39.9,41.5,50.8,31.6,33.2,60.4,-13,N/A,N/A
Bellarmine,ASun,31,5,103.4,121.1,0.1402,53.7,58.1,17.4,15.4,20.2,30,26.5,34.9,53.9,57.8,35.6,39,66.5,-21.3,N/A,N/A
Western Illinois,OVC,31,12,99.7,116.9,0.1381,50.1,51.1,18.2,14.4,28.1,31.8,27.2,30.6,46.7,50.2,37.3,35.1,64.6,-16.2,N/A,N/A
Western Carolina,SC,30,8,95.6,112.4,0.1346,45.4,51.1,19,13.5,25.7,29.4,27,34,46.3,52.8,29.7,32.6,70.7,-16.6,N/A,N/A
New Orleans,Slnd,31,4,99.6,117.4,0.1318,45.9,54.9,18.8,16.1,31.6,35.5,33.9,26.6,46,55.1,30.4,36.4,69.5,-19.4,N/A,N/A
Detroit Mercy,Horz,32,8,95.2,112.3,0.1303,45.6,51.2,19.1,15.5,31.9,30.5,28.9,39.8,43.9,52.4,33.3,33.2,67.3,-18.8,N/A,N/A
Louisiana Monroe,SB,32,7,96.9,114.6,0.1271,45,53.6,17.1,16.1,29,32.5,31.1,25.1,43.1,55.8,32.5,34,68,-20.7,N/A,N/A
Buffalo,MAC,31,9,95.9,113.5,0.125,48.8,54.2,19.5,16.2,24.8,31.3,32.7,31.2,51.3,53.4,30.5,37.2,70.9,-17.2,N/A,N/A
Le Moyne,NEC,32,9,103,122.2,0.1229,51.5,54.7,19.6,16.3,25.7,32.9,37.7,36.9,53.2,54.1,32.8,37,68.9,-19.1,N/A,N/A
West Georgia,ASun,31,6,96.9,115.1,0.1213,47.2,56.1,16.3,16.6,26.1,29.2,28.8,36.3,48.4,56.9,29.7,36.8,68.3,-20.4,N/A,N/A
Northern Illinois,MAC,31,6,94.4,112.2,0.1203,47.1,53.2,16.3,16.6,17.8,30.8,31.6,44,45.3,51,32.7,38,69.1,-20.8,N/A,N/A
Sacramento St.,BSky,32,7,95.5,113.9,0.1157,48,55.1,20.3,17.1,27.4,27.6,31.3,39.2,49.1,55.2,31.2,36.6,65.7,-20.8,N/A,N/A
Central Arkansas,ASun,33,9,97.4,117.4,0.1048,47.4,56.8,18.2,16.7,28.6,30,28.8,22.6,50.2,55.4,29.6,38.7,66.6,-18.3,N/A,N/A
NJIT,AE,31,6,94.3,113.8,0.1029,45.3,50,18,13.8,27.7,31.8,27.4,38.6,45,51.9,30.5,31,66.6,-21.5,N/A,N/A
Stetson,ASun,32,8,98.9,119.8,0.0997,50.2,53.1,18.7,13.1,24.1,34.3,33.1,27.7,50.2,52.6,33.5,35.9,67.9,-19.5,N/A,N/A
Canisius,MAAC,31,3,99.4,121.2,0.0927,51.2,56.9,18.5,16.4,18.3,34.3,23.3,31.4,48.4,58.7,36.7,36.2,66.4,-23.2,N/A,N/A
Cal St. Fullerton,BW,32,6,91.9,112.4,0.09,44.2,54.3,21.3,16.1,25.9,29.8,39.2,34.1,46.1,55.9,27,34.9,68.4,-19.5,N/A,N/A
Prairie View A&M,SWAC,32,5,96.3,117.9,0.0887,48.2,56.2,16.7,20,24.5,39.1,33.8,40.5,48.6,57.6,31.5,35.7,70.5,-21.2,N/A,N/A
New Hampshire,AE,32,8,94.1,115.2,0.0885,47.1,54.4,19,16.9,27.4,31.6,26.4,33,46.8,56.4,31.7,34.1,67.9,-20.3,N/A,N/A
Alabama A&M,SWAC,32,10,92.9,114.9,0.0798,45.1,54.3,21.9,21,33.9,34.6,38.6,46.7,44.3,51.8,30.8,39,71,-18.7,N/A,N/A
Maryland Eastern Shore,MEAC,31,6,95.3,119,0.0724,45.7,55.3,19.7,15.5,27.1,34.1,35.6,40.6,44.7,58.6,31.5,33.3,66.4,-19.3,N/A,N/A
The Citadel,SC,30,5,94,117.6,0.0705,46.9,54.5,19.5,15.2,27.2,32,32.8,32.8,49.5,56.3,29.2,34.7,64.8,-21.4,N/A,N/A
Chicago St.,NEC,32,4,92.8,116.4,0.0688,44.4,54.9,18.5,18.2,22.6,33.6,26.8,36.9,43.4,55.7,30.6,35.8,68.8,-21.7,N/A,N/A
Arkansas Pine Bluff,SWAC,31,6,95.3,121.8,0.0563,50.3,56.3,20.4,16.8,26.3,34.6,32.8,40.5,52.6,58.5,31,35.7,71.8,-20,N/A,N/A
Coppin St.,MEAC,30,6,88,112.6,0.0556,44,55.6,21.6,20.5,26.5,33.9,36.4,37.1,44.2,56.3,29,36.3,68.2,-19,N/A,N/A
Mississippi Valley St.,SWAC,31,3,83.1,125.3,0.0088,42.1,57.9,24.3,15,22.7,38,30.3,38.4,41.6,58.8,28.8,37.7,65.1,-21,N/A,N/A